"fraction","iteration","taxon_from","taxon_to","weight"
0.4,1,"1","V1",-1
0.4,1,"1","V2",0
0.4,1,"1","V3",0
0.4,1,"1","V4",0
0.4,1,"1","V5",0
0.4,1,"1","V6",0
0.4,1,"1","V7",0
0.4,1,"1","V8",0
0.4,1,"1","V9",0
0.4,1,"1","V10",0
0.4,1,"1","V11",0
0.4,1,"1","V12",0
0.4,1,"1","V13",0
0.4,1,"1","V14",0
0.4,1,"1","V15",0
0.4,1,"1","V16",0
0.4,1,"1","V17",0
0.4,1,"1","V18",0
0.4,1,"1","V19",0
0.4,1,"1","V20",0
0.4,1,"1","V21",0
0.4,1,"1","V22",0
0.4,1,"1","V23",0
0.4,1,"1","V24",0
0.4,1,"1","V25",0
0.4,1,"1","V26",0
0.4,1,"1","V27",0
0.4,1,"1","V28",0
0.4,1,"1","V29",0
0.4,1,"1","V30",0
0.4,1,"1","V31",0
0.4,1,"1","V32",0
0.4,1,"1","V33",0
0.4,1,"1","V34",0
0.4,1,"1","V35",0
0.4,1,"1","V36",0
0.4,1,"1","V37",0
0.4,1,"1","V38",0
0.4,1,"1","V39",0
0.4,1,"1","V40",0
0.4,1,"1","V41",0
0.4,1,"1","V42",0
0.4,1,"1","V43",0
0.4,1,"1","V44",0
0.4,1,"1","V45",0
0.4,1,"1","V46",0
0.4,1,"1","V47",0
0.4,1,"1","V48",0
0.4,1,"1","V49",0
0.4,1,"1","V50",0
0.4,1,"1","V51",0
0.4,1,"1","V52",0
0.4,1,"1","V53",0
0.4,1,"1","V54",0
0.4,1,"1","V55",0
0.4,1,"1","V56",0
0.4,1,"1","V57",0
0.4,1,"1","V58",0
0.4,1,"1","V59",0
0.4,1,"1","V60",0
0.4,1,"1","V61",0
0.4,1,"1","V62",0
0.4,1,"1","V63",0
0.4,1,"1","V64",0
0.4,1,"1","V65",0
0.4,1,"1","V66",0
0.4,1,"1","V67",0
0.4,1,"1","V68",0
0.4,1,"1","V69",0
0.4,1,"1","V70",0
0.4,1,"1","V71",0
0.4,1,"1","V72",0
0.4,1,"1","V73",0
0.4,1,"1","V74",0
0.4,1,"1","V75",0
0.4,1,"1","V76",0
0.4,1,"1","V77",0
0.4,1,"1","V78",0
0.4,1,"1","V79",0
0.4,1,"1","V80",0
0.4,1,"1","V81",0
0.4,1,"1","V82",0
0.4,1,"1","V83",0
0.4,1,"1","V84",0
0.4,1,"1","V85",0
0.4,1,"1","V86",0
0.4,1,"1","V87",0
0.4,1,"1","V88",0
0.4,1,"1","V89",0
0.4,1,"1","V90",0
0.4,1,"2","V1",0
0.4,1,"2","V2",-1
0.4,1,"2","V3",0
0.4,1,"2","V4",0
0.4,1,"2","V5",0
0.4,1,"2","V6",0
0.4,1,"2","V7",0
0.4,1,"2","V8",0
0.4,1,"2","V9",0
0.4,1,"2","V10",0
0.4,1,"2","V11",0
0.4,1,"2","V12",0
0.4,1,"2","V13",0
0.4,1,"2","V14",0
0.4,1,"2","V15",0
0.4,1,"2","V16",0
0.4,1,"2","V17",0
0.4,1,"2","V18",0
0.4,1,"2","V19",0
0.4,1,"2","V20",0
0.4,1,"2","V21",0
0.4,1,"2","V22",0
0.4,1,"2","V23",0
0.4,1,"2","V24",0
0.4,1,"2","V25",0
0.4,1,"2","V26",0
0.4,1,"2","V27",0
0.4,1,"2","V28",0
0.4,1,"2","V29",0
0.4,1,"2","V30",0
0.4,1,"2","V31",0
0.4,1,"2","V32",0
0.4,1,"2","V33",0
0.4,1,"2","V34",0
0.4,1,"2","V35",0
0.4,1,"2","V36",0
0.4,1,"2","V37",0
0.4,1,"2","V38",0
0.4,1,"2","V39",0
0.4,1,"2","V40",0
0.4,1,"2","V41",0
0.4,1,"2","V42",0
0.4,1,"2","V43",0
0.4,1,"2","V44",0
0.4,1,"2","V45",0
0.4,1,"2","V46",0
0.4,1,"2","V47",0
0.4,1,"2","V48",0
0.4,1,"2","V49",0
0.4,1,"2","V50",0
0.4,1,"2","V51",0
0.4,1,"2","V52",0
0.4,1,"2","V53",0
0.4,1,"2","V54",0
0.4,1,"2","V55",0
0.4,1,"2","V56",0
0.4,1,"2","V57",0
0.4,1,"2","V58",0
0.4,1,"2","V59",0
0.4,1,"2","V60",0
0.4,1,"2","V61",0
0.4,1,"2","V62",0
0.4,1,"2","V63",0
0.4,1,"2","V64",0
0.4,1,"2","V65",0
0.4,1,"2","V66",0
0.4,1,"2","V67",0
0.4,1,"2","V68",0
0.4,1,"2","V69",0
0.4,1,"2","V70",0
0.4,1,"2","V71",0
0.4,1,"2","V72",0
0.4,1,"2","V73",0
0.4,1,"2","V74",0
0.4,1,"2","V75",0
0.4,1,"2","V76",0
0.4,1,"2","V77",0
0.4,1,"2","V78",0
0.4,1,"2","V79",0
0.4,1,"2","V80",0
0.4,1,"2","V81",0
0.4,1,"2","V82",0
0.4,1,"2","V83",0
0.4,1,"2","V84",0
0.4,1,"2","V85",0
0.4,1,"2","V86",0
0.4,1,"2","V87",0
0.4,1,"2","V88",0
0.4,1,"2","V89",0
0.4,1,"2","V90",0
0.4,1,"3","V1",0
0.4,1,"3","V2",0
0.4,1,"3","V3",-1
0.4,1,"3","V4",0
0.4,1,"3","V5",0
0.4,1,"3","V6",0
0.4,1,"3","V7",0
0.4,1,"3","V8",0
0.4,1,"3","V9",0
0.4,1,"3","V10",0
0.4,1,"3","V11",0
0.4,1,"3","V12",0
0.4,1,"3","V13",0
0.4,1,"3","V14",0
0.4,1,"3","V15",0
0.4,1,"3","V16",0
0.4,1,"3","V17",0
0.4,1,"3","V18",0
0.4,1,"3","V19",0
0.4,1,"3","V20",0
0.4,1,"3","V21",0
0.4,1,"3","V22",0
0.4,1,"3","V23",0
0.4,1,"3","V24",0
0.4,1,"3","V25",0
0.4,1,"3","V26",0
0.4,1,"3","V27",0
0.4,1,"3","V28",0
0.4,1,"3","V29",0
0.4,1,"3","V30",0
0.4,1,"3","V31",0
0.4,1,"3","V32",0
0.4,1,"3","V33",0
0.4,1,"3","V34",0
0.4,1,"3","V35",0
0.4,1,"3","V36",0
0.4,1,"3","V37",0
0.4,1,"3","V38",0
0.4,1,"3","V39",0
0.4,1,"3","V40",0
0.4,1,"3","V41",0
0.4,1,"3","V42",0
0.4,1,"3","V43",0
0.4,1,"3","V44",0
0.4,1,"3","V45",0
0.4,1,"3","V46",0
0.4,1,"3","V47",0
0.4,1,"3","V48",0
0.4,1,"3","V49",0
0.4,1,"3","V50",0
0.4,1,"3","V51",0
0.4,1,"3","V52",0
0.4,1,"3","V53",0
0.4,1,"3","V54",0
0.4,1,"3","V55",0
0.4,1,"3","V56",0
0.4,1,"3","V57",0
0.4,1,"3","V58",0
0.4,1,"3","V59",0
0.4,1,"3","V60",0
0.4,1,"3","V61",0
0.4,1,"3","V62",0
0.4,1,"3","V63",0
0.4,1,"3","V64",0
0.4,1,"3","V65",0
0.4,1,"3","V66",0
0.4,1,"3","V67",0
0.4,1,"3","V68",0
0.4,1,"3","V69",0
0.4,1,"3","V70",0
0.4,1,"3","V71",0
0.4,1,"3","V72",0
0.4,1,"3","V73",0
0.4,1,"3","V74",0
0.4,1,"3","V75",0
0.4,1,"3","V76",0
0.4,1,"3","V77",0
0.4,1,"3","V78",0
0.4,1,"3","V79",0
0.4,1,"3","V80",0
0.4,1,"3","V81",0
0.4,1,"3","V82",0
0.4,1,"3","V83",0
0.4,1,"3","V84",0
0.4,1,"3","V85",0
0.4,1,"3","V86",0
0.4,1,"3","V87",0
0.4,1,"3","V88",0
0.4,1,"3","V89",0
0.4,1,"3","V90",0
0.4,1,"4","V1",0
0.4,1,"4","V2",0
0.4,1,"4","V3",0
0.4,1,"4","V4",-1
0.4,1,"4","V5",0
0.4,1,"4","V6",0.00516312411207886
0.4,1,"4","V7",0
0.4,1,"4","V8",0
0.4,1,"4","V9",0
0.4,1,"4","V10",0
0.4,1,"4","V11",0.0352955654396134
0.4,1,"4","V12",0
0.4,1,"4","V13",0
0.4,1,"4","V14",0
0.4,1,"4","V15",0
0.4,1,"4","V16",0
0.4,1,"4","V17",0
0.4,1,"4","V18",0
0.4,1,"4","V19",0
0.4,1,"4","V20",0
0.4,1,"4","V21",0
0.4,1,"4","V22",0
0.4,1,"4","V23",0
0.4,1,"4","V24",0
0.4,1,"4","V25",0
0.4,1,"4","V26",0
0.4,1,"4","V27",0.00794706810086431
0.4,1,"4","V28",0
0.4,1,"4","V29",0
0.4,1,"4","V30",0
0.4,1,"4","V31",0
0.4,1,"4","V32",0
0.4,1,"4","V33",0
0.4,1,"4","V34",0
0.4,1,"4","V35",0
0.4,1,"4","V36",0
0.4,1,"4","V37",0
0.4,1,"4","V38",0
0.4,1,"4","V39",0
0.4,1,"4","V40",0.0516828214541039
0.4,1,"4","V41",0
0.4,1,"4","V42",0
0.4,1,"4","V43",0
0.4,1,"4","V44",0
0.4,1,"4","V45",0
0.4,1,"4","V46",0
0.4,1,"4","V47",0
0.4,1,"4","V48",0
0.4,1,"4","V49",0
0.4,1,"4","V50",0
0.4,1,"4","V51",0
0.4,1,"4","V52",0
0.4,1,"4","V53",0
0.4,1,"4","V54",0
0.4,1,"4","V55",0
0.4,1,"4","V56",0
0.4,1,"4","V57",0
0.4,1,"4","V58",0
0.4,1,"4","V59",0
0.4,1,"4","V60",0
0.4,1,"4","V61",0
0.4,1,"4","V62",0
0.4,1,"4","V63",0
0.4,1,"4","V64",0
0.4,1,"4","V65",0
0.4,1,"4","V66",0
0.4,1,"4","V67",0
0.4,1,"4","V68",0
0.4,1,"4","V69",0
0.4,1,"4","V70",0
0.4,1,"4","V71",0
0.4,1,"4","V72",0
0.4,1,"4","V73",0
0.4,1,"4","V74",0
0.4,1,"4","V75",0
0.4,1,"4","V76",0
0.4,1,"4","V77",0
0.4,1,"4","V78",0.00034708109254211
0.4,1,"4","V79",0
0.4,1,"4","V80",0
0.4,1,"4","V81",0
0.4,1,"4","V82",0.00873864116977031
0.4,1,"4","V83",0
0.4,1,"4","V84",0
0.4,1,"4","V85",0
0.4,1,"4","V86",0.153013763956772
0.4,1,"4","V87",0
0.4,1,"4","V88",0
0.4,1,"4","V89",0
0.4,1,"4","V90",0
0.4,1,"5","V1",0
0.4,1,"5","V2",0
0.4,1,"5","V3",0
0.4,1,"5","V4",0
0.4,1,"5","V5",-1
0.4,1,"5","V6",0
0.4,1,"5","V7",0
0.4,1,"5","V8",0
0.4,1,"5","V9",0
0.4,1,"5","V10",0
0.4,1,"5","V11",0
0.4,1,"5","V12",0
0.4,1,"5","V13",0
0.4,1,"5","V14",0
0.4,1,"5","V15",0
0.4,1,"5","V16",0
0.4,1,"5","V17",0
0.4,1,"5","V18",0
0.4,1,"5","V19",0
0.4,1,"5","V20",0
0.4,1,"5","V21",0
0.4,1,"5","V22",0
0.4,1,"5","V23",0
0.4,1,"5","V24",0
0.4,1,"5","V25",0
0.4,1,"5","V26",0
0.4,1,"5","V27",0
0.4,1,"5","V28",0
0.4,1,"5","V29",0
0.4,1,"5","V30",0
0.4,1,"5","V31",0
0.4,1,"5","V32",0
0.4,1,"5","V33",0
0.4,1,"5","V34",0
0.4,1,"5","V35",0
0.4,1,"5","V36",0
0.4,1,"5","V37",0
0.4,1,"5","V38",0
0.4,1,"5","V39",0
0.4,1,"5","V40",0
0.4,1,"5","V41",0
0.4,1,"5","V42",0
0.4,1,"5","V43",0
0.4,1,"5","V44",0
0.4,1,"5","V45",0
0.4,1,"5","V46",0
0.4,1,"5","V47",0
0.4,1,"5","V48",0
0.4,1,"5","V49",0
0.4,1,"5","V50",0
0.4,1,"5","V51",0
0.4,1,"5","V52",0
0.4,1,"5","V53",0
0.4,1,"5","V54",0
0.4,1,"5","V55",0
0.4,1,"5","V56",0
0.4,1,"5","V57",0
0.4,1,"5","V58",0
0.4,1,"5","V59",0
0.4,1,"5","V60",0
0.4,1,"5","V61",0
0.4,1,"5","V62",0
0.4,1,"5","V63",0
0.4,1,"5","V64",0
0.4,1,"5","V65",0
0.4,1,"5","V66",0
0.4,1,"5","V67",0
0.4,1,"5","V68",0
0.4,1,"5","V69",0
0.4,1,"5","V70",0
0.4,1,"5","V71",0
0.4,1,"5","V72",0
0.4,1,"5","V73",0
0.4,1,"5","V74",0
0.4,1,"5","V75",0
0.4,1,"5","V76",0
0.4,1,"5","V77",0
0.4,1,"5","V78",0
0.4,1,"5","V79",0
0.4,1,"5","V80",0
0.4,1,"5","V81",0
0.4,1,"5","V82",0
0.4,1,"5","V83",0
0.4,1,"5","V84",0
0.4,1,"5","V85",0
0.4,1,"5","V86",0
0.4,1,"5","V87",0
0.4,1,"5","V88",0
0.4,1,"5","V89",0
0.4,1,"5","V90",0
0.4,1,"6","V1",0
0.4,1,"6","V2",0
0.4,1,"6","V3",0
0.4,1,"6","V4",0
0.4,1,"6","V5",0.0831533010565654
0.4,1,"6","V6",-1
0.4,1,"6","V7",0
0.4,1,"6","V8",1.65991820400507
0.4,1,"6","V9",0
0.4,1,"6","V10",0
0.4,1,"6","V11",0
0.4,1,"6","V12",0.0785251110460147
0.4,1,"6","V13",0
0.4,1,"6","V14",0.0648109553792798
0.4,1,"6","V15",0
0.4,1,"6","V16",0
0.4,1,"6","V17",0
0.4,1,"6","V18",0
0.4,1,"6","V19",0
0.4,1,"6","V20",0
0.4,1,"6","V21",0
0.4,1,"6","V22",0.0133669964895917
0.4,1,"6","V23",0.298513962790122
0.4,1,"6","V24",0.0680287773173303
0.4,1,"6","V25",0
0.4,1,"6","V26",0
0.4,1,"6","V27",0
0.4,1,"6","V28",0
0.4,1,"6","V29",0
0.4,1,"6","V30",0
0.4,1,"6","V31",0
0.4,1,"6","V32",0
0.4,1,"6","V33",0
0.4,1,"6","V34",0
0.4,1,"6","V35",0
0.4,1,"6","V36",0
0.4,1,"6","V37",0
0.4,1,"6","V38",0
0.4,1,"6","V39",0
0.4,1,"6","V40",0
0.4,1,"6","V41",0
0.4,1,"6","V42",0
0.4,1,"6","V43",0
0.4,1,"6","V44",0
0.4,1,"6","V45",0
0.4,1,"6","V46",0
0.4,1,"6","V47",0
0.4,1,"6","V48",0
0.4,1,"6","V49",0
0.4,1,"6","V50",0
0.4,1,"6","V51",0
0.4,1,"6","V52",0
0.4,1,"6","V53",0
0.4,1,"6","V54",0
0.4,1,"6","V55",0
0.4,1,"6","V56",0
0.4,1,"6","V57",0
0.4,1,"6","V58",0
0.4,1,"6","V59",0
0.4,1,"6","V60",0
0.4,1,"6","V61",0
0.4,1,"6","V62",0
0.4,1,"6","V63",0
0.4,1,"6","V64",0
0.4,1,"6","V65",0
0.4,1,"6","V66",0
0.4,1,"6","V67",0.479249719953152
0.4,1,"6","V68",0
0.4,1,"6","V69",0
0.4,1,"6","V70",0.22027131677076
0.4,1,"6","V71",0
0.4,1,"6","V72",0
0.4,1,"6","V73",0
0.4,1,"6","V74",0
0.4,1,"6","V75",0
0.4,1,"6","V76",0
0.4,1,"6","V77",2.17533643684344
0.4,1,"6","V78",0
0.4,1,"6","V79",0
0.4,1,"6","V80",0
0.4,1,"6","V81",0
0.4,1,"6","V82",0
0.4,1,"6","V83",0
0.4,1,"6","V84",0
0.4,1,"6","V85",0
0.4,1,"6","V86",0
0.4,1,"6","V87",0
0.4,1,"6","V88",0
0.4,1,"6","V89",0
0.4,1,"6","V90",0
0.4,1,"7","V1",0
0.4,1,"7","V2",0
0.4,1,"7","V3",0
0.4,1,"7","V4",0
0.4,1,"7","V5",0
0.4,1,"7","V6",0
0.4,1,"7","V7",-1
0.4,1,"7","V8",0
0.4,1,"7","V9",0
0.4,1,"7","V10",0
0.4,1,"7","V11",0
0.4,1,"7","V12",0
0.4,1,"7","V13",0
0.4,1,"7","V14",0
0.4,1,"7","V15",0
0.4,1,"7","V16",-0.0019193198818867
0.4,1,"7","V17",0
0.4,1,"7","V18",0
0.4,1,"7","V19",0.00315615556662406
0.4,1,"7","V20",0
0.4,1,"7","V21",0
0.4,1,"7","V22",0
0.4,1,"7","V23",0
0.4,1,"7","V24",0
0.4,1,"7","V25",0
0.4,1,"7","V26",0
0.4,1,"7","V27",0
0.4,1,"7","V28",0
0.4,1,"7","V29",0
0.4,1,"7","V30",0
0.4,1,"7","V31",0
0.4,1,"7","V32",0
0.4,1,"7","V33",0
0.4,1,"7","V34",0
0.4,1,"7","V35",0
0.4,1,"7","V36",0
0.4,1,"7","V37",0
0.4,1,"7","V38",0
0.4,1,"7","V39",0
0.4,1,"7","V40",0
0.4,1,"7","V41",0
0.4,1,"7","V42",0
0.4,1,"7","V43",0
0.4,1,"7","V44",0
0.4,1,"7","V45",0
0.4,1,"7","V46",0
0.4,1,"7","V47",0
0.4,1,"7","V48",0
0.4,1,"7","V49",0
0.4,1,"7","V50",0
0.4,1,"7","V51",0
0.4,1,"7","V52",0
0.4,1,"7","V53",0
0.4,1,"7","V54",0
0.4,1,"7","V55",0
0.4,1,"7","V56",0
0.4,1,"7","V57",0
0.4,1,"7","V58",0
0.4,1,"7","V59",0
0.4,1,"7","V60",0.0228715709165165
0.4,1,"7","V61",0
0.4,1,"7","V62",0
0.4,1,"7","V63",0
0.4,1,"7","V64",0
0.4,1,"7","V65",0
0.4,1,"7","V66",0
0.4,1,"7","V67",0
0.4,1,"7","V68",0
0.4,1,"7","V69",0
0.4,1,"7","V70",0
0.4,1,"7","V71",0
0.4,1,"7","V72",0
0.4,1,"7","V73",0
0.4,1,"7","V74",0.0102252946849444
0.4,1,"7","V75",0
0.4,1,"7","V76",0
0.4,1,"7","V77",0
0.4,1,"7","V78",0
0.4,1,"7","V79",0
0.4,1,"7","V80",0
0.4,1,"7","V81",0
0.4,1,"7","V82",0
0.4,1,"7","V83",0
0.4,1,"7","V84",0.424852159782613
0.4,1,"7","V85",0
0.4,1,"7","V86",0
0.4,1,"7","V87",0
0.4,1,"7","V88",0
0.4,1,"7","V89",0
0.4,1,"7","V90",0
0.4,1,"8","V1",0
0.4,1,"8","V2",0
0.4,1,"8","V3",0
0.4,1,"8","V4",0
0.4,1,"8","V5",0
0.4,1,"8","V6",0.12329688498115
0.4,1,"8","V7",0
0.4,1,"8","V8",-1
0.4,1,"8","V9",0
0.4,1,"8","V10",0
0.4,1,"8","V11",0
0.4,1,"8","V12",0
0.4,1,"8","V13",0
0.4,1,"8","V14",0
0.4,1,"8","V15",0
0.4,1,"8","V16",0
0.4,1,"8","V17",0
0.4,1,"8","V18",0
0.4,1,"8","V19",0
0.4,1,"8","V20",0
0.4,1,"8","V21",0
0.4,1,"8","V22",0
0.4,1,"8","V23",0
0.4,1,"8","V24",0
0.4,1,"8","V25",0
0.4,1,"8","V26",-0.000656697354404646
0.4,1,"8","V27",0.0747452151050406
0.4,1,"8","V28",0
0.4,1,"8","V29",0
0.4,1,"8","V30",0
0.4,1,"8","V31",0
0.4,1,"8","V32",0
0.4,1,"8","V33",0
0.4,1,"8","V34",0
0.4,1,"8","V35",0
0.4,1,"8","V36",0
0.4,1,"8","V37",0
0.4,1,"8","V38",0
0.4,1,"8","V39",0
0.4,1,"8","V40",0
0.4,1,"8","V41",0
0.4,1,"8","V42",0
0.4,1,"8","V43",0
0.4,1,"8","V44",0
0.4,1,"8","V45",0
0.4,1,"8","V46",0
0.4,1,"8","V47",0
0.4,1,"8","V48",0
0.4,1,"8","V49",0
0.4,1,"8","V50",0
0.4,1,"8","V51",0
0.4,1,"8","V52",0
0.4,1,"8","V53",0
0.4,1,"8","V54",0
0.4,1,"8","V55",0
0.4,1,"8","V56",0
0.4,1,"8","V57",0
0.4,1,"8","V58",0
0.4,1,"8","V59",0
0.4,1,"8","V60",0
0.4,1,"8","V61",0
0.4,1,"8","V62",0
0.4,1,"8","V63",0
0.4,1,"8","V64",0
0.4,1,"8","V65",0
0.4,1,"8","V66",0
0.4,1,"8","V67",0
0.4,1,"8","V68",0
0.4,1,"8","V69",0.0149415779714255
0.4,1,"8","V70",0
0.4,1,"8","V71",0
0.4,1,"8","V72",0
0.4,1,"8","V73",0
0.4,1,"8","V74",0
0.4,1,"8","V75",0
0.4,1,"8","V76",0
0.4,1,"8","V77",0
0.4,1,"8","V78",0
0.4,1,"8","V79",0
0.4,1,"8","V80",0
0.4,1,"8","V81",0
0.4,1,"8","V82",0
0.4,1,"8","V83",0
0.4,1,"8","V84",1.40893947163819
0.4,1,"8","V85",0
0.4,1,"8","V86",0
0.4,1,"8","V87",0
0.4,1,"8","V88",0
0.4,1,"8","V89",0
0.4,1,"8","V90",0
0.4,1,"9","V1",0
0.4,1,"9","V2",0
0.4,1,"9","V3",0
0.4,1,"9","V4",0
0.4,1,"9","V5",0
0.4,1,"9","V6",0
0.4,1,"9","V7",0
0.4,1,"9","V8",0
0.4,1,"9","V9",-1
0.4,1,"9","V10",0
0.4,1,"9","V11",0
0.4,1,"9","V12",0
0.4,1,"9","V13",0
0.4,1,"9","V14",0
0.4,1,"9","V15",0
0.4,1,"9","V16",0
0.4,1,"9","V17",0
0.4,1,"9","V18",0
0.4,1,"9","V19",0
0.4,1,"9","V20",0
0.4,1,"9","V21",0
0.4,1,"9","V22",0
0.4,1,"9","V23",0
0.4,1,"9","V24",0
0.4,1,"9","V25",0
0.4,1,"9","V26",0
0.4,1,"9","V27",0
0.4,1,"9","V28",0
0.4,1,"9","V29",0
0.4,1,"9","V30",0
0.4,1,"9","V31",0
0.4,1,"9","V32",0
0.4,1,"9","V33",0
0.4,1,"9","V34",0
0.4,1,"9","V35",0
0.4,1,"9","V36",0
0.4,1,"9","V37",0
0.4,1,"9","V38",0
0.4,1,"9","V39",0
0.4,1,"9","V40",0
0.4,1,"9","V41",0
0.4,1,"9","V42",0
0.4,1,"9","V43",0
0.4,1,"9","V44",0
0.4,1,"9","V45",0
0.4,1,"9","V46",0
0.4,1,"9","V47",0
0.4,1,"9","V48",0
0.4,1,"9","V49",0
0.4,1,"9","V50",0
0.4,1,"9","V51",0
0.4,1,"9","V52",0
0.4,1,"9","V53",0
0.4,1,"9","V54",0
0.4,1,"9","V55",0
0.4,1,"9","V56",0
0.4,1,"9","V57",0
0.4,1,"9","V58",0
0.4,1,"9","V59",0
0.4,1,"9","V60",0
0.4,1,"9","V61",0
0.4,1,"9","V62",0
0.4,1,"9","V63",0
0.4,1,"9","V64",0
0.4,1,"9","V65",0
0.4,1,"9","V66",0
0.4,1,"9","V67",0
0.4,1,"9","V68",0
0.4,1,"9","V69",0
0.4,1,"9","V70",0
0.4,1,"9","V71",0
0.4,1,"9","V72",0
0.4,1,"9","V73",0
0.4,1,"9","V74",0
0.4,1,"9","V75",0
0.4,1,"9","V76",0
0.4,1,"9","V77",0
0.4,1,"9","V78",0
0.4,1,"9","V79",0
0.4,1,"9","V80",0
0.4,1,"9","V81",0
0.4,1,"9","V82",0
0.4,1,"9","V83",0
0.4,1,"9","V84",0
0.4,1,"9","V85",0
0.4,1,"9","V86",0
0.4,1,"9","V87",0
0.4,1,"9","V88",0
0.4,1,"9","V89",0
0.4,1,"9","V90",0
0.4,1,"10","V1",0
0.4,1,"10","V2",0
0.4,1,"10","V3",0
0.4,1,"10","V4",0
0.4,1,"10","V5",0
0.4,1,"10","V6",0
0.4,1,"10","V7",0
0.4,1,"10","V8",0
0.4,1,"10","V9",0
0.4,1,"10","V10",-1
0.4,1,"10","V11",0
0.4,1,"10","V12",0
0.4,1,"10","V13",0
0.4,1,"10","V14",0
0.4,1,"10","V15",0
0.4,1,"10","V16",0
0.4,1,"10","V17",0
0.4,1,"10","V18",0
0.4,1,"10","V19",0
0.4,1,"10","V20",0
0.4,1,"10","V21",0
0.4,1,"10","V22",0
0.4,1,"10","V23",0
0.4,1,"10","V24",0
0.4,1,"10","V25",0
0.4,1,"10","V26",0
0.4,1,"10","V27",0
0.4,1,"10","V28",0
0.4,1,"10","V29",0
0.4,1,"10","V30",0
0.4,1,"10","V31",0
0.4,1,"10","V32",0
0.4,1,"10","V33",0
0.4,1,"10","V34",0
0.4,1,"10","V35",0
0.4,1,"10","V36",0
0.4,1,"10","V37",0
0.4,1,"10","V38",0
0.4,1,"10","V39",0
0.4,1,"10","V40",0
0.4,1,"10","V41",0
0.4,1,"10","V42",0
0.4,1,"10","V43",0
0.4,1,"10","V44",0
0.4,1,"10","V45",0
0.4,1,"10","V46",0
0.4,1,"10","V47",0
0.4,1,"10","V48",0
0.4,1,"10","V49",0
0.4,1,"10","V50",0
0.4,1,"10","V51",0
0.4,1,"10","V52",0
0.4,1,"10","V53",0
0.4,1,"10","V54",0
0.4,1,"10","V55",0
0.4,1,"10","V56",0
0.4,1,"10","V57",0
0.4,1,"10","V58",0
0.4,1,"10","V59",0
0.4,1,"10","V60",0
0.4,1,"10","V61",0
0.4,1,"10","V62",0
0.4,1,"10","V63",0
0.4,1,"10","V64",0
0.4,1,"10","V65",0
0.4,1,"10","V66",0
0.4,1,"10","V67",0
0.4,1,"10","V68",0
0.4,1,"10","V69",0
0.4,1,"10","V70",0
0.4,1,"10","V71",0
0.4,1,"10","V72",0
0.4,1,"10","V73",0
0.4,1,"10","V74",0
0.4,1,"10","V75",0
0.4,1,"10","V76",0
0.4,1,"10","V77",0
0.4,1,"10","V78",0
0.4,1,"10","V79",0
0.4,1,"10","V80",0
0.4,1,"10","V81",0
0.4,1,"10","V82",0
0.4,1,"10","V83",0
0.4,1,"10","V84",0
0.4,1,"10","V85",0
0.4,1,"10","V86",0
0.4,1,"10","V87",0
0.4,1,"10","V88",0
0.4,1,"10","V89",0
0.4,1,"10","V90",0
0.4,1,"11","V1",0
0.4,1,"11","V2",0
0.4,1,"11","V3",0
0.4,1,"11","V4",0
0.4,1,"11","V5",0
0.4,1,"11","V6",0.028997934696339
0.4,1,"11","V7",0
0.4,1,"11","V8",0
0.4,1,"11","V9",0
0.4,1,"11","V10",0
0.4,1,"11","V11",-1
0.4,1,"11","V12",0.0039298568531044
0.4,1,"11","V13",0
0.4,1,"11","V14",0
0.4,1,"11","V15",0
0.4,1,"11","V16",0
0.4,1,"11","V17",0
0.4,1,"11","V18",0
0.4,1,"11","V19",0
0.4,1,"11","V20",0
0.4,1,"11","V21",0
0.4,1,"11","V22",0
0.4,1,"11","V23",0
0.4,1,"11","V24",0
0.4,1,"11","V25",0
0.4,1,"11","V26",0
0.4,1,"11","V27",0
0.4,1,"11","V28",0
0.4,1,"11","V29",0
0.4,1,"11","V30",0.0803472963170971
0.4,1,"11","V31",0
0.4,1,"11","V32",0
0.4,1,"11","V33",0
0.4,1,"11","V34",0
0.4,1,"11","V35",0
0.4,1,"11","V36",0
0.4,1,"11","V37",0
0.4,1,"11","V38",0
0.4,1,"11","V39",0
0.4,1,"11","V40",0
0.4,1,"11","V41",0
0.4,1,"11","V42",0
0.4,1,"11","V43",0
0.4,1,"11","V44",0
0.4,1,"11","V45",0
0.4,1,"11","V46",0
0.4,1,"11","V47",0
0.4,1,"11","V48",0
0.4,1,"11","V49",0
0.4,1,"11","V50",0
0.4,1,"11","V51",0
0.4,1,"11","V52",0
0.4,1,"11","V53",0
0.4,1,"11","V54",0
0.4,1,"11","V55",0
0.4,1,"11","V56",0
0.4,1,"11","V57",0
0.4,1,"11","V58",0
0.4,1,"11","V59",0
0.4,1,"11","V60",0
0.4,1,"11","V61",0
0.4,1,"11","V62",0
0.4,1,"11","V63",0
0.4,1,"11","V64",0
0.4,1,"11","V65",0
0.4,1,"11","V66",0
0.4,1,"11","V67",0
0.4,1,"11","V68",0
0.4,1,"11","V69",0
0.4,1,"11","V70",0
0.4,1,"11","V71",0
0.4,1,"11","V72",0
0.4,1,"11","V73",0
0.4,1,"11","V74",0
0.4,1,"11","V75",0
0.4,1,"11","V76",0
0.4,1,"11","V77",0
0.4,1,"11","V78",0.0161835950888012
0.4,1,"11","V79",0
0.4,1,"11","V80",0
0.4,1,"11","V81",0
0.4,1,"11","V82",0
0.4,1,"11","V83",0
0.4,1,"11","V84",0
0.4,1,"11","V85",0
0.4,1,"11","V86",0
0.4,1,"11","V87",0
0.4,1,"11","V88",0
0.4,1,"11","V89",0
0.4,1,"11","V90",0
0.4,1,"12","V1",0
0.4,1,"12","V2",0
0.4,1,"12","V3",0
0.4,1,"12","V4",0
0.4,1,"12","V5",0
0.4,1,"12","V6",0
0.4,1,"12","V7",0
0.4,1,"12","V8",0
0.4,1,"12","V9",0
0.4,1,"12","V10",0
0.4,1,"12","V11",0
0.4,1,"12","V12",-1
0.4,1,"12","V13",0
0.4,1,"12","V14",0
0.4,1,"12","V15",0
0.4,1,"12","V16",0
0.4,1,"12","V17",0
0.4,1,"12","V18",0
0.4,1,"12","V19",0
0.4,1,"12","V20",0
0.4,1,"12","V21",0
0.4,1,"12","V22",0
0.4,1,"12","V23",0
0.4,1,"12","V24",0
0.4,1,"12","V25",0
0.4,1,"12","V26",0
0.4,1,"12","V27",0
0.4,1,"12","V28",0
0.4,1,"12","V29",0
0.4,1,"12","V30",0
0.4,1,"12","V31",0
0.4,1,"12","V32",0
0.4,1,"12","V33",0
0.4,1,"12","V34",0
0.4,1,"12","V35",0
0.4,1,"12","V36",0
0.4,1,"12","V37",0
0.4,1,"12","V38",0
0.4,1,"12","V39",0
0.4,1,"12","V40",0
0.4,1,"12","V41",0
0.4,1,"12","V42",0
0.4,1,"12","V43",0
0.4,1,"12","V44",0
0.4,1,"12","V45",0
0.4,1,"12","V46",0
0.4,1,"12","V47",0
0.4,1,"12","V48",0
0.4,1,"12","V49",0
0.4,1,"12","V50",0
0.4,1,"12","V51",0
0.4,1,"12","V52",0
0.4,1,"12","V53",0
0.4,1,"12","V54",0
0.4,1,"12","V55",0
0.4,1,"12","V56",0
0.4,1,"12","V57",0
0.4,1,"12","V58",0
0.4,1,"12","V59",0
0.4,1,"12","V60",0
0.4,1,"12","V61",0
0.4,1,"12","V62",0
0.4,1,"12","V63",0
0.4,1,"12","V64",0
0.4,1,"12","V65",0
0.4,1,"12","V66",0
0.4,1,"12","V67",0
0.4,1,"12","V68",0
0.4,1,"12","V69",0
0.4,1,"12","V70",0
0.4,1,"12","V71",0
0.4,1,"12","V72",0
0.4,1,"12","V73",0
0.4,1,"12","V74",0
0.4,1,"12","V75",0
0.4,1,"12","V76",0
0.4,1,"12","V77",0
0.4,1,"12","V78",0
0.4,1,"12","V79",0
0.4,1,"12","V80",0
0.4,1,"12","V81",0
0.4,1,"12","V82",0
0.4,1,"12","V83",0
0.4,1,"12","V84",0
0.4,1,"12","V85",0
0.4,1,"12","V86",0
0.4,1,"12","V87",0
0.4,1,"12","V88",0
0.4,1,"12","V89",0
0.4,1,"12","V90",0
0.4,1,"13","V1",0
0.4,1,"13","V2",0
0.4,1,"13","V3",0
0.4,1,"13","V4",0
0.4,1,"13","V5",0
0.4,1,"13","V6",0.00269470732989338
0.4,1,"13","V7",6.34906047363208
0.4,1,"13","V8",0
0.4,1,"13","V9",0
0.4,1,"13","V10",0
0.4,1,"13","V11",0
0.4,1,"13","V12",0
0.4,1,"13","V13",-1
0.4,1,"13","V14",0
0.4,1,"13","V15",0
0.4,1,"13","V16",0
0.4,1,"13","V17",0
0.4,1,"13","V18",0
0.4,1,"13","V19",0
0.4,1,"13","V20",4.27455910121813
0.4,1,"13","V21",0
0.4,1,"13","V22",0
0.4,1,"13","V23",0
0.4,1,"13","V24",0
0.4,1,"13","V25",0
0.4,1,"13","V26",0
0.4,1,"13","V27",0
0.4,1,"13","V28",0
0.4,1,"13","V29",0
0.4,1,"13","V30",0
0.4,1,"13","V31",0
0.4,1,"13","V32",7.62543726915503
0.4,1,"13","V33",0
0.4,1,"13","V34",0
0.4,1,"13","V35",0
0.4,1,"13","V36",0
0.4,1,"13","V37",0
0.4,1,"13","V38",0
0.4,1,"13","V39",0
0.4,1,"13","V40",0
0.4,1,"13","V41",0
0.4,1,"13","V42",0
0.4,1,"13","V43",0
0.4,1,"13","V44",0
0.4,1,"13","V45",0
0.4,1,"13","V46",0.0382880073977575
0.4,1,"13","V47",0
0.4,1,"13","V48",0
0.4,1,"13","V49",0
0.4,1,"13","V50",0
0.4,1,"13","V51",0
0.4,1,"13","V52",0
0.4,1,"13","V53",0
0.4,1,"13","V54",0
0.4,1,"13","V55",0
0.4,1,"13","V56",0
0.4,1,"13","V57",0
0.4,1,"13","V58",0
0.4,1,"13","V59",0
0.4,1,"13","V60",0
0.4,1,"13","V61",0
0.4,1,"13","V62",0
0.4,1,"13","V63",0
0.4,1,"13","V64",0
0.4,1,"13","V65",0
0.4,1,"13","V66",0
0.4,1,"13","V67",0
0.4,1,"13","V68",0
0.4,1,"13","V69",0
0.4,1,"13","V70",0
0.4,1,"13","V71",0
0.4,1,"13","V72",0
0.4,1,"13","V73",0
0.4,1,"13","V74",0
0.4,1,"13","V75",0
0.4,1,"13","V76",0
0.4,1,"13","V77",0
0.4,1,"13","V78",0
0.4,1,"13","V79",0
0.4,1,"13","V80",0
0.4,1,"13","V81",0
0.4,1,"13","V82",0
0.4,1,"13","V83",0
0.4,1,"13","V84",0
0.4,1,"13","V85",0
0.4,1,"13","V86",0
0.4,1,"13","V87",0
0.4,1,"13","V88",0
0.4,1,"13","V89",0
0.4,1,"13","V90",0
0.4,1,"14","V1",0
0.4,1,"14","V2",0
0.4,1,"14","V3",0
0.4,1,"14","V4",0
0.4,1,"14","V5",0
0.4,1,"14","V6",0
0.4,1,"14","V7",0
0.4,1,"14","V8",0
0.4,1,"14","V9",0
0.4,1,"14","V10",0
0.4,1,"14","V11",0
0.4,1,"14","V12",0
0.4,1,"14","V13",0
0.4,1,"14","V14",-1
0.4,1,"14","V15",0
0.4,1,"14","V16",0
0.4,1,"14","V17",0
0.4,1,"14","V18",0
0.4,1,"14","V19",0
0.4,1,"14","V20",0
0.4,1,"14","V21",0
0.4,1,"14","V22",0
0.4,1,"14","V23",0
0.4,1,"14","V24",0
0.4,1,"14","V25",0
0.4,1,"14","V26",0
0.4,1,"14","V27",0
0.4,1,"14","V28",0
0.4,1,"14","V29",0
0.4,1,"14","V30",0
0.4,1,"14","V31",0
0.4,1,"14","V32",0
0.4,1,"14","V33",0
0.4,1,"14","V34",0
0.4,1,"14","V35",0
0.4,1,"14","V36",0
0.4,1,"14","V37",0
0.4,1,"14","V38",0
0.4,1,"14","V39",0
0.4,1,"14","V40",0
0.4,1,"14","V41",0
0.4,1,"14","V42",0
0.4,1,"14","V43",0
0.4,1,"14","V44",0
0.4,1,"14","V45",0
0.4,1,"14","V46",0
0.4,1,"14","V47",0
0.4,1,"14","V48",0
0.4,1,"14","V49",0
0.4,1,"14","V50",0
0.4,1,"14","V51",0
0.4,1,"14","V52",0
0.4,1,"14","V53",0
0.4,1,"14","V54",0
0.4,1,"14","V55",0
0.4,1,"14","V56",0
0.4,1,"14","V57",0
0.4,1,"14","V58",0
0.4,1,"14","V59",0
0.4,1,"14","V60",0
0.4,1,"14","V61",0
0.4,1,"14","V62",0
0.4,1,"14","V63",0
0.4,1,"14","V64",0
0.4,1,"14","V65",0
0.4,1,"14","V66",0
0.4,1,"14","V67",0
0.4,1,"14","V68",0
0.4,1,"14","V69",0
0.4,1,"14","V70",0
0.4,1,"14","V71",0
0.4,1,"14","V72",0
0.4,1,"14","V73",0
0.4,1,"14","V74",0
0.4,1,"14","V75",0
0.4,1,"14","V76",0
0.4,1,"14","V77",0
0.4,1,"14","V78",0
0.4,1,"14","V79",0
0.4,1,"14","V80",0
0.4,1,"14","V81",0
0.4,1,"14","V82",0
0.4,1,"14","V83",0
0.4,1,"14","V84",0
0.4,1,"14","V85",0
0.4,1,"14","V86",0
0.4,1,"14","V87",0
0.4,1,"14","V88",0
0.4,1,"14","V89",0
0.4,1,"14","V90",0
0.4,1,"15","V1",0
0.4,1,"15","V2",0
0.4,1,"15","V3",0
0.4,1,"15","V4",0
0.4,1,"15","V5",0
0.4,1,"15","V6",0
0.4,1,"15","V7",0
0.4,1,"15","V8",0
0.4,1,"15","V9",0
0.4,1,"15","V10",0
0.4,1,"15","V11",0
0.4,1,"15","V12",0
0.4,1,"15","V13",0
0.4,1,"15","V14",0
0.4,1,"15","V15",-1
0.4,1,"15","V16",0
0.4,1,"15","V17",3.34676094991507
0.4,1,"15","V18",0
0.4,1,"15","V19",0
0.4,1,"15","V20",0
0.4,1,"15","V21",0
0.4,1,"15","V22",0
0.4,1,"15","V23",0
0.4,1,"15","V24",0
0.4,1,"15","V25",0
0.4,1,"15","V26",0
0.4,1,"15","V27",0
0.4,1,"15","V28",0
0.4,1,"15","V29",0
0.4,1,"15","V30",0
0.4,1,"15","V31",0
0.4,1,"15","V32",0
0.4,1,"15","V33",0
0.4,1,"15","V34",0
0.4,1,"15","V35",0
0.4,1,"15","V36",0
0.4,1,"15","V37",0
0.4,1,"15","V38",0
0.4,1,"15","V39",0
0.4,1,"15","V40",0
0.4,1,"15","V41",0
0.4,1,"15","V42",0
0.4,1,"15","V43",0
0.4,1,"15","V44",0
0.4,1,"15","V45",0
0.4,1,"15","V46",0
0.4,1,"15","V47",0
0.4,1,"15","V48",0
0.4,1,"15","V49",0
0.4,1,"15","V50",0
0.4,1,"15","V51",0
0.4,1,"15","V52",0
0.4,1,"15","V53",0
0.4,1,"15","V54",0
0.4,1,"15","V55",0
0.4,1,"15","V56",0
0.4,1,"15","V57",0
0.4,1,"15","V58",0
0.4,1,"15","V59",0
0.4,1,"15","V60",0
0.4,1,"15","V61",0
0.4,1,"15","V62",0
0.4,1,"15","V63",0
0.4,1,"15","V64",0
0.4,1,"15","V65",0
0.4,1,"15","V66",0
0.4,1,"15","V67",0
0.4,1,"15","V68",0
0.4,1,"15","V69",0
0.4,1,"15","V70",0
0.4,1,"15","V71",0
0.4,1,"15","V72",0
0.4,1,"15","V73",0
0.4,1,"15","V74",0
0.4,1,"15","V75",0
0.4,1,"15","V76",0
0.4,1,"15","V77",0
0.4,1,"15","V78",0
0.4,1,"15","V79",0
0.4,1,"15","V80",0
0.4,1,"15","V81",0
0.4,1,"15","V82",0
0.4,1,"15","V83",0
0.4,1,"15","V84",0
0.4,1,"15","V85",0
0.4,1,"15","V86",0
0.4,1,"15","V87",0
0.4,1,"15","V88",0
0.4,1,"15","V89",0
0.4,1,"15","V90",0
0.4,1,"16","V1",0
0.4,1,"16","V2",0
0.4,1,"16","V3",0
0.4,1,"16","V4",0
0.4,1,"16","V5",0
0.4,1,"16","V6",0
0.4,1,"16","V7",0
0.4,1,"16","V8",0
0.4,1,"16","V9",0
0.4,1,"16","V10",0
0.4,1,"16","V11",0
0.4,1,"16","V12",0
0.4,1,"16","V13",0
0.4,1,"16","V14",0
0.4,1,"16","V15",0
0.4,1,"16","V16",-1
0.4,1,"16","V17",0
0.4,1,"16","V18",0
0.4,1,"16","V19",0
0.4,1,"16","V20",0
0.4,1,"16","V21",0
0.4,1,"16","V22",0
0.4,1,"16","V23",0
0.4,1,"16","V24",0
0.4,1,"16","V25",0
0.4,1,"16","V26",0
0.4,1,"16","V27",0
0.4,1,"16","V28",0
0.4,1,"16","V29",0
0.4,1,"16","V30",0
0.4,1,"16","V31",0
0.4,1,"16","V32",0
0.4,1,"16","V33",0
0.4,1,"16","V34",0
0.4,1,"16","V35",0
0.4,1,"16","V36",0
0.4,1,"16","V37",0
0.4,1,"16","V38",0
0.4,1,"16","V39",0
0.4,1,"16","V40",0
0.4,1,"16","V41",0
0.4,1,"16","V42",0
0.4,1,"16","V43",0
0.4,1,"16","V44",0
0.4,1,"16","V45",0
0.4,1,"16","V46",0
0.4,1,"16","V47",0
0.4,1,"16","V48",0
0.4,1,"16","V49",0
0.4,1,"16","V50",0
0.4,1,"16","V51",0
0.4,1,"16","V52",0
0.4,1,"16","V53",0
0.4,1,"16","V54",0
0.4,1,"16","V55",0
0.4,1,"16","V56",0
0.4,1,"16","V57",0
0.4,1,"16","V58",0
0.4,1,"16","V59",0
0.4,1,"16","V60",0
0.4,1,"16","V61",0
0.4,1,"16","V62",0
0.4,1,"16","V63",0
0.4,1,"16","V64",0
0.4,1,"16","V65",0
0.4,1,"16","V66",0
0.4,1,"16","V67",0
0.4,1,"16","V68",0
0.4,1,"16","V69",0
0.4,1,"16","V70",0
0.4,1,"16","V71",0
0.4,1,"16","V72",0
0.4,1,"16","V73",0
0.4,1,"16","V74",0
0.4,1,"16","V75",0
0.4,1,"16","V76",0
0.4,1,"16","V77",0
0.4,1,"16","V78",0
0.4,1,"16","V79",0
0.4,1,"16","V80",0
0.4,1,"16","V81",0
0.4,1,"16","V82",0
0.4,1,"16","V83",0
0.4,1,"16","V84",0
0.4,1,"16","V85",0
0.4,1,"16","V86",0
0.4,1,"16","V87",0
0.4,1,"16","V88",0
0.4,1,"16","V89",0
0.4,1,"16","V90",0
0.4,1,"17","V1",0
0.4,1,"17","V2",0
0.4,1,"17","V3",0
0.4,1,"17","V4",0
0.4,1,"17","V5",0
0.4,1,"17","V6",0
0.4,1,"17","V7",0
0.4,1,"17","V8",0
0.4,1,"17","V9",0
0.4,1,"17","V10",0
0.4,1,"17","V11",0
0.4,1,"17","V12",0
0.4,1,"17","V13",0
0.4,1,"17","V14",0
0.4,1,"17","V15",0
0.4,1,"17","V16",0
0.4,1,"17","V17",-1
0.4,1,"17","V18",0
0.4,1,"17","V19",0
0.4,1,"17","V20",0
0.4,1,"17","V21",0
0.4,1,"17","V22",0
0.4,1,"17","V23",0
0.4,1,"17","V24",0
0.4,1,"17","V25",0
0.4,1,"17","V26",0
0.4,1,"17","V27",0
0.4,1,"17","V28",0
0.4,1,"17","V29",0
0.4,1,"17","V30",0
0.4,1,"17","V31",0
0.4,1,"17","V32",0
0.4,1,"17","V33",0
0.4,1,"17","V34",0
0.4,1,"17","V35",0
0.4,1,"17","V36",0
0.4,1,"17","V37",0
0.4,1,"17","V38",0
0.4,1,"17","V39",0
0.4,1,"17","V40",0
0.4,1,"17","V41",0
0.4,1,"17","V42",0
0.4,1,"17","V43",0
0.4,1,"17","V44",0
0.4,1,"17","V45",0
0.4,1,"17","V46",0
0.4,1,"17","V47",0
0.4,1,"17","V48",0
0.4,1,"17","V49",0
0.4,1,"17","V50",0
0.4,1,"17","V51",0
0.4,1,"17","V52",0
0.4,1,"17","V53",0
0.4,1,"17","V54",0
0.4,1,"17","V55",0
0.4,1,"17","V56",0
0.4,1,"17","V57",0
0.4,1,"17","V58",0
0.4,1,"17","V59",0
0.4,1,"17","V60",0
0.4,1,"17","V61",0
0.4,1,"17","V62",0
0.4,1,"17","V63",0
0.4,1,"17","V64",0
0.4,1,"17","V65",0
0.4,1,"17","V66",0
0.4,1,"17","V67",0
0.4,1,"17","V68",0
0.4,1,"17","V69",0
0.4,1,"17","V70",0
0.4,1,"17","V71",0
0.4,1,"17","V72",0
0.4,1,"17","V73",0
0.4,1,"17","V74",0
0.4,1,"17","V75",0
0.4,1,"17","V76",0
0.4,1,"17","V77",0
0.4,1,"17","V78",0
0.4,1,"17","V79",0
0.4,1,"17","V80",0
0.4,1,"17","V81",0
0.4,1,"17","V82",0
0.4,1,"17","V83",0
0.4,1,"17","V84",0
0.4,1,"17","V85",0
0.4,1,"17","V86",0
0.4,1,"17","V87",0
0.4,1,"17","V88",0
0.4,1,"17","V89",0
0.4,1,"17","V90",0
0.4,1,"18","V1",0
0.4,1,"18","V2",0
0.4,1,"18","V3",0
0.4,1,"18","V4",0
0.4,1,"18","V5",0
0.4,1,"18","V6",0
0.4,1,"18","V7",0
0.4,1,"18","V8",0
0.4,1,"18","V9",0
0.4,1,"18","V10",0
0.4,1,"18","V11",0
0.4,1,"18","V12",0
0.4,1,"18","V13",0
0.4,1,"18","V14",0
0.4,1,"18","V15",0
0.4,1,"18","V16",0
0.4,1,"18","V17",0
0.4,1,"18","V18",-1
0.4,1,"18","V19",0
0.4,1,"18","V20",0
0.4,1,"18","V21",0
0.4,1,"18","V22",0
0.4,1,"18","V23",0
0.4,1,"18","V24",0
0.4,1,"18","V25",0
0.4,1,"18","V26",0
0.4,1,"18","V27",0
0.4,1,"18","V28",0
0.4,1,"18","V29",0
0.4,1,"18","V30",0
0.4,1,"18","V31",0
0.4,1,"18","V32",0
0.4,1,"18","V33",0
0.4,1,"18","V34",0
0.4,1,"18","V35",0
0.4,1,"18","V36",0
0.4,1,"18","V37",0
0.4,1,"18","V38",0
0.4,1,"18","V39",0
0.4,1,"18","V40",0
0.4,1,"18","V41",0
0.4,1,"18","V42",0
0.4,1,"18","V43",0
0.4,1,"18","V44",0
0.4,1,"18","V45",0
0.4,1,"18","V46",0
0.4,1,"18","V47",0
0.4,1,"18","V48",0
0.4,1,"18","V49",0
0.4,1,"18","V50",0
0.4,1,"18","V51",0
0.4,1,"18","V52",0
0.4,1,"18","V53",0
0.4,1,"18","V54",0
0.4,1,"18","V55",0
0.4,1,"18","V56",0
0.4,1,"18","V57",0
0.4,1,"18","V58",0
0.4,1,"18","V59",0
0.4,1,"18","V60",0
0.4,1,"18","V61",0
0.4,1,"18","V62",0
0.4,1,"18","V63",0
0.4,1,"18","V64",0
0.4,1,"18","V65",0
0.4,1,"18","V66",0
0.4,1,"18","V67",0
0.4,1,"18","V68",0
0.4,1,"18","V69",0
0.4,1,"18","V70",0
0.4,1,"18","V71",0
0.4,1,"18","V72",0
0.4,1,"18","V73",0
0.4,1,"18","V74",0
0.4,1,"18","V75",0
0.4,1,"18","V76",0
0.4,1,"18","V77",0
0.4,1,"18","V78",0
0.4,1,"18","V79",0
0.4,1,"18","V80",0
0.4,1,"18","V81",0
0.4,1,"18","V82",0
0.4,1,"18","V83",0
0.4,1,"18","V84",0
0.4,1,"18","V85",0
0.4,1,"18","V86",0
0.4,1,"18","V87",0
0.4,1,"18","V88",0
0.4,1,"18","V89",0
0.4,1,"18","V90",0
0.4,1,"19","V1",0
0.4,1,"19","V2",0
0.4,1,"19","V3",0
0.4,1,"19","V4",0
0.4,1,"19","V5",0
0.4,1,"19","V6",0
0.4,1,"19","V7",0
0.4,1,"19","V8",0
0.4,1,"19","V9",0
0.4,1,"19","V10",0
0.4,1,"19","V11",0
0.4,1,"19","V12",0
0.4,1,"19","V13",0
0.4,1,"19","V14",0
0.4,1,"19","V15",0
0.4,1,"19","V16",0
0.4,1,"19","V17",0
0.4,1,"19","V18",0
0.4,1,"19","V19",-1
0.4,1,"19","V20",0
0.4,1,"19","V21",0
0.4,1,"19","V22",0
0.4,1,"19","V23",0
0.4,1,"19","V24",0
0.4,1,"19","V25",0
0.4,1,"19","V26",0
0.4,1,"19","V27",0
0.4,1,"19","V28",0
0.4,1,"19","V29",0
0.4,1,"19","V30",0
0.4,1,"19","V31",0
0.4,1,"19","V32",0
0.4,1,"19","V33",0
0.4,1,"19","V34",0
0.4,1,"19","V35",0
0.4,1,"19","V36",0
0.4,1,"19","V37",0
0.4,1,"19","V38",0
0.4,1,"19","V39",0
0.4,1,"19","V40",0
0.4,1,"19","V41",0
0.4,1,"19","V42",0
0.4,1,"19","V43",0
0.4,1,"19","V44",0
0.4,1,"19","V45",0
0.4,1,"19","V46",0
0.4,1,"19","V47",0
0.4,1,"19","V48",0
0.4,1,"19","V49",0
0.4,1,"19","V50",0
0.4,1,"19","V51",0
0.4,1,"19","V52",0
0.4,1,"19","V53",0
0.4,1,"19","V54",0
0.4,1,"19","V55",0
0.4,1,"19","V56",0
0.4,1,"19","V57",0
0.4,1,"19","V58",0
0.4,1,"19","V59",0
0.4,1,"19","V60",0
0.4,1,"19","V61",0
0.4,1,"19","V62",0
0.4,1,"19","V63",0
0.4,1,"19","V64",0
0.4,1,"19","V65",0
0.4,1,"19","V66",0
0.4,1,"19","V67",0
0.4,1,"19","V68",0
0.4,1,"19","V69",0
0.4,1,"19","V70",0
0.4,1,"19","V71",0
0.4,1,"19","V72",0
0.4,1,"19","V73",0
0.4,1,"19","V74",0
0.4,1,"19","V75",0
0.4,1,"19","V76",0
0.4,1,"19","V77",0
0.4,1,"19","V78",0
0.4,1,"19","V79",0
0.4,1,"19","V80",0
0.4,1,"19","V81",0
0.4,1,"19","V82",0
0.4,1,"19","V83",0
0.4,1,"19","V84",0
0.4,1,"19","V85",0
0.4,1,"19","V86",0
0.4,1,"19","V87",0
0.4,1,"19","V88",0
0.4,1,"19","V89",0
0.4,1,"19","V90",0
0.4,1,"20","V1",0
0.4,1,"20","V2",0
0.4,1,"20","V3",0
0.4,1,"20","V4",0
0.4,1,"20","V5",0
0.4,1,"20","V6",0
0.4,1,"20","V7",0
0.4,1,"20","V8",0
0.4,1,"20","V9",0
0.4,1,"20","V10",0
0.4,1,"20","V11",0
0.4,1,"20","V12",0
0.4,1,"20","V13",0
0.4,1,"20","V14",0
0.4,1,"20","V15",0
0.4,1,"20","V16",0
0.4,1,"20","V17",0
0.4,1,"20","V18",0
0.4,1,"20","V19",0
0.4,1,"20","V20",-1
0.4,1,"20","V21",0
0.4,1,"20","V22",0
0.4,1,"20","V23",0
0.4,1,"20","V24",0
0.4,1,"20","V25",0
0.4,1,"20","V26",0
0.4,1,"20","V27",0
0.4,1,"20","V28",0
0.4,1,"20","V29",0
0.4,1,"20","V30",0
0.4,1,"20","V31",0
0.4,1,"20","V32",0
0.4,1,"20","V33",0
0.4,1,"20","V34",0
0.4,1,"20","V35",0
0.4,1,"20","V36",0
0.4,1,"20","V37",0
0.4,1,"20","V38",0
0.4,1,"20","V39",0
0.4,1,"20","V40",0
0.4,1,"20","V41",0
0.4,1,"20","V42",0
0.4,1,"20","V43",0
0.4,1,"20","V44",0
0.4,1,"20","V45",0
0.4,1,"20","V46",0
0.4,1,"20","V47",0
0.4,1,"20","V48",0
0.4,1,"20","V49",0
0.4,1,"20","V50",0
0.4,1,"20","V51",0
0.4,1,"20","V52",0
0.4,1,"20","V53",0
0.4,1,"20","V54",0
0.4,1,"20","V55",0
0.4,1,"20","V56",0
0.4,1,"20","V57",0
0.4,1,"20","V58",0
0.4,1,"20","V59",0
0.4,1,"20","V60",0
0.4,1,"20","V61",0
0.4,1,"20","V62",0
0.4,1,"20","V63",0
0.4,1,"20","V64",0
0.4,1,"20","V65",0
0.4,1,"20","V66",0
0.4,1,"20","V67",0
0.4,1,"20","V68",0
0.4,1,"20","V69",0
0.4,1,"20","V70",0
0.4,1,"20","V71",0
0.4,1,"20","V72",0
0.4,1,"20","V73",0
0.4,1,"20","V74",0
0.4,1,"20","V75",0
0.4,1,"20","V76",0
0.4,1,"20","V77",0
0.4,1,"20","V78",0
0.4,1,"20","V79",0
0.4,1,"20","V80",0
0.4,1,"20","V81",0
0.4,1,"20","V82",0
0.4,1,"20","V83",0
0.4,1,"20","V84",0
0.4,1,"20","V85",0
0.4,1,"20","V86",0
0.4,1,"20","V87",0
0.4,1,"20","V88",0
0.4,1,"20","V89",0
0.4,1,"20","V90",0
0.4,1,"21","V1",0
0.4,1,"21","V2",0
0.4,1,"21","V3",0
0.4,1,"21","V4",0
0.4,1,"21","V5",0
0.4,1,"21","V6",0
0.4,1,"21","V7",0
0.4,1,"21","V8",0
0.4,1,"21","V9",0
0.4,1,"21","V10",0
0.4,1,"21","V11",0
0.4,1,"21","V12",0
0.4,1,"21","V13",0
0.4,1,"21","V14",0
0.4,1,"21","V15",0
0.4,1,"21","V16",0
0.4,1,"21","V17",0
0.4,1,"21","V18",0
0.4,1,"21","V19",0
0.4,1,"21","V20",0
0.4,1,"21","V21",-1
0.4,1,"21","V22",0
0.4,1,"21","V23",0
0.4,1,"21","V24",0
0.4,1,"21","V25",0
0.4,1,"21","V26",0
0.4,1,"21","V27",0
0.4,1,"21","V28",0
0.4,1,"21","V29",0
0.4,1,"21","V30",0
0.4,1,"21","V31",0
0.4,1,"21","V32",0
0.4,1,"21","V33",0
0.4,1,"21","V34",0
0.4,1,"21","V35",0
0.4,1,"21","V36",0
0.4,1,"21","V37",0
0.4,1,"21","V38",0
0.4,1,"21","V39",0
0.4,1,"21","V40",0
0.4,1,"21","V41",0
0.4,1,"21","V42",0
0.4,1,"21","V43",0
0.4,1,"21","V44",0
0.4,1,"21","V45",0
0.4,1,"21","V46",0
0.4,1,"21","V47",0
0.4,1,"21","V48",0
0.4,1,"21","V49",0
0.4,1,"21","V50",0
0.4,1,"21","V51",0
0.4,1,"21","V52",0
0.4,1,"21","V53",0
0.4,1,"21","V54",0
0.4,1,"21","V55",0
0.4,1,"21","V56",0
0.4,1,"21","V57",0
0.4,1,"21","V58",0
0.4,1,"21","V59",0
0.4,1,"21","V60",0
0.4,1,"21","V61",0
0.4,1,"21","V62",0
0.4,1,"21","V63",0
0.4,1,"21","V64",0
0.4,1,"21","V65",0
0.4,1,"21","V66",0
0.4,1,"21","V67",0
0.4,1,"21","V68",0
0.4,1,"21","V69",0
0.4,1,"21","V70",0
0.4,1,"21","V71",0
0.4,1,"21","V72",0
0.4,1,"21","V73",0
0.4,1,"21","V74",0
0.4,1,"21","V75",0
0.4,1,"21","V76",0
0.4,1,"21","V77",0
0.4,1,"21","V78",0
0.4,1,"21","V79",0
0.4,1,"21","V80",0
0.4,1,"21","V81",0
0.4,1,"21","V82",0
0.4,1,"21","V83",0
0.4,1,"21","V84",0
0.4,1,"21","V85",0
0.4,1,"21","V86",0
0.4,1,"21","V87",0
0.4,1,"21","V88",0
0.4,1,"21","V89",0
0.4,1,"21","V90",0
0.4,1,"22","V1",0
0.4,1,"22","V2",0
0.4,1,"22","V3",0
0.4,1,"22","V4",0
0.4,1,"22","V5",0
0.4,1,"22","V6",0
0.4,1,"22","V7",0
0.4,1,"22","V8",0
0.4,1,"22","V9",0
0.4,1,"22","V10",0
0.4,1,"22","V11",0
0.4,1,"22","V12",0
0.4,1,"22","V13",0
0.4,1,"22","V14",0
0.4,1,"22","V15",0
0.4,1,"22","V16",0
0.4,1,"22","V17",0
0.4,1,"22","V18",0
0.4,1,"22","V19",0
0.4,1,"22","V20",0
0.4,1,"22","V21",0.850102740171739
0.4,1,"22","V22",-1
0.4,1,"22","V23",0
0.4,1,"22","V24",0
0.4,1,"22","V25",0
0.4,1,"22","V26",0
0.4,1,"22","V27",0
0.4,1,"22","V28",0
0.4,1,"22","V29",0
0.4,1,"22","V30",0
0.4,1,"22","V31",0
0.4,1,"22","V32",0
0.4,1,"22","V33",0
0.4,1,"22","V34",0
0.4,1,"22","V35",0
0.4,1,"22","V36",0
0.4,1,"22","V37",0
0.4,1,"22","V38",0
0.4,1,"22","V39",0
0.4,1,"22","V40",0
0.4,1,"22","V41",0
0.4,1,"22","V42",0
0.4,1,"22","V43",0
0.4,1,"22","V44",0
0.4,1,"22","V45",0
0.4,1,"22","V46",0
0.4,1,"22","V47",0
0.4,1,"22","V48",0
0.4,1,"22","V49",0
0.4,1,"22","V50",0
0.4,1,"22","V51",0
0.4,1,"22","V52",0
0.4,1,"22","V53",0
0.4,1,"22","V54",0
0.4,1,"22","V55",0
0.4,1,"22","V56",0
0.4,1,"22","V57",0
0.4,1,"22","V58",0
0.4,1,"22","V59",0
0.4,1,"22","V60",0
0.4,1,"22","V61",0
0.4,1,"22","V62",0
0.4,1,"22","V63",0
0.4,1,"22","V64",0
0.4,1,"22","V65",0
0.4,1,"22","V66",0
0.4,1,"22","V67",0
0.4,1,"22","V68",0
0.4,1,"22","V69",0
0.4,1,"22","V70",0
0.4,1,"22","V71",0
0.4,1,"22","V72",0
0.4,1,"22","V73",0
0.4,1,"22","V74",0
0.4,1,"22","V75",0
0.4,1,"22","V76",0
0.4,1,"22","V77",0
0.4,1,"22","V78",0
0.4,1,"22","V79",0
0.4,1,"22","V80",0
0.4,1,"22","V81",0
0.4,1,"22","V82",0
0.4,1,"22","V83",0
0.4,1,"22","V84",0
0.4,1,"22","V85",0
0.4,1,"22","V86",0
0.4,1,"22","V87",0
0.4,1,"22","V88",0
0.4,1,"22","V89",0
0.4,1,"22","V90",0
0.4,1,"23","V1",0
0.4,1,"23","V2",0
0.4,1,"23","V3",0
0.4,1,"23","V4",0
0.4,1,"23","V5",0
0.4,1,"23","V6",0
0.4,1,"23","V7",0
0.4,1,"23","V8",0
0.4,1,"23","V9",0
0.4,1,"23","V10",0
0.4,1,"23","V11",0
0.4,1,"23","V12",0
0.4,1,"23","V13",0
0.4,1,"23","V14",0
0.4,1,"23","V15",0
0.4,1,"23","V16",0
0.4,1,"23","V17",0
0.4,1,"23","V18",0
0.4,1,"23","V19",0
0.4,1,"23","V20",0
0.4,1,"23","V21",0
0.4,1,"23","V22",0
0.4,1,"23","V23",-1
0.4,1,"23","V24",0
0.4,1,"23","V25",0
0.4,1,"23","V26",0
0.4,1,"23","V27",0
0.4,1,"23","V28",0
0.4,1,"23","V29",0
0.4,1,"23","V30",0
0.4,1,"23","V31",0
0.4,1,"23","V32",0
0.4,1,"23","V33",0
0.4,1,"23","V34",0
0.4,1,"23","V35",0
0.4,1,"23","V36",0
0.4,1,"23","V37",0
0.4,1,"23","V38",0
0.4,1,"23","V39",0
0.4,1,"23","V40",0
0.4,1,"23","V41",0
0.4,1,"23","V42",0
0.4,1,"23","V43",0
0.4,1,"23","V44",0
0.4,1,"23","V45",0
0.4,1,"23","V46",0
0.4,1,"23","V47",0
0.4,1,"23","V48",0
0.4,1,"23","V49",0
0.4,1,"23","V50",0
0.4,1,"23","V51",0
0.4,1,"23","V52",0
0.4,1,"23","V53",0
0.4,1,"23","V54",0
0.4,1,"23","V55",0
0.4,1,"23","V56",0
0.4,1,"23","V57",0
0.4,1,"23","V58",0
0.4,1,"23","V59",0
0.4,1,"23","V60",0
0.4,1,"23","V61",0
0.4,1,"23","V62",0
0.4,1,"23","V63",0
0.4,1,"23","V64",0
0.4,1,"23","V65",0
0.4,1,"23","V66",0
0.4,1,"23","V67",0
0.4,1,"23","V68",0
0.4,1,"23","V69",0
0.4,1,"23","V70",0
0.4,1,"23","V71",0
0.4,1,"23","V72",0
0.4,1,"23","V73",0
0.4,1,"23","V74",0
0.4,1,"23","V75",0
0.4,1,"23","V76",0
0.4,1,"23","V77",0
0.4,1,"23","V78",0
0.4,1,"23","V79",0
0.4,1,"23","V80",0
0.4,1,"23","V81",0
0.4,1,"23","V82",0
0.4,1,"23","V83",0
0.4,1,"23","V84",0
0.4,1,"23","V85",0
0.4,1,"23","V86",0
0.4,1,"23","V87",0
0.4,1,"23","V88",0
0.4,1,"23","V89",0
0.4,1,"23","V90",0
0.4,1,"24","V1",0
0.4,1,"24","V2",0
0.4,1,"24","V3",0
0.4,1,"24","V4",0
0.4,1,"24","V5",0
0.4,1,"24","V6",0
0.4,1,"24","V7",0
0.4,1,"24","V8",0
0.4,1,"24","V9",0
0.4,1,"24","V10",0
0.4,1,"24","V11",0
0.4,1,"24","V12",0
0.4,1,"24","V13",0
0.4,1,"24","V14",0
0.4,1,"24","V15",0
0.4,1,"24","V16",0
0.4,1,"24","V17",0
0.4,1,"24","V18",0
0.4,1,"24","V19",0
0.4,1,"24","V20",0
0.4,1,"24","V21",0
0.4,1,"24","V22",0
0.4,1,"24","V23",0
0.4,1,"24","V24",-1
0.4,1,"24","V25",0
0.4,1,"24","V26",0
0.4,1,"24","V27",0
0.4,1,"24","V28",0
0.4,1,"24","V29",0
0.4,1,"24","V30",0
0.4,1,"24","V31",0
0.4,1,"24","V32",0
0.4,1,"24","V33",0
0.4,1,"24","V34",0
0.4,1,"24","V35",0
0.4,1,"24","V36",0
0.4,1,"24","V37",0
0.4,1,"24","V38",0
0.4,1,"24","V39",0
0.4,1,"24","V40",0
0.4,1,"24","V41",0
0.4,1,"24","V42",0
0.4,1,"24","V43",0
0.4,1,"24","V44",0
0.4,1,"24","V45",0
0.4,1,"24","V46",0
0.4,1,"24","V47",0
0.4,1,"24","V48",0
0.4,1,"24","V49",0
0.4,1,"24","V50",0
0.4,1,"24","V51",0
0.4,1,"24","V52",0
0.4,1,"24","V53",0
0.4,1,"24","V54",0
0.4,1,"24","V55",0
0.4,1,"24","V56",0
0.4,1,"24","V57",0
0.4,1,"24","V58",0
0.4,1,"24","V59",0
0.4,1,"24","V60",0
0.4,1,"24","V61",0
0.4,1,"24","V62",0
0.4,1,"24","V63",0
0.4,1,"24","V64",0
0.4,1,"24","V65",0
0.4,1,"24","V66",0
0.4,1,"24","V67",0
0.4,1,"24","V68",0
0.4,1,"24","V69",0
0.4,1,"24","V70",0
0.4,1,"24","V71",0
0.4,1,"24","V72",0
0.4,1,"24","V73",0
0.4,1,"24","V74",0
0.4,1,"24","V75",0
0.4,1,"24","V76",0
0.4,1,"24","V77",0
0.4,1,"24","V78",0
0.4,1,"24","V79",0
0.4,1,"24","V80",0
0.4,1,"24","V81",0
0.4,1,"24","V82",0
0.4,1,"24","V83",0
0.4,1,"24","V84",0
0.4,1,"24","V85",0
0.4,1,"24","V86",0
0.4,1,"24","V87",0
0.4,1,"24","V88",0
0.4,1,"24","V89",0
0.4,1,"24","V90",0
0.4,1,"25","V1",0.0611171571346103
0.4,1,"25","V2",0
0.4,1,"25","V3",0
0.4,1,"25","V4",0
0.4,1,"25","V5",0
0.4,1,"25","V6",0.122249175004794
0.4,1,"25","V7",0
0.4,1,"25","V8",0
0.4,1,"25","V9",0
0.4,1,"25","V10",-2.86280016950914
0.4,1,"25","V11",0
0.4,1,"25","V12",0.0275801752592844
0.4,1,"25","V13",0
0.4,1,"25","V14",-0.321183909184396
0.4,1,"25","V15",0
0.4,1,"25","V16",0
0.4,1,"25","V17",0
0.4,1,"25","V18",0
0.4,1,"25","V19",0
0.4,1,"25","V20",18.0318474940151
0.4,1,"25","V21",0.0373897892294767
0.4,1,"25","V22",0.0137115813945979
0.4,1,"25","V23",0.2488559731924
0.4,1,"25","V24",0
0.4,1,"25","V25",-1
0.4,1,"25","V26",0.570280843308374
0.4,1,"25","V27",0
0.4,1,"25","V28",0
0.4,1,"25","V29",0
0.4,1,"25","V30",0
0.4,1,"25","V31",0
0.4,1,"25","V32",0
0.4,1,"25","V33",-3.08709424363793
0.4,1,"25","V34",37.9850706261963
0.4,1,"25","V35",0
0.4,1,"25","V36",0
0.4,1,"25","V37",-16.5869991262512
0.4,1,"25","V38",0
0.4,1,"25","V39",0
0.4,1,"25","V40",0
0.4,1,"25","V41",0
0.4,1,"25","V42",0
0.4,1,"25","V43",0
0.4,1,"25","V44",0.438721152835373
0.4,1,"25","V45",0
0.4,1,"25","V46",0
0.4,1,"25","V47",0
0.4,1,"25","V48",0
0.4,1,"25","V49",0
0.4,1,"25","V50",0
0.4,1,"25","V51",0
0.4,1,"25","V52",0
0.4,1,"25","V53",0
0.4,1,"25","V54",0
0.4,1,"25","V55",0
0.4,1,"25","V56",0
0.4,1,"25","V57",0
0.4,1,"25","V58",0
0.4,1,"25","V59",0
0.4,1,"25","V60",0
0.4,1,"25","V61",0
0.4,1,"25","V62",0.294148163789391
0.4,1,"25","V63",0
0.4,1,"25","V64",0
0.4,1,"25","V65",0
0.4,1,"25","V66",1.2090147396737
0.4,1,"25","V67",0
0.4,1,"25","V68",0
0.4,1,"25","V69",0
0.4,1,"25","V70",0.659049964574279
0.4,1,"25","V71",0
0.4,1,"25","V72",0
0.4,1,"25","V73",0
0.4,1,"25","V74",0
0.4,1,"25","V75",0
0.4,1,"25","V76",0
0.4,1,"25","V77",0
0.4,1,"25","V78",0
0.4,1,"25","V79",0
0.4,1,"25","V80",0
0.4,1,"25","V81",0
0.4,1,"25","V82",0
0.4,1,"25","V83",0
0.4,1,"25","V84",0
0.4,1,"25","V85",0
0.4,1,"25","V86",0
0.4,1,"25","V87",0.296847119268916
0.4,1,"25","V88",0
0.4,1,"25","V89",0
0.4,1,"25","V90",0
0.4,1,"26","V1",0
0.4,1,"26","V2",0
0.4,1,"26","V3",0
0.4,1,"26","V4",0
0.4,1,"26","V5",0
0.4,1,"26","V6",0
0.4,1,"26","V7",0
0.4,1,"26","V8",0
0.4,1,"26","V9",0
0.4,1,"26","V10",0
0.4,1,"26","V11",0
0.4,1,"26","V12",0
0.4,1,"26","V13",0
0.4,1,"26","V14",0
0.4,1,"26","V15",0
0.4,1,"26","V16",0
0.4,1,"26","V17",0
0.4,1,"26","V18",0
0.4,1,"26","V19",0
0.4,1,"26","V20",0
0.4,1,"26","V21",0
0.4,1,"26","V22",0
0.4,1,"26","V23",0
0.4,1,"26","V24",0
0.4,1,"26","V25",0
0.4,1,"26","V26",-1
0.4,1,"26","V27",0
0.4,1,"26","V28",0
0.4,1,"26","V29",0
0.4,1,"26","V30",0
0.4,1,"26","V31",0
0.4,1,"26","V32",0
0.4,1,"26","V33",0
0.4,1,"26","V34",0
0.4,1,"26","V35",0
0.4,1,"26","V36",0
0.4,1,"26","V37",0
0.4,1,"26","V38",0
0.4,1,"26","V39",0
0.4,1,"26","V40",0
0.4,1,"26","V41",0
0.4,1,"26","V42",0
0.4,1,"26","V43",0
0.4,1,"26","V44",0
0.4,1,"26","V45",0
0.4,1,"26","V46",0
0.4,1,"26","V47",0
0.4,1,"26","V48",0
0.4,1,"26","V49",0
0.4,1,"26","V50",0
0.4,1,"26","V51",0
0.4,1,"26","V52",0
0.4,1,"26","V53",0
0.4,1,"26","V54",0
0.4,1,"26","V55",0
0.4,1,"26","V56",0
0.4,1,"26","V57",0
0.4,1,"26","V58",0
0.4,1,"26","V59",0
0.4,1,"26","V60",0
0.4,1,"26","V61",0
0.4,1,"26","V62",0
0.4,1,"26","V63",0
0.4,1,"26","V64",0
0.4,1,"26","V65",0
0.4,1,"26","V66",0
0.4,1,"26","V67",0
0.4,1,"26","V68",0
0.4,1,"26","V69",0
0.4,1,"26","V70",0
0.4,1,"26","V71",0
0.4,1,"26","V72",0
0.4,1,"26","V73",0
0.4,1,"26","V74",0
0.4,1,"26","V75",0
0.4,1,"26","V76",0
0.4,1,"26","V77",0
0.4,1,"26","V78",0
0.4,1,"26","V79",0
0.4,1,"26","V80",0
0.4,1,"26","V81",0
0.4,1,"26","V82",0
0.4,1,"26","V83",0
0.4,1,"26","V84",0
0.4,1,"26","V85",0
0.4,1,"26","V86",0
0.4,1,"26","V87",0
0.4,1,"26","V88",0
0.4,1,"26","V89",0
0.4,1,"26","V90",0
0.4,1,"27","V1",0
0.4,1,"27","V2",0
0.4,1,"27","V3",0
0.4,1,"27","V4",1.70592859564732
0.4,1,"27","V5",0
0.4,1,"27","V6",0
0.4,1,"27","V7",0
0.4,1,"27","V8",1.57859352346138
0.4,1,"27","V9",0
0.4,1,"27","V10",0
0.4,1,"27","V11",0
0.4,1,"27","V12",0
0.4,1,"27","V13",0
0.4,1,"27","V14",0
0.4,1,"27","V15",0
0.4,1,"27","V16",0
0.4,1,"27","V17",0
0.4,1,"27","V18",0
0.4,1,"27","V19",0
0.4,1,"27","V20",0
0.4,1,"27","V21",0
0.4,1,"27","V22",0
0.4,1,"27","V23",0
0.4,1,"27","V24",0
0.4,1,"27","V25",0
0.4,1,"27","V26",0
0.4,1,"27","V27",-1
0.4,1,"27","V28",0
0.4,1,"27","V29",0
0.4,1,"27","V30",0
0.4,1,"27","V31",0
0.4,1,"27","V32",0
0.4,1,"27","V33",0
0.4,1,"27","V34",0
0.4,1,"27","V35",0
0.4,1,"27","V36",0
0.4,1,"27","V37",0
0.4,1,"27","V38",0
0.4,1,"27","V39",0
0.4,1,"27","V40",0
0.4,1,"27","V41",0
0.4,1,"27","V42",0
0.4,1,"27","V43",0
0.4,1,"27","V44",0
0.4,1,"27","V45",0
0.4,1,"27","V46",0
0.4,1,"27","V47",0
0.4,1,"27","V48",0
0.4,1,"27","V49",0
0.4,1,"27","V50",0
0.4,1,"27","V51",0
0.4,1,"27","V52",0
0.4,1,"27","V53",0
0.4,1,"27","V54",0
0.4,1,"27","V55",0
0.4,1,"27","V56",0
0.4,1,"27","V57",0
0.4,1,"27","V58",0
0.4,1,"27","V59",0
0.4,1,"27","V60",0
0.4,1,"27","V61",0
0.4,1,"27","V62",0
0.4,1,"27","V63",0
0.4,1,"27","V64",0
0.4,1,"27","V65",0
0.4,1,"27","V66",0
0.4,1,"27","V67",0
0.4,1,"27","V68",0
0.4,1,"27","V69",0
0.4,1,"27","V70",0
0.4,1,"27","V71",0
0.4,1,"27","V72",0
0.4,1,"27","V73",0
0.4,1,"27","V74",0
0.4,1,"27","V75",0
0.4,1,"27","V76",0
0.4,1,"27","V77",0
0.4,1,"27","V78",0.00248109339701015
0.4,1,"27","V79",0
0.4,1,"27","V80",0
0.4,1,"27","V81",0
0.4,1,"27","V82",0
0.4,1,"27","V83",0
0.4,1,"27","V84",0
0.4,1,"27","V85",0
0.4,1,"27","V86",0
0.4,1,"27","V87",0
0.4,1,"27","V88",0
0.4,1,"27","V89",0
0.4,1,"27","V90",0
0.4,1,"28","V1",0
0.4,1,"28","V2",0
0.4,1,"28","V3",0
0.4,1,"28","V4",0
0.4,1,"28","V5",0
0.4,1,"28","V6",0
0.4,1,"28","V7",0
0.4,1,"28","V8",0
0.4,1,"28","V9",0
0.4,1,"28","V10",0
0.4,1,"28","V11",0
0.4,1,"28","V12",0
0.4,1,"28","V13",0
0.4,1,"28","V14",0
0.4,1,"28","V15",0
0.4,1,"28","V16",0
0.4,1,"28","V17",0
0.4,1,"28","V18",0
0.4,1,"28","V19",0
0.4,1,"28","V20",0
0.4,1,"28","V21",0
0.4,1,"28","V22",0
0.4,1,"28","V23",0
0.4,1,"28","V24",0
0.4,1,"28","V25",0
0.4,1,"28","V26",0
0.4,1,"28","V27",0
0.4,1,"28","V28",-1
0.4,1,"28","V29",0
0.4,1,"28","V30",0
0.4,1,"28","V31",0
0.4,1,"28","V32",0
0.4,1,"28","V33",0
0.4,1,"28","V34",0
0.4,1,"28","V35",0
0.4,1,"28","V36",0
0.4,1,"28","V37",0
0.4,1,"28","V38",0
0.4,1,"28","V39",0
0.4,1,"28","V40",0
0.4,1,"28","V41",0
0.4,1,"28","V42",0
0.4,1,"28","V43",0
0.4,1,"28","V44",0
0.4,1,"28","V45",0
0.4,1,"28","V46",0
0.4,1,"28","V47",0
0.4,1,"28","V48",0
0.4,1,"28","V49",0
0.4,1,"28","V50",0
0.4,1,"28","V51",0
0.4,1,"28","V52",0
0.4,1,"28","V53",0
0.4,1,"28","V54",0
0.4,1,"28","V55",0
0.4,1,"28","V56",0
0.4,1,"28","V57",0
0.4,1,"28","V58",0
0.4,1,"28","V59",0
0.4,1,"28","V60",0
0.4,1,"28","V61",0
0.4,1,"28","V62",0
0.4,1,"28","V63",0
0.4,1,"28","V64",0
0.4,1,"28","V65",0
0.4,1,"28","V66",0
0.4,1,"28","V67",0
0.4,1,"28","V68",0
0.4,1,"28","V69",0
0.4,1,"28","V70",0
0.4,1,"28","V71",0
0.4,1,"28","V72",0
0.4,1,"28","V73",0
0.4,1,"28","V74",0
0.4,1,"28","V75",0
0.4,1,"28","V76",0
0.4,1,"28","V77",0
0.4,1,"28","V78",0
0.4,1,"28","V79",0
0.4,1,"28","V80",0
0.4,1,"28","V81",0
0.4,1,"28","V82",0
0.4,1,"28","V83",0
0.4,1,"28","V84",0
0.4,1,"28","V85",0
0.4,1,"28","V86",0
0.4,1,"28","V87",0
0.4,1,"28","V88",0
0.4,1,"28","V89",0
0.4,1,"28","V90",0
0.4,1,"29","V1",0
0.4,1,"29","V2",0
0.4,1,"29","V3",0
0.4,1,"29","V4",0
0.4,1,"29","V5",0
0.4,1,"29","V6",0
0.4,1,"29","V7",0
0.4,1,"29","V8",0
0.4,1,"29","V9",0
0.4,1,"29","V10",0
0.4,1,"29","V11",0
0.4,1,"29","V12",0
0.4,1,"29","V13",0
0.4,1,"29","V14",0
0.4,1,"29","V15",0
0.4,1,"29","V16",0
0.4,1,"29","V17",0
0.4,1,"29","V18",0
0.4,1,"29","V19",0
0.4,1,"29","V20",0
0.4,1,"29","V21",0
0.4,1,"29","V22",0
0.4,1,"29","V23",0
0.4,1,"29","V24",0
0.4,1,"29","V25",0
0.4,1,"29","V26",0
0.4,1,"29","V27",0
0.4,1,"29","V28",0
0.4,1,"29","V29",-1
0.4,1,"29","V30",0
0.4,1,"29","V31",0
0.4,1,"29","V32",0
0.4,1,"29","V33",0
0.4,1,"29","V34",0
0.4,1,"29","V35",0
0.4,1,"29","V36",0
0.4,1,"29","V37",0
0.4,1,"29","V38",0
0.4,1,"29","V39",0
0.4,1,"29","V40",0
0.4,1,"29","V41",0
0.4,1,"29","V42",0
0.4,1,"29","V43",0
0.4,1,"29","V44",0
0.4,1,"29","V45",0
0.4,1,"29","V46",0
0.4,1,"29","V47",0
0.4,1,"29","V48",0
0.4,1,"29","V49",0
0.4,1,"29","V50",0
0.4,1,"29","V51",0
0.4,1,"29","V52",0
0.4,1,"29","V53",0
0.4,1,"29","V54",0
0.4,1,"29","V55",0
0.4,1,"29","V56",0
0.4,1,"29","V57",0
0.4,1,"29","V58",0
0.4,1,"29","V59",0
0.4,1,"29","V60",0
0.4,1,"29","V61",0
0.4,1,"29","V62",0
0.4,1,"29","V63",0
0.4,1,"29","V64",0
0.4,1,"29","V65",0
0.4,1,"29","V66",0
0.4,1,"29","V67",0
0.4,1,"29","V68",0
0.4,1,"29","V69",0
0.4,1,"29","V70",0
0.4,1,"29","V71",0
0.4,1,"29","V72",0
0.4,1,"29","V73",0
0.4,1,"29","V74",0
0.4,1,"29","V75",0
0.4,1,"29","V76",0
0.4,1,"29","V77",0
0.4,1,"29","V78",0
0.4,1,"29","V79",0
0.4,1,"29","V80",0
0.4,1,"29","V81",0
0.4,1,"29","V82",0
0.4,1,"29","V83",0
0.4,1,"29","V84",0
0.4,1,"29","V85",0
0.4,1,"29","V86",0
0.4,1,"29","V87",0
0.4,1,"29","V88",0
0.4,1,"29","V89",0
0.4,1,"29","V90",0
0.4,1,"30","V1",0
0.4,1,"30","V2",0
0.4,1,"30","V3",0
0.4,1,"30","V4",0
0.4,1,"30","V5",0
0.4,1,"30","V6",0
0.4,1,"30","V7",0
0.4,1,"30","V8",0
0.4,1,"30","V9",0
0.4,1,"30","V10",0
0.4,1,"30","V11",0
0.4,1,"30","V12",0
0.4,1,"30","V13",0
0.4,1,"30","V14",0
0.4,1,"30","V15",0
0.4,1,"30","V16",0
0.4,1,"30","V17",0
0.4,1,"30","V18",0
0.4,1,"30","V19",0
0.4,1,"30","V20",0
0.4,1,"30","V21",0
0.4,1,"30","V22",0
0.4,1,"30","V23",0
0.4,1,"30","V24",0
0.4,1,"30","V25",0
0.4,1,"30","V26",0
0.4,1,"30","V27",0
0.4,1,"30","V28",0
0.4,1,"30","V29",0
0.4,1,"30","V30",-1
0.4,1,"30","V31",0
0.4,1,"30","V32",0
0.4,1,"30","V33",0
0.4,1,"30","V34",0
0.4,1,"30","V35",0
0.4,1,"30","V36",0
0.4,1,"30","V37",0
0.4,1,"30","V38",0
0.4,1,"30","V39",0
0.4,1,"30","V40",0
0.4,1,"30","V41",0
0.4,1,"30","V42",0
0.4,1,"30","V43",0
0.4,1,"30","V44",0
0.4,1,"30","V45",0
0.4,1,"30","V46",0
0.4,1,"30","V47",0
0.4,1,"30","V48",0
0.4,1,"30","V49",0
0.4,1,"30","V50",0
0.4,1,"30","V51",0
0.4,1,"30","V52",0
0.4,1,"30","V53",0
0.4,1,"30","V54",0
0.4,1,"30","V55",0
0.4,1,"30","V56",0
0.4,1,"30","V57",0
0.4,1,"30","V58",0
0.4,1,"30","V59",0
0.4,1,"30","V60",0
0.4,1,"30","V61",0
0.4,1,"30","V62",0
0.4,1,"30","V63",0
0.4,1,"30","V64",0
0.4,1,"30","V65",0
0.4,1,"30","V66",0
0.4,1,"30","V67",0
0.4,1,"30","V68",0
0.4,1,"30","V69",0
0.4,1,"30","V70",0
0.4,1,"30","V71",0
0.4,1,"30","V72",0
0.4,1,"30","V73",0
0.4,1,"30","V74",0
0.4,1,"30","V75",0
0.4,1,"30","V76",0
0.4,1,"30","V77",0
0.4,1,"30","V78",0
0.4,1,"30","V79",0
0.4,1,"30","V80",0
0.4,1,"30","V81",0
0.4,1,"30","V82",0
0.4,1,"30","V83",0
0.4,1,"30","V84",0
0.4,1,"30","V85",0
0.4,1,"30","V86",0
0.4,1,"30","V87",0
0.4,1,"30","V88",0
0.4,1,"30","V89",0
0.4,1,"30","V90",0
0.4,1,"31","V1",0
0.4,1,"31","V2",0
0.4,1,"31","V3",0
0.4,1,"31","V4",0
0.4,1,"31","V5",0
0.4,1,"31","V6",0
0.4,1,"31","V7",0
0.4,1,"31","V8",0
0.4,1,"31","V9",0
0.4,1,"31","V10",0
0.4,1,"31","V11",0
0.4,1,"31","V12",0
0.4,1,"31","V13",0
0.4,1,"31","V14",0
0.4,1,"31","V15",0
0.4,1,"31","V16",0
0.4,1,"31","V17",0
0.4,1,"31","V18",0
0.4,1,"31","V19",0
0.4,1,"31","V20",0
0.4,1,"31","V21",0
0.4,1,"31","V22",0
0.4,1,"31","V23",0
0.4,1,"31","V24",0
0.4,1,"31","V25",0
0.4,1,"31","V26",0
0.4,1,"31","V27",0
0.4,1,"31","V28",0
0.4,1,"31","V29",0
0.4,1,"31","V30",0
0.4,1,"31","V31",-1
0.4,1,"31","V32",0
0.4,1,"31","V33",0
0.4,1,"31","V34",0
0.4,1,"31","V35",0
0.4,1,"31","V36",0
0.4,1,"31","V37",0
0.4,1,"31","V38",0
0.4,1,"31","V39",0
0.4,1,"31","V40",0
0.4,1,"31","V41",0
0.4,1,"31","V42",0
0.4,1,"31","V43",0
0.4,1,"31","V44",0
0.4,1,"31","V45",0
0.4,1,"31","V46",0
0.4,1,"31","V47",0
0.4,1,"31","V48",0
0.4,1,"31","V49",0
0.4,1,"31","V50",0
0.4,1,"31","V51",0
0.4,1,"31","V52",0
0.4,1,"31","V53",0
0.4,1,"31","V54",0
0.4,1,"31","V55",0
0.4,1,"31","V56",0
0.4,1,"31","V57",0
0.4,1,"31","V58",0
0.4,1,"31","V59",0
0.4,1,"31","V60",0
0.4,1,"31","V61",0
0.4,1,"31","V62",0
0.4,1,"31","V63",0
0.4,1,"31","V64",0
0.4,1,"31","V65",0
0.4,1,"31","V66",0
0.4,1,"31","V67",0
0.4,1,"31","V68",0
0.4,1,"31","V69",0
0.4,1,"31","V70",0
0.4,1,"31","V71",0
0.4,1,"31","V72",0
0.4,1,"31","V73",0
0.4,1,"31","V74",0
0.4,1,"31","V75",0
0.4,1,"31","V76",0
0.4,1,"31","V77",0
0.4,1,"31","V78",0
0.4,1,"31","V79",0
0.4,1,"31","V80",0
0.4,1,"31","V81",0
0.4,1,"31","V82",0
0.4,1,"31","V83",0
0.4,1,"31","V84",0
0.4,1,"31","V85",0
0.4,1,"31","V86",0
0.4,1,"31","V87",0
0.4,1,"31","V88",0
0.4,1,"31","V89",0
0.4,1,"31","V90",0
0.4,1,"32","V1",0
0.4,1,"32","V2",0
0.4,1,"32","V3",0
0.4,1,"32","V4",0
0.4,1,"32","V5",0
0.4,1,"32","V6",0
0.4,1,"32","V7",0
0.4,1,"32","V8",0
0.4,1,"32","V9",0
0.4,1,"32","V10",0
0.4,1,"32","V11",0
0.4,1,"32","V12",0
0.4,1,"32","V13",0
0.4,1,"32","V14",0
0.4,1,"32","V15",0
0.4,1,"32","V16",0
0.4,1,"32","V17",0
0.4,1,"32","V18",0
0.4,1,"32","V19",0
0.4,1,"32","V20",0
0.4,1,"32","V21",0
0.4,1,"32","V22",0
0.4,1,"32","V23",0
0.4,1,"32","V24",0
0.4,1,"32","V25",0
0.4,1,"32","V26",0
0.4,1,"32","V27",0
0.4,1,"32","V28",0
0.4,1,"32","V29",0
0.4,1,"32","V30",0
0.4,1,"32","V31",0
0.4,1,"32","V32",-1
0.4,1,"32","V33",0
0.4,1,"32","V34",1.25688943686848
0.4,1,"32","V35",0
0.4,1,"32","V36",0
0.4,1,"32","V37",0
0.4,1,"32","V38",0
0.4,1,"32","V39",0
0.4,1,"32","V40",0
0.4,1,"32","V41",0
0.4,1,"32","V42",0
0.4,1,"32","V43",0
0.4,1,"32","V44",0
0.4,1,"32","V45",0
0.4,1,"32","V46",0.0097213785605112
0.4,1,"32","V47",0
0.4,1,"32","V48",0
0.4,1,"32","V49",0
0.4,1,"32","V50",0
0.4,1,"32","V51",0
0.4,1,"32","V52",0
0.4,1,"32","V53",0
0.4,1,"32","V54",0
0.4,1,"32","V55",0
0.4,1,"32","V56",0
0.4,1,"32","V57",0
0.4,1,"32","V58",0
0.4,1,"32","V59",0
0.4,1,"32","V60",0
0.4,1,"32","V61",0
0.4,1,"32","V62",0
0.4,1,"32","V63",0
0.4,1,"32","V64",0
0.4,1,"32","V65",0
0.4,1,"32","V66",0
0.4,1,"32","V67",0
0.4,1,"32","V68",0
0.4,1,"32","V69",0
0.4,1,"32","V70",0
0.4,1,"32","V71",0
0.4,1,"32","V72",0
0.4,1,"32","V73",0
0.4,1,"32","V74",0
0.4,1,"32","V75",0
0.4,1,"32","V76",0
0.4,1,"32","V77",0
0.4,1,"32","V78",0
0.4,1,"32","V79",0
0.4,1,"32","V80",0
0.4,1,"32","V81",0
0.4,1,"32","V82",0
0.4,1,"32","V83",0
0.4,1,"32","V84",0
0.4,1,"32","V85",0
0.4,1,"32","V86",0
0.4,1,"32","V87",0
0.4,1,"32","V88",0
0.4,1,"32","V89",0
0.4,1,"32","V90",0
0.4,1,"33","V1",0
0.4,1,"33","V2",0
0.4,1,"33","V3",0
0.4,1,"33","V4",0
0.4,1,"33","V5",0
0.4,1,"33","V6",0
0.4,1,"33","V7",0
0.4,1,"33","V8",0
0.4,1,"33","V9",0
0.4,1,"33","V10",0
0.4,1,"33","V11",0
0.4,1,"33","V12",0
0.4,1,"33","V13",0
0.4,1,"33","V14",0
0.4,1,"33","V15",0
0.4,1,"33","V16",0
0.4,1,"33","V17",0
0.4,1,"33","V18",0
0.4,1,"33","V19",0
0.4,1,"33","V20",0
0.4,1,"33","V21",0
0.4,1,"33","V22",0
0.4,1,"33","V23",0
0.4,1,"33","V24",0
0.4,1,"33","V25",0
0.4,1,"33","V26",0
0.4,1,"33","V27",0
0.4,1,"33","V28",0
0.4,1,"33","V29",0
0.4,1,"33","V30",0
0.4,1,"33","V31",0
0.4,1,"33","V32",0
0.4,1,"33","V33",-1
0.4,1,"33","V34",0
0.4,1,"33","V35",0
0.4,1,"33","V36",0
0.4,1,"33","V37",0
0.4,1,"33","V38",0
0.4,1,"33","V39",0
0.4,1,"33","V40",0
0.4,1,"33","V41",0
0.4,1,"33","V42",0
0.4,1,"33","V43",0
0.4,1,"33","V44",0
0.4,1,"33","V45",0
0.4,1,"33","V46",0
0.4,1,"33","V47",0
0.4,1,"33","V48",0
0.4,1,"33","V49",0
0.4,1,"33","V50",0
0.4,1,"33","V51",0
0.4,1,"33","V52",0
0.4,1,"33","V53",0
0.4,1,"33","V54",0
0.4,1,"33","V55",0
0.4,1,"33","V56",0
0.4,1,"33","V57",0
0.4,1,"33","V58",0
0.4,1,"33","V59",0
0.4,1,"33","V60",0
0.4,1,"33","V61",0
0.4,1,"33","V62",0
0.4,1,"33","V63",0
0.4,1,"33","V64",0
0.4,1,"33","V65",0
0.4,1,"33","V66",0
0.4,1,"33","V67",0
0.4,1,"33","V68",0
0.4,1,"33","V69",0
0.4,1,"33","V70",0
0.4,1,"33","V71",0
0.4,1,"33","V72",0
0.4,1,"33","V73",0
0.4,1,"33","V74",0
0.4,1,"33","V75",0
0.4,1,"33","V76",0
0.4,1,"33","V77",0
0.4,1,"33","V78",0
0.4,1,"33","V79",0
0.4,1,"33","V80",0
0.4,1,"33","V81",0
0.4,1,"33","V82",0
0.4,1,"33","V83",0
0.4,1,"33","V84",0
0.4,1,"33","V85",0
0.4,1,"33","V86",0
0.4,1,"33","V87",0
0.4,1,"33","V88",0
0.4,1,"33","V89",0
0.4,1,"33","V90",0
0.4,1,"34","V1",0
0.4,1,"34","V2",0
0.4,1,"34","V3",0
0.4,1,"34","V4",0
0.4,1,"34","V5",0
0.4,1,"34","V6",0
0.4,1,"34","V7",0
0.4,1,"34","V8",0
0.4,1,"34","V9",0
0.4,1,"34","V10",0
0.4,1,"34","V11",0
0.4,1,"34","V12",0
0.4,1,"34","V13",0
0.4,1,"34","V14",0
0.4,1,"34","V15",0
0.4,1,"34","V16",0
0.4,1,"34","V17",0
0.4,1,"34","V18",0
0.4,1,"34","V19",0
0.4,1,"34","V20",0
0.4,1,"34","V21",0
0.4,1,"34","V22",0
0.4,1,"34","V23",0
0.4,1,"34","V24",0
0.4,1,"34","V25",0
0.4,1,"34","V26",0
0.4,1,"34","V27",0
0.4,1,"34","V28",0
0.4,1,"34","V29",0
0.4,1,"34","V30",0
0.4,1,"34","V31",0
0.4,1,"34","V32",0
0.4,1,"34","V33",0
0.4,1,"34","V34",-1
0.4,1,"34","V35",0
0.4,1,"34","V36",0
0.4,1,"34","V37",0
0.4,1,"34","V38",0
0.4,1,"34","V39",0
0.4,1,"34","V40",0
0.4,1,"34","V41",0
0.4,1,"34","V42",0
0.4,1,"34","V43",0
0.4,1,"34","V44",0
0.4,1,"34","V45",0
0.4,1,"34","V46",0
0.4,1,"34","V47",0
0.4,1,"34","V48",0
0.4,1,"34","V49",0
0.4,1,"34","V50",0
0.4,1,"34","V51",0
0.4,1,"34","V52",0
0.4,1,"34","V53",0
0.4,1,"34","V54",0
0.4,1,"34","V55",0
0.4,1,"34","V56",0
0.4,1,"34","V57",0
0.4,1,"34","V58",0
0.4,1,"34","V59",0
0.4,1,"34","V60",0
0.4,1,"34","V61",0
0.4,1,"34","V62",0
0.4,1,"34","V63",0
0.4,1,"34","V64",0
0.4,1,"34","V65",0
0.4,1,"34","V66",0
0.4,1,"34","V67",0
0.4,1,"34","V68",0
0.4,1,"34","V69",0
0.4,1,"34","V70",0
0.4,1,"34","V71",0
0.4,1,"34","V72",0
0.4,1,"34","V73",0
0.4,1,"34","V74",0
0.4,1,"34","V75",0
0.4,1,"34","V76",0
0.4,1,"34","V77",0
0.4,1,"34","V78",0
0.4,1,"34","V79",0
0.4,1,"34","V80",0
0.4,1,"34","V81",0
0.4,1,"34","V82",0
0.4,1,"34","V83",0
0.4,1,"34","V84",0
0.4,1,"34","V85",0
0.4,1,"34","V86",0
0.4,1,"34","V87",0
0.4,1,"34","V88",0
0.4,1,"34","V89",0
0.4,1,"34","V90",0
0.4,1,"35","V1",0
0.4,1,"35","V2",0
0.4,1,"35","V3",0
0.4,1,"35","V4",0
0.4,1,"35","V5",0
0.4,1,"35","V6",0
0.4,1,"35","V7",0
0.4,1,"35","V8",0
0.4,1,"35","V9",0
0.4,1,"35","V10",0
0.4,1,"35","V11",0
0.4,1,"35","V12",0
0.4,1,"35","V13",0
0.4,1,"35","V14",0
0.4,1,"35","V15",0
0.4,1,"35","V16",0
0.4,1,"35","V17",0
0.4,1,"35","V18",0
0.4,1,"35","V19",0
0.4,1,"35","V20",0
0.4,1,"35","V21",0
0.4,1,"35","V22",0
0.4,1,"35","V23",0
0.4,1,"35","V24",0
0.4,1,"35","V25",0
0.4,1,"35","V26",0
0.4,1,"35","V27",0
0.4,1,"35","V28",0
0.4,1,"35","V29",0
0.4,1,"35","V30",0
0.4,1,"35","V31",0
0.4,1,"35","V32",0
0.4,1,"35","V33",0
0.4,1,"35","V34",0
0.4,1,"35","V35",-1
0.4,1,"35","V36",0
0.4,1,"35","V37",0
0.4,1,"35","V38",0
0.4,1,"35","V39",0
0.4,1,"35","V40",0
0.4,1,"35","V41",0
0.4,1,"35","V42",0
0.4,1,"35","V43",0
0.4,1,"35","V44",0
0.4,1,"35","V45",0
0.4,1,"35","V46",0
0.4,1,"35","V47",0
0.4,1,"35","V48",0
0.4,1,"35","V49",0
0.4,1,"35","V50",0
0.4,1,"35","V51",0
0.4,1,"35","V52",0
0.4,1,"35","V53",0
0.4,1,"35","V54",0
0.4,1,"35","V55",0
0.4,1,"35","V56",0
0.4,1,"35","V57",0
0.4,1,"35","V58",0
0.4,1,"35","V59",0
0.4,1,"35","V60",0
0.4,1,"35","V61",0
0.4,1,"35","V62",0
0.4,1,"35","V63",0
0.4,1,"35","V64",0
0.4,1,"35","V65",0
0.4,1,"35","V66",0
0.4,1,"35","V67",0
0.4,1,"35","V68",0
0.4,1,"35","V69",0
0.4,1,"35","V70",0
0.4,1,"35","V71",0
0.4,1,"35","V72",0
0.4,1,"35","V73",0
0.4,1,"35","V74",0
0.4,1,"35","V75",0
0.4,1,"35","V76",0
0.4,1,"35","V77",0
0.4,1,"35","V78",0
0.4,1,"35","V79",0
0.4,1,"35","V80",0
0.4,1,"35","V81",0
0.4,1,"35","V82",0
0.4,1,"35","V83",0
0.4,1,"35","V84",0
0.4,1,"35","V85",0
0.4,1,"35","V86",0
0.4,1,"35","V87",0
0.4,1,"35","V88",0
0.4,1,"35","V89",0
0.4,1,"35","V90",0
0.4,1,"36","V1",0
0.4,1,"36","V2",0
0.4,1,"36","V3",0
0.4,1,"36","V4",0
0.4,1,"36","V5",0
0.4,1,"36","V6",0
0.4,1,"36","V7",0
0.4,1,"36","V8",0
0.4,1,"36","V9",0
0.4,1,"36","V10",0
0.4,1,"36","V11",0
0.4,1,"36","V12",0
0.4,1,"36","V13",0
0.4,1,"36","V14",0
0.4,1,"36","V15",0
0.4,1,"36","V16",0
0.4,1,"36","V17",0
0.4,1,"36","V18",0
0.4,1,"36","V19",0
0.4,1,"36","V20",0
0.4,1,"36","V21",0
0.4,1,"36","V22",0
0.4,1,"36","V23",0
0.4,1,"36","V24",0
0.4,1,"36","V25",0
0.4,1,"36","V26",0
0.4,1,"36","V27",0
0.4,1,"36","V28",0
0.4,1,"36","V29",0
0.4,1,"36","V30",0
0.4,1,"36","V31",0
0.4,1,"36","V32",0
0.4,1,"36","V33",0
0.4,1,"36","V34",0
0.4,1,"36","V35",0
0.4,1,"36","V36",-1
0.4,1,"36","V37",0
0.4,1,"36","V38",0
0.4,1,"36","V39",0
0.4,1,"36","V40",0
0.4,1,"36","V41",0
0.4,1,"36","V42",0
0.4,1,"36","V43",0
0.4,1,"36","V44",0
0.4,1,"36","V45",0
0.4,1,"36","V46",0
0.4,1,"36","V47",0
0.4,1,"36","V48",0
0.4,1,"36","V49",0
0.4,1,"36","V50",0
0.4,1,"36","V51",0
0.4,1,"36","V52",0
0.4,1,"36","V53",0
0.4,1,"36","V54",0
0.4,1,"36","V55",0
0.4,1,"36","V56",0
0.4,1,"36","V57",0
0.4,1,"36","V58",0
0.4,1,"36","V59",0
0.4,1,"36","V60",0
0.4,1,"36","V61",0
0.4,1,"36","V62",0
0.4,1,"36","V63",0
0.4,1,"36","V64",0
0.4,1,"36","V65",0
0.4,1,"36","V66",0
0.4,1,"36","V67",0
0.4,1,"36","V68",0
0.4,1,"36","V69",0
0.4,1,"36","V70",0
0.4,1,"36","V71",0
0.4,1,"36","V72",0
0.4,1,"36","V73",0
0.4,1,"36","V74",0
0.4,1,"36","V75",0
0.4,1,"36","V76",0
0.4,1,"36","V77",0
0.4,1,"36","V78",0
0.4,1,"36","V79",0
0.4,1,"36","V80",0
0.4,1,"36","V81",0
0.4,1,"36","V82",0
0.4,1,"36","V83",0
0.4,1,"36","V84",0
0.4,1,"36","V85",0
0.4,1,"36","V86",0
0.4,1,"36","V87",0
0.4,1,"36","V88",0
0.4,1,"36","V89",0
0.4,1,"36","V90",0
0.4,1,"37","V1",0
0.4,1,"37","V2",0
0.4,1,"37","V3",0
0.4,1,"37","V4",0
0.4,1,"37","V5",0
0.4,1,"37","V6",0
0.4,1,"37","V7",0
0.4,1,"37","V8",0
0.4,1,"37","V9",0
0.4,1,"37","V10",0
0.4,1,"37","V11",0
0.4,1,"37","V12",0
0.4,1,"37","V13",0
0.4,1,"37","V14",0
0.4,1,"37","V15",0
0.4,1,"37","V16",0
0.4,1,"37","V17",0
0.4,1,"37","V18",0
0.4,1,"37","V19",0
0.4,1,"37","V20",0
0.4,1,"37","V21",0
0.4,1,"37","V22",0
0.4,1,"37","V23",0
0.4,1,"37","V24",0
0.4,1,"37","V25",0
0.4,1,"37","V26",0
0.4,1,"37","V27",0
0.4,1,"37","V28",0
0.4,1,"37","V29",0
0.4,1,"37","V30",0
0.4,1,"37","V31",0
0.4,1,"37","V32",0
0.4,1,"37","V33",0.0197298439613776
0.4,1,"37","V34",0
0.4,1,"37","V35",0
0.4,1,"37","V36",0
0.4,1,"37","V37",-1
0.4,1,"37","V38",0
0.4,1,"37","V39",0
0.4,1,"37","V40",0
0.4,1,"37","V41",0
0.4,1,"37","V42",0
0.4,1,"37","V43",0
0.4,1,"37","V44",0
0.4,1,"37","V45",0
0.4,1,"37","V46",0
0.4,1,"37","V47",0
0.4,1,"37","V48",0
0.4,1,"37","V49",0
0.4,1,"37","V50",0
0.4,1,"37","V51",0
0.4,1,"37","V52",0
0.4,1,"37","V53",0
0.4,1,"37","V54",0
0.4,1,"37","V55",0
0.4,1,"37","V56",0
0.4,1,"37","V57",0
0.4,1,"37","V58",0
0.4,1,"37","V59",0
0.4,1,"37","V60",0
0.4,1,"37","V61",0
0.4,1,"37","V62",0
0.4,1,"37","V63",0
0.4,1,"37","V64",0
0.4,1,"37","V65",0
0.4,1,"37","V66",0
0.4,1,"37","V67",0
0.4,1,"37","V68",0
0.4,1,"37","V69",0
0.4,1,"37","V70",0
0.4,1,"37","V71",0
0.4,1,"37","V72",0
0.4,1,"37","V73",0
0.4,1,"37","V74",0
0.4,1,"37","V75",0
0.4,1,"37","V76",0
0.4,1,"37","V77",0
0.4,1,"37","V78",0
0.4,1,"37","V79",0
0.4,1,"37","V80",0
0.4,1,"37","V81",0
0.4,1,"37","V82",0
0.4,1,"37","V83",0
0.4,1,"37","V84",0
0.4,1,"37","V85",0
0.4,1,"37","V86",0
0.4,1,"37","V87",0
0.4,1,"37","V88",0
0.4,1,"37","V89",0
0.4,1,"37","V90",0
0.4,1,"38","V1",0
0.4,1,"38","V2",0
0.4,1,"38","V3",0
0.4,1,"38","V4",0
0.4,1,"38","V5",0
0.4,1,"38","V6",0
0.4,1,"38","V7",0
0.4,1,"38","V8",0
0.4,1,"38","V9",0
0.4,1,"38","V10",0
0.4,1,"38","V11",0
0.4,1,"38","V12",0
0.4,1,"38","V13",0
0.4,1,"38","V14",0
0.4,1,"38","V15",0
0.4,1,"38","V16",0
0.4,1,"38","V17",0
0.4,1,"38","V18",0
0.4,1,"38","V19",0
0.4,1,"38","V20",0
0.4,1,"38","V21",0
0.4,1,"38","V22",0
0.4,1,"38","V23",0
0.4,1,"38","V24",0
0.4,1,"38","V25",0
0.4,1,"38","V26",0
0.4,1,"38","V27",0
0.4,1,"38","V28",0
0.4,1,"38","V29",0
0.4,1,"38","V30",0
0.4,1,"38","V31",0
0.4,1,"38","V32",0
0.4,1,"38","V33",0
0.4,1,"38","V34",0
0.4,1,"38","V35",0
0.4,1,"38","V36",0
0.4,1,"38","V37",0
0.4,1,"38","V38",-1
0.4,1,"38","V39",0
0.4,1,"38","V40",0
0.4,1,"38","V41",0
0.4,1,"38","V42",0
0.4,1,"38","V43",0
0.4,1,"38","V44",0
0.4,1,"38","V45",0
0.4,1,"38","V46",0
0.4,1,"38","V47",0
0.4,1,"38","V48",0
0.4,1,"38","V49",0
0.4,1,"38","V50",0
0.4,1,"38","V51",0
0.4,1,"38","V52",0
0.4,1,"38","V53",0
0.4,1,"38","V54",0
0.4,1,"38","V55",0
0.4,1,"38","V56",0
0.4,1,"38","V57",0
0.4,1,"38","V58",0
0.4,1,"38","V59",0
0.4,1,"38","V60",0
0.4,1,"38","V61",0
0.4,1,"38","V62",0
0.4,1,"38","V63",0
0.4,1,"38","V64",0
0.4,1,"38","V65",0
0.4,1,"38","V66",0
0.4,1,"38","V67",0
0.4,1,"38","V68",0
0.4,1,"38","V69",0
0.4,1,"38","V70",0
0.4,1,"38","V71",0
0.4,1,"38","V72",0
0.4,1,"38","V73",0
0.4,1,"38","V74",0
0.4,1,"38","V75",0
0.4,1,"38","V76",0
0.4,1,"38","V77",0
0.4,1,"38","V78",0
0.4,1,"38","V79",0
0.4,1,"38","V80",0
0.4,1,"38","V81",0
0.4,1,"38","V82",0
0.4,1,"38","V83",0
0.4,1,"38","V84",0
0.4,1,"38","V85",0
0.4,1,"38","V86",0
0.4,1,"38","V87",0
0.4,1,"38","V88",0
0.4,1,"38","V89",0
0.4,1,"38","V90",0
0.4,1,"39","V1",0
0.4,1,"39","V2",0
0.4,1,"39","V3",0
0.4,1,"39","V4",0
0.4,1,"39","V5",0
0.4,1,"39","V6",0
0.4,1,"39","V7",0
0.4,1,"39","V8",0
0.4,1,"39","V9",0
0.4,1,"39","V10",0
0.4,1,"39","V11",0
0.4,1,"39","V12",0
0.4,1,"39","V13",0
0.4,1,"39","V14",0
0.4,1,"39","V15",0
0.4,1,"39","V16",0
0.4,1,"39","V17",0
0.4,1,"39","V18",0
0.4,1,"39","V19",0
0.4,1,"39","V20",0
0.4,1,"39","V21",0
0.4,1,"39","V22",0
0.4,1,"39","V23",0
0.4,1,"39","V24",0
0.4,1,"39","V25",0
0.4,1,"39","V26",0
0.4,1,"39","V27",0
0.4,1,"39","V28",0
0.4,1,"39","V29",0
0.4,1,"39","V30",0
0.4,1,"39","V31",0
0.4,1,"39","V32",0
0.4,1,"39","V33",0
0.4,1,"39","V34",0
0.4,1,"39","V35",0
0.4,1,"39","V36",0
0.4,1,"39","V37",0
0.4,1,"39","V38",0
0.4,1,"39","V39",-1
0.4,1,"39","V40",0
0.4,1,"39","V41",0
0.4,1,"39","V42",0
0.4,1,"39","V43",0
0.4,1,"39","V44",0
0.4,1,"39","V45",0
0.4,1,"39","V46",0
0.4,1,"39","V47",0
0.4,1,"39","V48",0
0.4,1,"39","V49",0
0.4,1,"39","V50",0
0.4,1,"39","V51",0
0.4,1,"39","V52",0
0.4,1,"39","V53",0
0.4,1,"39","V54",0
0.4,1,"39","V55",0
0.4,1,"39","V56",0
0.4,1,"39","V57",0
0.4,1,"39","V58",0
0.4,1,"39","V59",0
0.4,1,"39","V60",0
0.4,1,"39","V61",0
0.4,1,"39","V62",0
0.4,1,"39","V63",0
0.4,1,"39","V64",0
0.4,1,"39","V65",0
0.4,1,"39","V66",0
0.4,1,"39","V67",0
0.4,1,"39","V68",0
0.4,1,"39","V69",0
0.4,1,"39","V70",0
0.4,1,"39","V71",0
0.4,1,"39","V72",0
0.4,1,"39","V73",0
0.4,1,"39","V74",0
0.4,1,"39","V75",0
0.4,1,"39","V76",0
0.4,1,"39","V77",0
0.4,1,"39","V78",0
0.4,1,"39","V79",0
0.4,1,"39","V80",0
0.4,1,"39","V81",0
0.4,1,"39","V82",0
0.4,1,"39","V83",0
0.4,1,"39","V84",0
0.4,1,"39","V85",0
0.4,1,"39","V86",0
0.4,1,"39","V87",0
0.4,1,"39","V88",0
0.4,1,"39","V89",0
0.4,1,"39","V90",0
0.4,1,"40","V1",0
0.4,1,"40","V2",0
0.4,1,"40","V3",0
0.4,1,"40","V4",0
0.4,1,"40","V5",0
0.4,1,"40","V6",0
0.4,1,"40","V7",0
0.4,1,"40","V8",0
0.4,1,"40","V9",0
0.4,1,"40","V10",0
0.4,1,"40","V11",0
0.4,1,"40","V12",0
0.4,1,"40","V13",0
0.4,1,"40","V14",0
0.4,1,"40","V15",0
0.4,1,"40","V16",0
0.4,1,"40","V17",0
0.4,1,"40","V18",0
0.4,1,"40","V19",0
0.4,1,"40","V20",0
0.4,1,"40","V21",0
0.4,1,"40","V22",0
0.4,1,"40","V23",0
0.4,1,"40","V24",0
0.4,1,"40","V25",0
0.4,1,"40","V26",0
0.4,1,"40","V27",0
0.4,1,"40","V28",0
0.4,1,"40","V29",0
0.4,1,"40","V30",0
0.4,1,"40","V31",0
0.4,1,"40","V32",0
0.4,1,"40","V33",0
0.4,1,"40","V34",0
0.4,1,"40","V35",0
0.4,1,"40","V36",0
0.4,1,"40","V37",0
0.4,1,"40","V38",0
0.4,1,"40","V39",0
0.4,1,"40","V40",-1
0.4,1,"40","V41",0
0.4,1,"40","V42",0
0.4,1,"40","V43",0
0.4,1,"40","V44",0
0.4,1,"40","V45",0
0.4,1,"40","V46",0
0.4,1,"40","V47",0
0.4,1,"40","V48",0
0.4,1,"40","V49",0
0.4,1,"40","V50",0
0.4,1,"40","V51",0
0.4,1,"40","V52",0
0.4,1,"40","V53",0
0.4,1,"40","V54",0
0.4,1,"40","V55",0
0.4,1,"40","V56",0
0.4,1,"40","V57",0
0.4,1,"40","V58",0
0.4,1,"40","V59",0
0.4,1,"40","V60",0
0.4,1,"40","V61",0
0.4,1,"40","V62",0
0.4,1,"40","V63",0
0.4,1,"40","V64",0
0.4,1,"40","V65",0
0.4,1,"40","V66",0
0.4,1,"40","V67",0
0.4,1,"40","V68",0
0.4,1,"40","V69",0
0.4,1,"40","V70",0
0.4,1,"40","V71",0
0.4,1,"40","V72",0
0.4,1,"40","V73",0
0.4,1,"40","V74",0
0.4,1,"40","V75",0
0.4,1,"40","V76",0
0.4,1,"40","V77",0
0.4,1,"40","V78",0
0.4,1,"40","V79",0
0.4,1,"40","V80",0
0.4,1,"40","V81",0
0.4,1,"40","V82",0
0.4,1,"40","V83",0
0.4,1,"40","V84",0
0.4,1,"40","V85",0
0.4,1,"40","V86",0
0.4,1,"40","V87",0
0.4,1,"40","V88",0
0.4,1,"40","V89",0
0.4,1,"40","V90",0
0.4,1,"41","V1",0
0.4,1,"41","V2",0
0.4,1,"41","V3",0
0.4,1,"41","V4",0
0.4,1,"41","V5",0
0.4,1,"41","V6",0
0.4,1,"41","V7",0
0.4,1,"41","V8",0
0.4,1,"41","V9",0
0.4,1,"41","V10",0
0.4,1,"41","V11",0
0.4,1,"41","V12",0
0.4,1,"41","V13",0
0.4,1,"41","V14",0
0.4,1,"41","V15",0
0.4,1,"41","V16",0
0.4,1,"41","V17",0
0.4,1,"41","V18",0
0.4,1,"41","V19",0
0.4,1,"41","V20",0
0.4,1,"41","V21",0
0.4,1,"41","V22",0
0.4,1,"41","V23",0
0.4,1,"41","V24",0
0.4,1,"41","V25",0
0.4,1,"41","V26",0
0.4,1,"41","V27",0
0.4,1,"41","V28",0
0.4,1,"41","V29",0
0.4,1,"41","V30",0
0.4,1,"41","V31",0
0.4,1,"41","V32",0
0.4,1,"41","V33",0
0.4,1,"41","V34",0
0.4,1,"41","V35",0
0.4,1,"41","V36",0
0.4,1,"41","V37",0
0.4,1,"41","V38",0
0.4,1,"41","V39",0
0.4,1,"41","V40",0
0.4,1,"41","V41",-1
0.4,1,"41","V42",0
0.4,1,"41","V43",0
0.4,1,"41","V44",0
0.4,1,"41","V45",0
0.4,1,"41","V46",0
0.4,1,"41","V47",0
0.4,1,"41","V48",0
0.4,1,"41","V49",0
0.4,1,"41","V50",0
0.4,1,"41","V51",0
0.4,1,"41","V52",0
0.4,1,"41","V53",0
0.4,1,"41","V54",0
0.4,1,"41","V55",0
0.4,1,"41","V56",0
0.4,1,"41","V57",0
0.4,1,"41","V58",0
0.4,1,"41","V59",0
0.4,1,"41","V60",0
0.4,1,"41","V61",0
0.4,1,"41","V62",0
0.4,1,"41","V63",0
0.4,1,"41","V64",0
0.4,1,"41","V65",0
0.4,1,"41","V66",0
0.4,1,"41","V67",0
0.4,1,"41","V68",0
0.4,1,"41","V69",0
0.4,1,"41","V70",0
0.4,1,"41","V71",0
0.4,1,"41","V72",0
0.4,1,"41","V73",0
0.4,1,"41","V74",0
0.4,1,"41","V75",0
0.4,1,"41","V76",0
0.4,1,"41","V77",0
0.4,1,"41","V78",0
0.4,1,"41","V79",0
0.4,1,"41","V80",0
0.4,1,"41","V81",0
0.4,1,"41","V82",0
0.4,1,"41","V83",0
0.4,1,"41","V84",0
0.4,1,"41","V85",0
0.4,1,"41","V86",0
0.4,1,"41","V87",0
0.4,1,"41","V88",0
0.4,1,"41","V89",0
0.4,1,"41","V90",0
0.4,1,"42","V1",0
0.4,1,"42","V2",0
0.4,1,"42","V3",0
0.4,1,"42","V4",0
0.4,1,"42","V5",0
0.4,1,"42","V6",0
0.4,1,"42","V7",0
0.4,1,"42","V8",0
0.4,1,"42","V9",0
0.4,1,"42","V10",0
0.4,1,"42","V11",0
0.4,1,"42","V12",0
0.4,1,"42","V13",0
0.4,1,"42","V14",0
0.4,1,"42","V15",0
0.4,1,"42","V16",0
0.4,1,"42","V17",0
0.4,1,"42","V18",0
0.4,1,"42","V19",0
0.4,1,"42","V20",0
0.4,1,"42","V21",0
0.4,1,"42","V22",0
0.4,1,"42","V23",0
0.4,1,"42","V24",0
0.4,1,"42","V25",0
0.4,1,"42","V26",0
0.4,1,"42","V27",0
0.4,1,"42","V28",0
0.4,1,"42","V29",0
0.4,1,"42","V30",0
0.4,1,"42","V31",0
0.4,1,"42","V32",0
0.4,1,"42","V33",0
0.4,1,"42","V34",0
0.4,1,"42","V35",0
0.4,1,"42","V36",0
0.4,1,"42","V37",0
0.4,1,"42","V38",0
0.4,1,"42","V39",0
0.4,1,"42","V40",0
0.4,1,"42","V41",0
0.4,1,"42","V42",-1
0.4,1,"42","V43",0
0.4,1,"42","V44",0
0.4,1,"42","V45",0
0.4,1,"42","V46",0
0.4,1,"42","V47",0
0.4,1,"42","V48",0
0.4,1,"42","V49",0
0.4,1,"42","V50",0
0.4,1,"42","V51",0
0.4,1,"42","V52",0
0.4,1,"42","V53",0
0.4,1,"42","V54",0
0.4,1,"42","V55",0
0.4,1,"42","V56",0
0.4,1,"42","V57",0
0.4,1,"42","V58",0
0.4,1,"42","V59",0
0.4,1,"42","V60",0
0.4,1,"42","V61",0
0.4,1,"42","V62",0
0.4,1,"42","V63",0
0.4,1,"42","V64",0
0.4,1,"42","V65",0
0.4,1,"42","V66",0
0.4,1,"42","V67",0
0.4,1,"42","V68",0
0.4,1,"42","V69",0
0.4,1,"42","V70",0
0.4,1,"42","V71",0
0.4,1,"42","V72",0
0.4,1,"42","V73",0
0.4,1,"42","V74",0
0.4,1,"42","V75",0
0.4,1,"42","V76",0
0.4,1,"42","V77",0
0.4,1,"42","V78",0
0.4,1,"42","V79",0
0.4,1,"42","V80",0
0.4,1,"42","V81",0
0.4,1,"42","V82",0
0.4,1,"42","V83",0
0.4,1,"42","V84",0
0.4,1,"42","V85",0
0.4,1,"42","V86",0
0.4,1,"42","V87",0
0.4,1,"42","V88",0
0.4,1,"42","V89",0
0.4,1,"42","V90",0
0.4,1,"43","V1",0
0.4,1,"43","V2",0
0.4,1,"43","V3",0
0.4,1,"43","V4",0
0.4,1,"43","V5",0
0.4,1,"43","V6",0
0.4,1,"43","V7",0
0.4,1,"43","V8",0
0.4,1,"43","V9",0
0.4,1,"43","V10",0
0.4,1,"43","V11",0
0.4,1,"43","V12",0
0.4,1,"43","V13",0
0.4,1,"43","V14",0
0.4,1,"43","V15",0
0.4,1,"43","V16",0
0.4,1,"43","V17",0
0.4,1,"43","V18",0
0.4,1,"43","V19",0
0.4,1,"43","V20",0
0.4,1,"43","V21",0
0.4,1,"43","V22",0
0.4,1,"43","V23",0
0.4,1,"43","V24",0
0.4,1,"43","V25",0
0.4,1,"43","V26",0
0.4,1,"43","V27",0
0.4,1,"43","V28",0
0.4,1,"43","V29",0
0.4,1,"43","V30",0
0.4,1,"43","V31",0
0.4,1,"43","V32",0
0.4,1,"43","V33",0
0.4,1,"43","V34",0
0.4,1,"43","V35",0
0.4,1,"43","V36",0
0.4,1,"43","V37",0
0.4,1,"43","V38",0
0.4,1,"43","V39",0
0.4,1,"43","V40",0
0.4,1,"43","V41",0
0.4,1,"43","V42",0
0.4,1,"43","V43",-1
0.4,1,"43","V44",0
0.4,1,"43","V45",0
0.4,1,"43","V46",0
0.4,1,"43","V47",0
0.4,1,"43","V48",0
0.4,1,"43","V49",0
0.4,1,"43","V50",0
0.4,1,"43","V51",0
0.4,1,"43","V52",0
0.4,1,"43","V53",0
0.4,1,"43","V54",0
0.4,1,"43","V55",0
0.4,1,"43","V56",0
0.4,1,"43","V57",0
0.4,1,"43","V58",0
0.4,1,"43","V59",0
0.4,1,"43","V60",0
0.4,1,"43","V61",0
0.4,1,"43","V62",0
0.4,1,"43","V63",0
0.4,1,"43","V64",0
0.4,1,"43","V65",0
0.4,1,"43","V66",0
0.4,1,"43","V67",0
0.4,1,"43","V68",0
0.4,1,"43","V69",0
0.4,1,"43","V70",0
0.4,1,"43","V71",0
0.4,1,"43","V72",0
0.4,1,"43","V73",0
0.4,1,"43","V74",0
0.4,1,"43","V75",0
0.4,1,"43","V76",0
0.4,1,"43","V77",0
0.4,1,"43","V78",0
0.4,1,"43","V79",0
0.4,1,"43","V80",0
0.4,1,"43","V81",0
0.4,1,"43","V82",0
0.4,1,"43","V83",0
0.4,1,"43","V84",0
0.4,1,"43","V85",0
0.4,1,"43","V86",0
0.4,1,"43","V87",0
0.4,1,"43","V88",0
0.4,1,"43","V89",0
0.4,1,"43","V90",0
0.4,1,"44","V1",0
0.4,1,"44","V2",0
0.4,1,"44","V3",0
0.4,1,"44","V4",0
0.4,1,"44","V5",0
0.4,1,"44","V6",0
0.4,1,"44","V7",0
0.4,1,"44","V8",0
0.4,1,"44","V9",0
0.4,1,"44","V10",0
0.4,1,"44","V11",0
0.4,1,"44","V12",0
0.4,1,"44","V13",0
0.4,1,"44","V14",0
0.4,1,"44","V15",0
0.4,1,"44","V16",0
0.4,1,"44","V17",0
0.4,1,"44","V18",0
0.4,1,"44","V19",0
0.4,1,"44","V20",0
0.4,1,"44","V21",0
0.4,1,"44","V22",0
0.4,1,"44","V23",0
0.4,1,"44","V24",0
0.4,1,"44","V25",0
0.4,1,"44","V26",0
0.4,1,"44","V27",0
0.4,1,"44","V28",0
0.4,1,"44","V29",0
0.4,1,"44","V30",0
0.4,1,"44","V31",0
0.4,1,"44","V32",0
0.4,1,"44","V33",0
0.4,1,"44","V34",0
0.4,1,"44","V35",0
0.4,1,"44","V36",0
0.4,1,"44","V37",0
0.4,1,"44","V38",0
0.4,1,"44","V39",0
0.4,1,"44","V40",0
0.4,1,"44","V41",0
0.4,1,"44","V42",0
0.4,1,"44","V43",0
0.4,1,"44","V44",-1
0.4,1,"44","V45",0
0.4,1,"44","V46",0
0.4,1,"44","V47",0
0.4,1,"44","V48",0
0.4,1,"44","V49",0
0.4,1,"44","V50",0
0.4,1,"44","V51",0
0.4,1,"44","V52",0
0.4,1,"44","V53",0
0.4,1,"44","V54",0
0.4,1,"44","V55",0
0.4,1,"44","V56",0
0.4,1,"44","V57",0
0.4,1,"44","V58",0
0.4,1,"44","V59",0
0.4,1,"44","V60",0
0.4,1,"44","V61",0
0.4,1,"44","V62",0
0.4,1,"44","V63",0
0.4,1,"44","V64",0
0.4,1,"44","V65",0
0.4,1,"44","V66",0
0.4,1,"44","V67",0
0.4,1,"44","V68",0
0.4,1,"44","V69",0
0.4,1,"44","V70",0
0.4,1,"44","V71",0
0.4,1,"44","V72",0
0.4,1,"44","V73",0
0.4,1,"44","V74",0
0.4,1,"44","V75",0
0.4,1,"44","V76",0
0.4,1,"44","V77",0
0.4,1,"44","V78",0
0.4,1,"44","V79",0
0.4,1,"44","V80",0
0.4,1,"44","V81",0
0.4,1,"44","V82",0
0.4,1,"44","V83",0
0.4,1,"44","V84",0
0.4,1,"44","V85",0
0.4,1,"44","V86",0
0.4,1,"44","V87",0
0.4,1,"44","V88",0
0.4,1,"44","V89",0
0.4,1,"44","V90",0
0.4,1,"45","V1",0
0.4,1,"45","V2",0
0.4,1,"45","V3",0
0.4,1,"45","V4",0
0.4,1,"45","V5",0
0.4,1,"45","V6",0
0.4,1,"45","V7",0
0.4,1,"45","V8",0
0.4,1,"45","V9",0
0.4,1,"45","V10",0
0.4,1,"45","V11",0
0.4,1,"45","V12",0
0.4,1,"45","V13",0
0.4,1,"45","V14",0
0.4,1,"45","V15",0
0.4,1,"45","V16",0
0.4,1,"45","V17",0
0.4,1,"45","V18",0
0.4,1,"45","V19",0
0.4,1,"45","V20",0
0.4,1,"45","V21",0
0.4,1,"45","V22",0
0.4,1,"45","V23",0
0.4,1,"45","V24",0
0.4,1,"45","V25",0
0.4,1,"45","V26",0
0.4,1,"45","V27",0
0.4,1,"45","V28",0
0.4,1,"45","V29",0
0.4,1,"45","V30",0
0.4,1,"45","V31",0
0.4,1,"45","V32",0
0.4,1,"45","V33",0
0.4,1,"45","V34",0
0.4,1,"45","V35",0
0.4,1,"45","V36",0
0.4,1,"45","V37",0
0.4,1,"45","V38",0
0.4,1,"45","V39",0
0.4,1,"45","V40",0
0.4,1,"45","V41",0
0.4,1,"45","V42",0
0.4,1,"45","V43",0
0.4,1,"45","V44",0
0.4,1,"45","V45",-1
0.4,1,"45","V46",0
0.4,1,"45","V47",0
0.4,1,"45","V48",0
0.4,1,"45","V49",0
0.4,1,"45","V50",0
0.4,1,"45","V51",0
0.4,1,"45","V52",0
0.4,1,"45","V53",0
0.4,1,"45","V54",0
0.4,1,"45","V55",0
0.4,1,"45","V56",0
0.4,1,"45","V57",0
0.4,1,"45","V58",0
0.4,1,"45","V59",0
0.4,1,"45","V60",0
0.4,1,"45","V61",0
0.4,1,"45","V62",0
0.4,1,"45","V63",0
0.4,1,"45","V64",0
0.4,1,"45","V65",0
0.4,1,"45","V66",0
0.4,1,"45","V67",0
0.4,1,"45","V68",0
0.4,1,"45","V69",0
0.4,1,"45","V70",0
0.4,1,"45","V71",0
0.4,1,"45","V72",0
0.4,1,"45","V73",0
0.4,1,"45","V74",0
0.4,1,"45","V75",0
0.4,1,"45","V76",0
0.4,1,"45","V77",0
0.4,1,"45","V78",0
0.4,1,"45","V79",0
0.4,1,"45","V80",0
0.4,1,"45","V81",0
0.4,1,"45","V82",0
0.4,1,"45","V83",0
0.4,1,"45","V84",0
0.4,1,"45","V85",0
0.4,1,"45","V86",0
0.4,1,"45","V87",0
0.4,1,"45","V88",0
0.4,1,"45","V89",0
0.4,1,"45","V90",0
0.4,1,"46","V1",0
0.4,1,"46","V2",0
0.4,1,"46","V3",0
0.4,1,"46","V4",0
0.4,1,"46","V5",0
0.4,1,"46","V6",0
0.4,1,"46","V7",0
0.4,1,"46","V8",0
0.4,1,"46","V9",0
0.4,1,"46","V10",0
0.4,1,"46","V11",0
0.4,1,"46","V12",0
0.4,1,"46","V13",0
0.4,1,"46","V14",0
0.4,1,"46","V15",0
0.4,1,"46","V16",0
0.4,1,"46","V17",0
0.4,1,"46","V18",0
0.4,1,"46","V19",0
0.4,1,"46","V20",0
0.4,1,"46","V21",0
0.4,1,"46","V22",0
0.4,1,"46","V23",0
0.4,1,"46","V24",0
0.4,1,"46","V25",0
0.4,1,"46","V26",0
0.4,1,"46","V27",0
0.4,1,"46","V28",0
0.4,1,"46","V29",0
0.4,1,"46","V30",0
0.4,1,"46","V31",0
0.4,1,"46","V32",0
0.4,1,"46","V33",0
0.4,1,"46","V34",0
0.4,1,"46","V35",0
0.4,1,"46","V36",0
0.4,1,"46","V37",0
0.4,1,"46","V38",0
0.4,1,"46","V39",0
0.4,1,"46","V40",0
0.4,1,"46","V41",0
0.4,1,"46","V42",0
0.4,1,"46","V43",0
0.4,1,"46","V44",0
0.4,1,"46","V45",0
0.4,1,"46","V46",-1
0.4,1,"46","V47",0
0.4,1,"46","V48",0
0.4,1,"46","V49",0
0.4,1,"46","V50",0
0.4,1,"46","V51",0
0.4,1,"46","V52",0
0.4,1,"46","V53",0
0.4,1,"46","V54",0
0.4,1,"46","V55",0
0.4,1,"46","V56",0
0.4,1,"46","V57",0
0.4,1,"46","V58",0
0.4,1,"46","V59",0
0.4,1,"46","V60",0
0.4,1,"46","V61",0
0.4,1,"46","V62",0
0.4,1,"46","V63",0
0.4,1,"46","V64",0
0.4,1,"46","V65",0
0.4,1,"46","V66",0
0.4,1,"46","V67",0
0.4,1,"46","V68",0
0.4,1,"46","V69",0
0.4,1,"46","V70",0
0.4,1,"46","V71",0
0.4,1,"46","V72",0
0.4,1,"46","V73",0
0.4,1,"46","V74",0
0.4,1,"46","V75",0
0.4,1,"46","V76",0
0.4,1,"46","V77",0
0.4,1,"46","V78",0
0.4,1,"46","V79",0
0.4,1,"46","V80",0
0.4,1,"46","V81",0
0.4,1,"46","V82",0
0.4,1,"46","V83",0
0.4,1,"46","V84",0
0.4,1,"46","V85",0
0.4,1,"46","V86",0
0.4,1,"46","V87",0
0.4,1,"46","V88",0
0.4,1,"46","V89",0
0.4,1,"46","V90",0
0.4,1,"47","V1",0
0.4,1,"47","V2",0
0.4,1,"47","V3",0
0.4,1,"47","V4",0
0.4,1,"47","V5",0
0.4,1,"47","V6",0
0.4,1,"47","V7",0
0.4,1,"47","V8",0
0.4,1,"47","V9",0
0.4,1,"47","V10",0
0.4,1,"47","V11",0
0.4,1,"47","V12",0
0.4,1,"47","V13",0
0.4,1,"47","V14",0
0.4,1,"47","V15",0
0.4,1,"47","V16",0
0.4,1,"47","V17",0
0.4,1,"47","V18",0
0.4,1,"47","V19",0
0.4,1,"47","V20",0
0.4,1,"47","V21",0
0.4,1,"47","V22",0
0.4,1,"47","V23",0
0.4,1,"47","V24",0
0.4,1,"47","V25",0
0.4,1,"47","V26",0
0.4,1,"47","V27",0
0.4,1,"47","V28",0
0.4,1,"47","V29",0
0.4,1,"47","V30",0
0.4,1,"47","V31",0
0.4,1,"47","V32",0
0.4,1,"47","V33",0
0.4,1,"47","V34",0
0.4,1,"47","V35",0
0.4,1,"47","V36",0
0.4,1,"47","V37",0
0.4,1,"47","V38",0
0.4,1,"47","V39",0
0.4,1,"47","V40",0
0.4,1,"47","V41",0
0.4,1,"47","V42",0
0.4,1,"47","V43",0
0.4,1,"47","V44",0.0355527919062902
0.4,1,"47","V45",0
0.4,1,"47","V46",0
0.4,1,"47","V47",-1
0.4,1,"47","V48",0.0427420643329715
0.4,1,"47","V49",0
0.4,1,"47","V50",0
0.4,1,"47","V51",0
0.4,1,"47","V52",0
0.4,1,"47","V53",0
0.4,1,"47","V54",0
0.4,1,"47","V55",0.0147276732326526
0.4,1,"47","V56",0
0.4,1,"47","V57",0
0.4,1,"47","V58",0
0.4,1,"47","V59",0
0.4,1,"47","V60",0
0.4,1,"47","V61",0
0.4,1,"47","V62",0.00922806100073388
0.4,1,"47","V63",0
0.4,1,"47","V64",0
0.4,1,"47","V65",0
0.4,1,"47","V66",0
0.4,1,"47","V67",0
0.4,1,"47","V68",0
0.4,1,"47","V69",0
0.4,1,"47","V70",0
0.4,1,"47","V71",0
0.4,1,"47","V72",0
0.4,1,"47","V73",0
0.4,1,"47","V74",0
0.4,1,"47","V75",0
0.4,1,"47","V76",0
0.4,1,"47","V77",0
0.4,1,"47","V78",0
0.4,1,"47","V79",0
0.4,1,"47","V80",0
0.4,1,"47","V81",0
0.4,1,"47","V82",0
0.4,1,"47","V83",0
0.4,1,"47","V84",0
0.4,1,"47","V85",0
0.4,1,"47","V86",0
0.4,1,"47","V87",0
0.4,1,"47","V88",0
0.4,1,"47","V89",0
0.4,1,"47","V90",0
0.4,1,"48","V1",0
0.4,1,"48","V2",0
0.4,1,"48","V3",0
0.4,1,"48","V4",0
0.4,1,"48","V5",0
0.4,1,"48","V6",0
0.4,1,"48","V7",0
0.4,1,"48","V8",0
0.4,1,"48","V9",0
0.4,1,"48","V10",0
0.4,1,"48","V11",0
0.4,1,"48","V12",0
0.4,1,"48","V13",0
0.4,1,"48","V14",0
0.4,1,"48","V15",0
0.4,1,"48","V16",0
0.4,1,"48","V17",0
0.4,1,"48","V18",0
0.4,1,"48","V19",0
0.4,1,"48","V20",0
0.4,1,"48","V21",0
0.4,1,"48","V22",0
0.4,1,"48","V23",0
0.4,1,"48","V24",0
0.4,1,"48","V25",0
0.4,1,"48","V26",0
0.4,1,"48","V27",0
0.4,1,"48","V28",0
0.4,1,"48","V29",0
0.4,1,"48","V30",0
0.4,1,"48","V31",0
0.4,1,"48","V32",0
0.4,1,"48","V33",0
0.4,1,"48","V34",0
0.4,1,"48","V35",0
0.4,1,"48","V36",0
0.4,1,"48","V37",0
0.4,1,"48","V38",0
0.4,1,"48","V39",0
0.4,1,"48","V40",0
0.4,1,"48","V41",0
0.4,1,"48","V42",0
0.4,1,"48","V43",0
0.4,1,"48","V44",0
0.4,1,"48","V45",0
0.4,1,"48","V46",0
0.4,1,"48","V47",0
0.4,1,"48","V48",-1
0.4,1,"48","V49",0
0.4,1,"48","V50",0
0.4,1,"48","V51",0
0.4,1,"48","V52",0
0.4,1,"48","V53",0
0.4,1,"48","V54",0
0.4,1,"48","V55",0
0.4,1,"48","V56",0
0.4,1,"48","V57",0
0.4,1,"48","V58",0
0.4,1,"48","V59",0
0.4,1,"48","V60",0
0.4,1,"48","V61",0
0.4,1,"48","V62",0
0.4,1,"48","V63",0
0.4,1,"48","V64",0
0.4,1,"48","V65",0
0.4,1,"48","V66",0
0.4,1,"48","V67",0
0.4,1,"48","V68",0
0.4,1,"48","V69",0
0.4,1,"48","V70",0
0.4,1,"48","V71",0
0.4,1,"48","V72",0
0.4,1,"48","V73",0
0.4,1,"48","V74",0
0.4,1,"48","V75",0
0.4,1,"48","V76",0
0.4,1,"48","V77",0
0.4,1,"48","V78",0
0.4,1,"48","V79",0
0.4,1,"48","V80",0
0.4,1,"48","V81",0
0.4,1,"48","V82",0
0.4,1,"48","V83",0
0.4,1,"48","V84",0
0.4,1,"48","V85",0
0.4,1,"48","V86",0
0.4,1,"48","V87",0
0.4,1,"48","V88",0
0.4,1,"48","V89",0
0.4,1,"48","V90",0
0.4,1,"49","V1",0
0.4,1,"49","V2",0
0.4,1,"49","V3",0
0.4,1,"49","V4",0
0.4,1,"49","V5",0
0.4,1,"49","V6",0
0.4,1,"49","V7",0
0.4,1,"49","V8",0
0.4,1,"49","V9",0
0.4,1,"49","V10",0
0.4,1,"49","V11",0
0.4,1,"49","V12",0
0.4,1,"49","V13",0
0.4,1,"49","V14",0
0.4,1,"49","V15",0
0.4,1,"49","V16",0
0.4,1,"49","V17",0
0.4,1,"49","V18",0
0.4,1,"49","V19",0
0.4,1,"49","V20",0
0.4,1,"49","V21",0
0.4,1,"49","V22",0
0.4,1,"49","V23",0
0.4,1,"49","V24",0
0.4,1,"49","V25",0
0.4,1,"49","V26",0
0.4,1,"49","V27",0
0.4,1,"49","V28",0
0.4,1,"49","V29",0
0.4,1,"49","V30",0
0.4,1,"49","V31",0
0.4,1,"49","V32",0
0.4,1,"49","V33",0
0.4,1,"49","V34",0
0.4,1,"49","V35",0
0.4,1,"49","V36",0
0.4,1,"49","V37",0
0.4,1,"49","V38",0
0.4,1,"49","V39",0
0.4,1,"49","V40",0
0.4,1,"49","V41",0
0.4,1,"49","V42",0
0.4,1,"49","V43",0
0.4,1,"49","V44",0
0.4,1,"49","V45",0
0.4,1,"49","V46",0
0.4,1,"49","V47",0
0.4,1,"49","V48",0
0.4,1,"49","V49",-1
0.4,1,"49","V50",0
0.4,1,"49","V51",0
0.4,1,"49","V52",0
0.4,1,"49","V53",0
0.4,1,"49","V54",0
0.4,1,"49","V55",0
0.4,1,"49","V56",0
0.4,1,"49","V57",0
0.4,1,"49","V58",0
0.4,1,"49","V59",0
0.4,1,"49","V60",0
0.4,1,"49","V61",0
0.4,1,"49","V62",0
0.4,1,"49","V63",0
0.4,1,"49","V64",0
0.4,1,"49","V65",0
0.4,1,"49","V66",0
0.4,1,"49","V67",0
0.4,1,"49","V68",0
0.4,1,"49","V69",0
0.4,1,"49","V70",0
0.4,1,"49","V71",0
0.4,1,"49","V72",0
0.4,1,"49","V73",0
0.4,1,"49","V74",0
0.4,1,"49","V75",0
0.4,1,"49","V76",0
0.4,1,"49","V77",0
0.4,1,"49","V78",0
0.4,1,"49","V79",0
0.4,1,"49","V80",0
0.4,1,"49","V81",0
0.4,1,"49","V82",0
0.4,1,"49","V83",0
0.4,1,"49","V84",0
0.4,1,"49","V85",0
0.4,1,"49","V86",0
0.4,1,"49","V87",0
0.4,1,"49","V88",0
0.4,1,"49","V89",0
0.4,1,"49","V90",0
0.4,1,"50","V1",0
0.4,1,"50","V2",0
0.4,1,"50","V3",0
0.4,1,"50","V4",0
0.4,1,"50","V5",0
0.4,1,"50","V6",0
0.4,1,"50","V7",0
0.4,1,"50","V8",0
0.4,1,"50","V9",0
0.4,1,"50","V10",0
0.4,1,"50","V11",0
0.4,1,"50","V12",0
0.4,1,"50","V13",0
0.4,1,"50","V14",0.00243963500123592
0.4,1,"50","V15",0
0.4,1,"50","V16",0
0.4,1,"50","V17",0
0.4,1,"50","V18",0
0.4,1,"50","V19",0
0.4,1,"50","V20",0
0.4,1,"50","V21",0
0.4,1,"50","V22",0
0.4,1,"50","V23",0
0.4,1,"50","V24",0
0.4,1,"50","V25",0
0.4,1,"50","V26",0
0.4,1,"50","V27",0
0.4,1,"50","V28",0
0.4,1,"50","V29",0
0.4,1,"50","V30",0
0.4,1,"50","V31",0
0.4,1,"50","V32",0
0.4,1,"50","V33",0
0.4,1,"50","V34",0
0.4,1,"50","V35",0
0.4,1,"50","V36",0
0.4,1,"50","V37",0
0.4,1,"50","V38",0
0.4,1,"50","V39",0
0.4,1,"50","V40",0
0.4,1,"50","V41",0
0.4,1,"50","V42",0
0.4,1,"50","V43",0
0.4,1,"50","V44",0
0.4,1,"50","V45",0
0.4,1,"50","V46",0
0.4,1,"50","V47",0
0.4,1,"50","V48",0
0.4,1,"50","V49",0
0.4,1,"50","V50",-1
0.4,1,"50","V51",0
0.4,1,"50","V52",0
0.4,1,"50","V53",0
0.4,1,"50","V54",0
0.4,1,"50","V55",0
0.4,1,"50","V56",0
0.4,1,"50","V57",0
0.4,1,"50","V58",0
0.4,1,"50","V59",0
0.4,1,"50","V60",0
0.4,1,"50","V61",0
0.4,1,"50","V62",0
0.4,1,"50","V63",0
0.4,1,"50","V64",0
0.4,1,"50","V65",0
0.4,1,"50","V66",0
0.4,1,"50","V67",0
0.4,1,"50","V68",0
0.4,1,"50","V69",0
0.4,1,"50","V70",0
0.4,1,"50","V71",0
0.4,1,"50","V72",0
0.4,1,"50","V73",0
0.4,1,"50","V74",0
0.4,1,"50","V75",0.0270005460812634
0.4,1,"50","V76",0
0.4,1,"50","V77",0
0.4,1,"50","V78",0
0.4,1,"50","V79",0
0.4,1,"50","V80",0
0.4,1,"50","V81",0
0.4,1,"50","V82",0
0.4,1,"50","V83",0
0.4,1,"50","V84",0
0.4,1,"50","V85",0
0.4,1,"50","V86",0
0.4,1,"50","V87",0
0.4,1,"50","V88",0
0.4,1,"50","V89",0
0.4,1,"50","V90",0
0.4,1,"51","V1",0
0.4,1,"51","V2",0
0.4,1,"51","V3",0
0.4,1,"51","V4",0
0.4,1,"51","V5",0
0.4,1,"51","V6",0
0.4,1,"51","V7",0
0.4,1,"51","V8",0
0.4,1,"51","V9",0
0.4,1,"51","V10",0
0.4,1,"51","V11",0
0.4,1,"51","V12",0
0.4,1,"51","V13",0
0.4,1,"51","V14",0
0.4,1,"51","V15",0
0.4,1,"51","V16",0
0.4,1,"51","V17",0
0.4,1,"51","V18",0
0.4,1,"51","V19",0
0.4,1,"51","V20",0
0.4,1,"51","V21",0
0.4,1,"51","V22",0
0.4,1,"51","V23",0
0.4,1,"51","V24",0
0.4,1,"51","V25",0
0.4,1,"51","V26",0
0.4,1,"51","V27",0
0.4,1,"51","V28",0
0.4,1,"51","V29",0
0.4,1,"51","V30",0
0.4,1,"51","V31",0
0.4,1,"51","V32",0
0.4,1,"51","V33",0
0.4,1,"51","V34",0
0.4,1,"51","V35",0
0.4,1,"51","V36",0
0.4,1,"51","V37",0
0.4,1,"51","V38",0
0.4,1,"51","V39",0
0.4,1,"51","V40",0
0.4,1,"51","V41",0
0.4,1,"51","V42",0
0.4,1,"51","V43",0
0.4,1,"51","V44",0
0.4,1,"51","V45",0
0.4,1,"51","V46",0
0.4,1,"51","V47",0
0.4,1,"51","V48",0
0.4,1,"51","V49",0
0.4,1,"51","V50",0
0.4,1,"51","V51",-1
0.4,1,"51","V52",0
0.4,1,"51","V53",0
0.4,1,"51","V54",0
0.4,1,"51","V55",0
0.4,1,"51","V56",0
0.4,1,"51","V57",0
0.4,1,"51","V58",0
0.4,1,"51","V59",0
0.4,1,"51","V60",0
0.4,1,"51","V61",0
0.4,1,"51","V62",0
0.4,1,"51","V63",0
0.4,1,"51","V64",0
0.4,1,"51","V65",0
0.4,1,"51","V66",0
0.4,1,"51","V67",0
0.4,1,"51","V68",0
0.4,1,"51","V69",0
0.4,1,"51","V70",0
0.4,1,"51","V71",0
0.4,1,"51","V72",0
0.4,1,"51","V73",0
0.4,1,"51","V74",0
0.4,1,"51","V75",0
0.4,1,"51","V76",0
0.4,1,"51","V77",0
0.4,1,"51","V78",0
0.4,1,"51","V79",0
0.4,1,"51","V80",0
0.4,1,"51","V81",0
0.4,1,"51","V82",0
0.4,1,"51","V83",0
0.4,1,"51","V84",0
0.4,1,"51","V85",0
0.4,1,"51","V86",0
0.4,1,"51","V87",0
0.4,1,"51","V88",0
0.4,1,"51","V89",0
0.4,1,"51","V90",0
0.4,1,"52","V1",0
0.4,1,"52","V2",0
0.4,1,"52","V3",0
0.4,1,"52","V4",0
0.4,1,"52","V5",0
0.4,1,"52","V6",0
0.4,1,"52","V7",0
0.4,1,"52","V8",0
0.4,1,"52","V9",0
0.4,1,"52","V10",0
0.4,1,"52","V11",0
0.4,1,"52","V12",0
0.4,1,"52","V13",0
0.4,1,"52","V14",0
0.4,1,"52","V15",0
0.4,1,"52","V16",0
0.4,1,"52","V17",0
0.4,1,"52","V18",0
0.4,1,"52","V19",0
0.4,1,"52","V20",0
0.4,1,"52","V21",0
0.4,1,"52","V22",0
0.4,1,"52","V23",0
0.4,1,"52","V24",0
0.4,1,"52","V25",0
0.4,1,"52","V26",0
0.4,1,"52","V27",0
0.4,1,"52","V28",0
0.4,1,"52","V29",0
0.4,1,"52","V30",0
0.4,1,"52","V31",0
0.4,1,"52","V32",0
0.4,1,"52","V33",0
0.4,1,"52","V34",0
0.4,1,"52","V35",0
0.4,1,"52","V36",0
0.4,1,"52","V37",0
0.4,1,"52","V38",0
0.4,1,"52","V39",0
0.4,1,"52","V40",0
0.4,1,"52","V41",0
0.4,1,"52","V42",0
0.4,1,"52","V43",0
0.4,1,"52","V44",0
0.4,1,"52","V45",0
0.4,1,"52","V46",0
0.4,1,"52","V47",0
0.4,1,"52","V48",0
0.4,1,"52","V49",0
0.4,1,"52","V50",0
0.4,1,"52","V51",0
0.4,1,"52","V52",-1
0.4,1,"52","V53",0
0.4,1,"52","V54",0
0.4,1,"52","V55",0
0.4,1,"52","V56",0
0.4,1,"52","V57",0
0.4,1,"52","V58",0
0.4,1,"52","V59",0
0.4,1,"52","V60",0
0.4,1,"52","V61",0
0.4,1,"52","V62",0
0.4,1,"52","V63",0
0.4,1,"52","V64",0
0.4,1,"52","V65",0
0.4,1,"52","V66",0
0.4,1,"52","V67",0
0.4,1,"52","V68",0
0.4,1,"52","V69",0
0.4,1,"52","V70",0
0.4,1,"52","V71",0
0.4,1,"52","V72",0
0.4,1,"52","V73",0
0.4,1,"52","V74",0
0.4,1,"52","V75",0
0.4,1,"52","V76",0
0.4,1,"52","V77",0
0.4,1,"52","V78",0
0.4,1,"52","V79",0
0.4,1,"52","V80",0
0.4,1,"52","V81",0
0.4,1,"52","V82",0
0.4,1,"52","V83",0
0.4,1,"52","V84",0
0.4,1,"52","V85",0
0.4,1,"52","V86",0
0.4,1,"52","V87",0
0.4,1,"52","V88",0
0.4,1,"52","V89",0
0.4,1,"52","V90",0
0.4,1,"53","V1",0
0.4,1,"53","V2",0
0.4,1,"53","V3",0
0.4,1,"53","V4",0
0.4,1,"53","V5",0
0.4,1,"53","V6",0
0.4,1,"53","V7",0
0.4,1,"53","V8",0
0.4,1,"53","V9",0
0.4,1,"53","V10",0
0.4,1,"53","V11",0
0.4,1,"53","V12",0
0.4,1,"53","V13",0
0.4,1,"53","V14",0
0.4,1,"53","V15",0
0.4,1,"53","V16",0
0.4,1,"53","V17",0
0.4,1,"53","V18",0
0.4,1,"53","V19",0
0.4,1,"53","V20",0
0.4,1,"53","V21",0
0.4,1,"53","V22",0
0.4,1,"53","V23",0
0.4,1,"53","V24",0
0.4,1,"53","V25",0
0.4,1,"53","V26",0
0.4,1,"53","V27",0
0.4,1,"53","V28",0
0.4,1,"53","V29",0
0.4,1,"53","V30",0
0.4,1,"53","V31",0
0.4,1,"53","V32",0
0.4,1,"53","V33",0
0.4,1,"53","V34",0
0.4,1,"53","V35",0
0.4,1,"53","V36",0
0.4,1,"53","V37",0
0.4,1,"53","V38",0
0.4,1,"53","V39",0
0.4,1,"53","V40",0
0.4,1,"53","V41",0
0.4,1,"53","V42",0
0.4,1,"53","V43",0
0.4,1,"53","V44",0
0.4,1,"53","V45",0
0.4,1,"53","V46",0
0.4,1,"53","V47",0
0.4,1,"53","V48",0
0.4,1,"53","V49",0
0.4,1,"53","V50",0
0.4,1,"53","V51",0
0.4,1,"53","V52",0
0.4,1,"53","V53",-1
0.4,1,"53","V54",0
0.4,1,"53","V55",0
0.4,1,"53","V56",0
0.4,1,"53","V57",0
0.4,1,"53","V58",0
0.4,1,"53","V59",0
0.4,1,"53","V60",0
0.4,1,"53","V61",0
0.4,1,"53","V62",0
0.4,1,"53","V63",0
0.4,1,"53","V64",0
0.4,1,"53","V65",0
0.4,1,"53","V66",0
0.4,1,"53","V67",0
0.4,1,"53","V68",0
0.4,1,"53","V69",0
0.4,1,"53","V70",0
0.4,1,"53","V71",0
0.4,1,"53","V72",0
0.4,1,"53","V73",0
0.4,1,"53","V74",0
0.4,1,"53","V75",0
0.4,1,"53","V76",0
0.4,1,"53","V77",0
0.4,1,"53","V78",0
0.4,1,"53","V79",0
0.4,1,"53","V80",0
0.4,1,"53","V81",0
0.4,1,"53","V82",0
0.4,1,"53","V83",0
0.4,1,"53","V84",0
0.4,1,"53","V85",0
0.4,1,"53","V86",0
0.4,1,"53","V87",0
0.4,1,"53","V88",0
0.4,1,"53","V89",0
0.4,1,"53","V90",0
0.4,1,"54","V1",0
0.4,1,"54","V2",0
0.4,1,"54","V3",0
0.4,1,"54","V4",0
0.4,1,"54","V5",0
0.4,1,"54","V6",0
0.4,1,"54","V7",0
0.4,1,"54","V8",0
0.4,1,"54","V9",0
0.4,1,"54","V10",0
0.4,1,"54","V11",0
0.4,1,"54","V12",0
0.4,1,"54","V13",0
0.4,1,"54","V14",0
0.4,1,"54","V15",0
0.4,1,"54","V16",0
0.4,1,"54","V17",0
0.4,1,"54","V18",0
0.4,1,"54","V19",0
0.4,1,"54","V20",0
0.4,1,"54","V21",0
0.4,1,"54","V22",0
0.4,1,"54","V23",0
0.4,1,"54","V24",0
0.4,1,"54","V25",0
0.4,1,"54","V26",0
0.4,1,"54","V27",0
0.4,1,"54","V28",0
0.4,1,"54","V29",0
0.4,1,"54","V30",0
0.4,1,"54","V31",0
0.4,1,"54","V32",0
0.4,1,"54","V33",0
0.4,1,"54","V34",0
0.4,1,"54","V35",0
0.4,1,"54","V36",0
0.4,1,"54","V37",0
0.4,1,"54","V38",0
0.4,1,"54","V39",0
0.4,1,"54","V40",0
0.4,1,"54","V41",0
0.4,1,"54","V42",0
0.4,1,"54","V43",0
0.4,1,"54","V44",0
0.4,1,"54","V45",0
0.4,1,"54","V46",0
0.4,1,"54","V47",0
0.4,1,"54","V48",0
0.4,1,"54","V49",0
0.4,1,"54","V50",0
0.4,1,"54","V51",0
0.4,1,"54","V52",0
0.4,1,"54","V53",0
0.4,1,"54","V54",-1
0.4,1,"54","V55",0
0.4,1,"54","V56",0
0.4,1,"54","V57",0
0.4,1,"54","V58",0
0.4,1,"54","V59",0
0.4,1,"54","V60",0
0.4,1,"54","V61",0
0.4,1,"54","V62",0
0.4,1,"54","V63",0
0.4,1,"54","V64",0
0.4,1,"54","V65",0
0.4,1,"54","V66",0
0.4,1,"54","V67",0
0.4,1,"54","V68",0
0.4,1,"54","V69",0
0.4,1,"54","V70",0
0.4,1,"54","V71",0
0.4,1,"54","V72",0
0.4,1,"54","V73",0
0.4,1,"54","V74",0
0.4,1,"54","V75",0
0.4,1,"54","V76",0
0.4,1,"54","V77",0
0.4,1,"54","V78",0
0.4,1,"54","V79",0
0.4,1,"54","V80",0
0.4,1,"54","V81",0
0.4,1,"54","V82",0
0.4,1,"54","V83",0
0.4,1,"54","V84",0
0.4,1,"54","V85",0
0.4,1,"54","V86",0
0.4,1,"54","V87",0
0.4,1,"54","V88",0
0.4,1,"54","V89",0
0.4,1,"54","V90",0
0.4,1,"55","V1",0
0.4,1,"55","V2",0
0.4,1,"55","V3",0
0.4,1,"55","V4",0
0.4,1,"55","V5",0
0.4,1,"55","V6",0
0.4,1,"55","V7",0
0.4,1,"55","V8",0
0.4,1,"55","V9",0
0.4,1,"55","V10",0
0.4,1,"55","V11",0
0.4,1,"55","V12",0
0.4,1,"55","V13",0
0.4,1,"55","V14",0
0.4,1,"55","V15",0
0.4,1,"55","V16",0
0.4,1,"55","V17",0
0.4,1,"55","V18",0
0.4,1,"55","V19",0
0.4,1,"55","V20",0
0.4,1,"55","V21",0
0.4,1,"55","V22",0
0.4,1,"55","V23",0
0.4,1,"55","V24",0
0.4,1,"55","V25",0
0.4,1,"55","V26",0
0.4,1,"55","V27",0
0.4,1,"55","V28",0
0.4,1,"55","V29",0
0.4,1,"55","V30",0
0.4,1,"55","V31",0
0.4,1,"55","V32",0
0.4,1,"55","V33",0
0.4,1,"55","V34",0
0.4,1,"55","V35",0
0.4,1,"55","V36",0
0.4,1,"55","V37",0
0.4,1,"55","V38",0
0.4,1,"55","V39",0
0.4,1,"55","V40",0
0.4,1,"55","V41",0
0.4,1,"55","V42",0
0.4,1,"55","V43",0
0.4,1,"55","V44",0
0.4,1,"55","V45",0
0.4,1,"55","V46",0
0.4,1,"55","V47",0
0.4,1,"55","V48",0
0.4,1,"55","V49",0
0.4,1,"55","V50",0
0.4,1,"55","V51",0
0.4,1,"55","V52",0
0.4,1,"55","V53",0
0.4,1,"55","V54",0
0.4,1,"55","V55",-1
0.4,1,"55","V56",0
0.4,1,"55","V57",0
0.4,1,"55","V58",0
0.4,1,"55","V59",0
0.4,1,"55","V60",0
0.4,1,"55","V61",0
0.4,1,"55","V62",0
0.4,1,"55","V63",0
0.4,1,"55","V64",0
0.4,1,"55","V65",0
0.4,1,"55","V66",0
0.4,1,"55","V67",0
0.4,1,"55","V68",0
0.4,1,"55","V69",0
0.4,1,"55","V70",0
0.4,1,"55","V71",0
0.4,1,"55","V72",0
0.4,1,"55","V73",0
0.4,1,"55","V74",0
0.4,1,"55","V75",0
0.4,1,"55","V76",0
0.4,1,"55","V77",0
0.4,1,"55","V78",0
0.4,1,"55","V79",0
0.4,1,"55","V80",0
0.4,1,"55","V81",0
0.4,1,"55","V82",0
0.4,1,"55","V83",0
0.4,1,"55","V84",0
0.4,1,"55","V85",0
0.4,1,"55","V86",0
0.4,1,"55","V87",0
0.4,1,"55","V88",0
0.4,1,"55","V89",0
0.4,1,"55","V90",0
0.4,1,"56","V1",0
0.4,1,"56","V2",0
0.4,1,"56","V3",0
0.4,1,"56","V4",0
0.4,1,"56","V5",0
0.4,1,"56","V6",0
0.4,1,"56","V7",0
0.4,1,"56","V8",0
0.4,1,"56","V9",0
0.4,1,"56","V10",0
0.4,1,"56","V11",0
0.4,1,"56","V12",0
0.4,1,"56","V13",0
0.4,1,"56","V14",0
0.4,1,"56","V15",0
0.4,1,"56","V16",0
0.4,1,"56","V17",0
0.4,1,"56","V18",0
0.4,1,"56","V19",0
0.4,1,"56","V20",0
0.4,1,"56","V21",0
0.4,1,"56","V22",0
0.4,1,"56","V23",0
0.4,1,"56","V24",0
0.4,1,"56","V25",0
0.4,1,"56","V26",0
0.4,1,"56","V27",0
0.4,1,"56","V28",0
0.4,1,"56","V29",0
0.4,1,"56","V30",0
0.4,1,"56","V31",0
0.4,1,"56","V32",0
0.4,1,"56","V33",0
0.4,1,"56","V34",0
0.4,1,"56","V35",0
0.4,1,"56","V36",0
0.4,1,"56","V37",0
0.4,1,"56","V38",0
0.4,1,"56","V39",0
0.4,1,"56","V40",0
0.4,1,"56","V41",0
0.4,1,"56","V42",0
0.4,1,"56","V43",0
0.4,1,"56","V44",0
0.4,1,"56","V45",0
0.4,1,"56","V46",0
0.4,1,"56","V47",0
0.4,1,"56","V48",0
0.4,1,"56","V49",0
0.4,1,"56","V50",0
0.4,1,"56","V51",0
0.4,1,"56","V52",0
0.4,1,"56","V53",0
0.4,1,"56","V54",0
0.4,1,"56","V55",0
0.4,1,"56","V56",-1
0.4,1,"56","V57",0
0.4,1,"56","V58",0
0.4,1,"56","V59",0
0.4,1,"56","V60",0
0.4,1,"56","V61",0
0.4,1,"56","V62",0
0.4,1,"56","V63",0
0.4,1,"56","V64",0
0.4,1,"56","V65",0
0.4,1,"56","V66",0
0.4,1,"56","V67",0
0.4,1,"56","V68",0
0.4,1,"56","V69",0
0.4,1,"56","V70",0
0.4,1,"56","V71",0
0.4,1,"56","V72",0
0.4,1,"56","V73",0
0.4,1,"56","V74",0
0.4,1,"56","V75",0
0.4,1,"56","V76",0
0.4,1,"56","V77",0
0.4,1,"56","V78",0
0.4,1,"56","V79",0
0.4,1,"56","V80",0
0.4,1,"56","V81",0
0.4,1,"56","V82",0
0.4,1,"56","V83",0
0.4,1,"56","V84",0
0.4,1,"56","V85",0
0.4,1,"56","V86",0
0.4,1,"56","V87",0
0.4,1,"56","V88",0
0.4,1,"56","V89",0
0.4,1,"56","V90",0
0.4,1,"57","V1",0
0.4,1,"57","V2",0
0.4,1,"57","V3",0
0.4,1,"57","V4",0
0.4,1,"57","V5",0
0.4,1,"57","V6",0
0.4,1,"57","V7",0
0.4,1,"57","V8",0
0.4,1,"57","V9",0
0.4,1,"57","V10",0
0.4,1,"57","V11",0
0.4,1,"57","V12",0
0.4,1,"57","V13",0
0.4,1,"57","V14",0
0.4,1,"57","V15",0
0.4,1,"57","V16",0
0.4,1,"57","V17",0
0.4,1,"57","V18",0
0.4,1,"57","V19",0
0.4,1,"57","V20",0
0.4,1,"57","V21",0
0.4,1,"57","V22",0
0.4,1,"57","V23",0
0.4,1,"57","V24",0
0.4,1,"57","V25",0
0.4,1,"57","V26",0
0.4,1,"57","V27",0
0.4,1,"57","V28",0
0.4,1,"57","V29",0
0.4,1,"57","V30",0
0.4,1,"57","V31",0
0.4,1,"57","V32",0
0.4,1,"57","V33",0
0.4,1,"57","V34",0
0.4,1,"57","V35",0
0.4,1,"57","V36",0
0.4,1,"57","V37",0
0.4,1,"57","V38",0
0.4,1,"57","V39",0
0.4,1,"57","V40",0
0.4,1,"57","V41",0
0.4,1,"57","V42",0
0.4,1,"57","V43",0
0.4,1,"57","V44",0
0.4,1,"57","V45",0
0.4,1,"57","V46",0
0.4,1,"57","V47",0
0.4,1,"57","V48",0
0.4,1,"57","V49",0
0.4,1,"57","V50",0
0.4,1,"57","V51",0
0.4,1,"57","V52",0
0.4,1,"57","V53",0
0.4,1,"57","V54",0
0.4,1,"57","V55",0
0.4,1,"57","V56",0
0.4,1,"57","V57",-1
0.4,1,"57","V58",0
0.4,1,"57","V59",0
0.4,1,"57","V60",0
0.4,1,"57","V61",0
0.4,1,"57","V62",0
0.4,1,"57","V63",0
0.4,1,"57","V64",0
0.4,1,"57","V65",0
0.4,1,"57","V66",0
0.4,1,"57","V67",0
0.4,1,"57","V68",0
0.4,1,"57","V69",0
0.4,1,"57","V70",0
0.4,1,"57","V71",0
0.4,1,"57","V72",0
0.4,1,"57","V73",0
0.4,1,"57","V74",0
0.4,1,"57","V75",0
0.4,1,"57","V76",0
0.4,1,"57","V77",0
0.4,1,"57","V78",0
0.4,1,"57","V79",0
0.4,1,"57","V80",0
0.4,1,"57","V81",0
0.4,1,"57","V82",0
0.4,1,"57","V83",0
0.4,1,"57","V84",0
0.4,1,"57","V85",0
0.4,1,"57","V86",0
0.4,1,"57","V87",0
0.4,1,"57","V88",0
0.4,1,"57","V89",0
0.4,1,"57","V90",0
0.4,1,"58","V1",0.0030862207606792
0.4,1,"58","V2",-0.00790120974937797
0.4,1,"58","V3",0
0.4,1,"58","V4",0
0.4,1,"58","V5",0
0.4,1,"58","V6",0
0.4,1,"58","V7",0
0.4,1,"58","V8",0
0.4,1,"58","V9",0
0.4,1,"58","V10",0
0.4,1,"58","V11",0
0.4,1,"58","V12",0
0.4,1,"58","V13",0
0.4,1,"58","V14",0
0.4,1,"58","V15",0
0.4,1,"58","V16",0
0.4,1,"58","V17",-0.01009636893291
0.4,1,"58","V18",0
0.4,1,"58","V19",0
0.4,1,"58","V20",0.205679447312931
0.4,1,"58","V21",0
0.4,1,"58","V22",0
0.4,1,"58","V23",0
0.4,1,"58","V24",0
0.4,1,"58","V25",0
0.4,1,"58","V26",0
0.4,1,"58","V27",0
0.4,1,"58","V28",0
0.4,1,"58","V29",0
0.4,1,"58","V30",0.0635228547594443
0.4,1,"58","V31",0
0.4,1,"58","V32",0
0.4,1,"58","V33",0.440859804432524
0.4,1,"58","V34",0
0.4,1,"58","V35",-1.63930761850823
0.4,1,"58","V36",0
0.4,1,"58","V37",-1.38368075895347
0.4,1,"58","V38",0
0.4,1,"58","V39",0
0.4,1,"58","V40",0
0.4,1,"58","V41",0.0608666833974473
0.4,1,"58","V42",0
0.4,1,"58","V43",0
0.4,1,"58","V44",-0.212250601224584
0.4,1,"58","V45",0
0.4,1,"58","V46",0.002966026869144
0.4,1,"58","V47",-0.0629808229430553
0.4,1,"58","V48",0
0.4,1,"58","V49",0
0.4,1,"58","V50",0.0501053746285487
0.4,1,"58","V51",0
0.4,1,"58","V52",0
0.4,1,"58","V53",0
0.4,1,"58","V54",0
0.4,1,"58","V55",0
0.4,1,"58","V56",0
0.4,1,"58","V57",0
0.4,1,"58","V58",-1
0.4,1,"58","V59",0
0.4,1,"58","V60",0
0.4,1,"58","V61",0
0.4,1,"58","V62",0
0.4,1,"58","V63",0
0.4,1,"58","V64",0
0.4,1,"58","V65",0
0.4,1,"58","V66",0
0.4,1,"58","V67",0
0.4,1,"58","V68",0
0.4,1,"58","V69",0
0.4,1,"58","V70",0
0.4,1,"58","V71",0.128797781440914
0.4,1,"58","V72",0
0.4,1,"58","V73",0
0.4,1,"58","V74",0
0.4,1,"58","V75",0
0.4,1,"58","V76",0.147047347929966
0.4,1,"58","V77",0
0.4,1,"58","V78",0
0.4,1,"58","V79",-0.0450161218528358
0.4,1,"58","V80",0
0.4,1,"58","V81",0
0.4,1,"58","V82",0
0.4,1,"58","V83",0
0.4,1,"58","V84",1.06511228485902
0.4,1,"58","V85",0
0.4,1,"58","V86",0
0.4,1,"58","V87",0.067174605381076
0.4,1,"58","V88",1.12204592584736
0.4,1,"58","V89",0
0.4,1,"58","V90",0
0.4,1,"59","V1",0
0.4,1,"59","V2",0
0.4,1,"59","V3",0
0.4,1,"59","V4",0
0.4,1,"59","V5",0
0.4,1,"59","V6",0
0.4,1,"59","V7",0
0.4,1,"59","V8",0
0.4,1,"59","V9",0
0.4,1,"59","V10",0
0.4,1,"59","V11",0
0.4,1,"59","V12",0
0.4,1,"59","V13",0
0.4,1,"59","V14",0
0.4,1,"59","V15",0
0.4,1,"59","V16",0
0.4,1,"59","V17",0
0.4,1,"59","V18",0
0.4,1,"59","V19",0
0.4,1,"59","V20",0
0.4,1,"59","V21",0
0.4,1,"59","V22",0
0.4,1,"59","V23",0
0.4,1,"59","V24",0
0.4,1,"59","V25",0
0.4,1,"59","V26",0
0.4,1,"59","V27",0
0.4,1,"59","V28",0
0.4,1,"59","V29",0
0.4,1,"59","V30",0
0.4,1,"59","V31",0
0.4,1,"59","V32",0
0.4,1,"59","V33",0
0.4,1,"59","V34",0
0.4,1,"59","V35",0
0.4,1,"59","V36",0
0.4,1,"59","V37",0
0.4,1,"59","V38",0
0.4,1,"59","V39",0
0.4,1,"59","V40",0
0.4,1,"59","V41",0
0.4,1,"59","V42",0
0.4,1,"59","V43",0
0.4,1,"59","V44",0
0.4,1,"59","V45",0
0.4,1,"59","V46",0
0.4,1,"59","V47",0
0.4,1,"59","V48",0
0.4,1,"59","V49",0.000126783567424416
0.4,1,"59","V50",0
0.4,1,"59","V51",0
0.4,1,"59","V52",0
0.4,1,"59","V53",0
0.4,1,"59","V54",0
0.4,1,"59","V55",0
0.4,1,"59","V56",0
0.4,1,"59","V57",0
0.4,1,"59","V58",0
0.4,1,"59","V59",-1
0.4,1,"59","V60",0
0.4,1,"59","V61",0
0.4,1,"59","V62",0
0.4,1,"59","V63",0
0.4,1,"59","V64",0
0.4,1,"59","V65",0
0.4,1,"59","V66",0
0.4,1,"59","V67",0
0.4,1,"59","V68",0
0.4,1,"59","V69",0
0.4,1,"59","V70",0
0.4,1,"59","V71",0
0.4,1,"59","V72",0
0.4,1,"59","V73",0
0.4,1,"59","V74",0
0.4,1,"59","V75",0
0.4,1,"59","V76",0.00456449603735532
0.4,1,"59","V77",0
0.4,1,"59","V78",0
0.4,1,"59","V79",0
0.4,1,"59","V80",0
0.4,1,"59","V81",0
0.4,1,"59","V82",0
0.4,1,"59","V83",0
0.4,1,"59","V84",0
0.4,1,"59","V85",0
0.4,1,"59","V86",0
0.4,1,"59","V87",0
0.4,1,"59","V88",0
0.4,1,"59","V89",0.0500854680108455
0.4,1,"59","V90",0
0.4,1,"60","V1",0
0.4,1,"60","V2",0
0.4,1,"60","V3",0
0.4,1,"60","V4",0
0.4,1,"60","V5",0
0.4,1,"60","V6",0.00414747805271
0.4,1,"60","V7",0
0.4,1,"60","V8",0
0.4,1,"60","V9",0
0.4,1,"60","V10",0
0.4,1,"60","V11",0
0.4,1,"60","V12",0
0.4,1,"60","V13",0
0.4,1,"60","V14",0
0.4,1,"60","V15",0
0.4,1,"60","V16",0
0.4,1,"60","V17",0
0.4,1,"60","V18",0
0.4,1,"60","V19",0
0.4,1,"60","V20",0
0.4,1,"60","V21",0
0.4,1,"60","V22",0
0.4,1,"60","V23",0
0.4,1,"60","V24",0
0.4,1,"60","V25",0
0.4,1,"60","V26",0
0.4,1,"60","V27",0
0.4,1,"60","V28",0
0.4,1,"60","V29",0
0.4,1,"60","V30",0
0.4,1,"60","V31",0
0.4,1,"60","V32",0
0.4,1,"60","V33",0
0.4,1,"60","V34",0
0.4,1,"60","V35",0
0.4,1,"60","V36",0
0.4,1,"60","V37",0
0.4,1,"60","V38",0
0.4,1,"60","V39",0
0.4,1,"60","V40",0
0.4,1,"60","V41",0
0.4,1,"60","V42",0
0.4,1,"60","V43",0
0.4,1,"60","V44",0
0.4,1,"60","V45",0
0.4,1,"60","V46",0
0.4,1,"60","V47",0.338866322625769
0.4,1,"60","V48",0
0.4,1,"60","V49",0
0.4,1,"60","V50",0
0.4,1,"60","V51",0
0.4,1,"60","V52",0
0.4,1,"60","V53",0
0.4,1,"60","V54",0
0.4,1,"60","V55",0.10682503767277
0.4,1,"60","V56",0.000854756661959527
0.4,1,"60","V57",0
0.4,1,"60","V58",0
0.4,1,"60","V59",0
0.4,1,"60","V60",-1
0.4,1,"60","V61",0
0.4,1,"60","V62",0
0.4,1,"60","V63",0
0.4,1,"60","V64",0.0505889941365831
0.4,1,"60","V65",0
0.4,1,"60","V66",0.257244543254323
0.4,1,"60","V67",0
0.4,1,"60","V68",0
0.4,1,"60","V69",0
0.4,1,"60","V70",0
0.4,1,"60","V71",0
0.4,1,"60","V72",0
0.4,1,"60","V73",0
0.4,1,"60","V74",0
0.4,1,"60","V75",0
0.4,1,"60","V76",0
0.4,1,"60","V77",0
0.4,1,"60","V78",0
0.4,1,"60","V79",0
0.4,1,"60","V80",0
0.4,1,"60","V81",0
0.4,1,"60","V82",0.197989083858623
0.4,1,"60","V83",0
0.4,1,"60","V84",0
0.4,1,"60","V85",0
0.4,1,"60","V86",0
0.4,1,"60","V87",0
0.4,1,"60","V88",0
0.4,1,"60","V89",0
0.4,1,"60","V90",0
0.4,1,"61","V1",0
0.4,1,"61","V2",0
0.4,1,"61","V3",0
0.4,1,"61","V4",0
0.4,1,"61","V5",0
0.4,1,"61","V6",0
0.4,1,"61","V7",0
0.4,1,"61","V8",0
0.4,1,"61","V9",0
0.4,1,"61","V10",0
0.4,1,"61","V11",0
0.4,1,"61","V12",0
0.4,1,"61","V13",0
0.4,1,"61","V14",0
0.4,1,"61","V15",0
0.4,1,"61","V16",0
0.4,1,"61","V17",0
0.4,1,"61","V18",0
0.4,1,"61","V19",0
0.4,1,"61","V20",0
0.4,1,"61","V21",0
0.4,1,"61","V22",0
0.4,1,"61","V23",0
0.4,1,"61","V24",0
0.4,1,"61","V25",0
0.4,1,"61","V26",0
0.4,1,"61","V27",0
0.4,1,"61","V28",0
0.4,1,"61","V29",0
0.4,1,"61","V30",0
0.4,1,"61","V31",0
0.4,1,"61","V32",0
0.4,1,"61","V33",0
0.4,1,"61","V34",0
0.4,1,"61","V35",0
0.4,1,"61","V36",0
0.4,1,"61","V37",0
0.4,1,"61","V38",0
0.4,1,"61","V39",0
0.4,1,"61","V40",0
0.4,1,"61","V41",0
0.4,1,"61","V42",0
0.4,1,"61","V43",0
0.4,1,"61","V44",0
0.4,1,"61","V45",0
0.4,1,"61","V46",0
0.4,1,"61","V47",0
0.4,1,"61","V48",0
0.4,1,"61","V49",0
0.4,1,"61","V50",0
0.4,1,"61","V51",0
0.4,1,"61","V52",0
0.4,1,"61","V53",0
0.4,1,"61","V54",0
0.4,1,"61","V55",0
0.4,1,"61","V56",0
0.4,1,"61","V57",0
0.4,1,"61","V58",0
0.4,1,"61","V59",0
0.4,1,"61","V60",0
0.4,1,"61","V61",-1
0.4,1,"61","V62",0
0.4,1,"61","V63",0
0.4,1,"61","V64",0
0.4,1,"61","V65",0
0.4,1,"61","V66",0
0.4,1,"61","V67",0
0.4,1,"61","V68",0
0.4,1,"61","V69",0
0.4,1,"61","V70",0
0.4,1,"61","V71",0
0.4,1,"61","V72",0
0.4,1,"61","V73",0
0.4,1,"61","V74",0
0.4,1,"61","V75",0
0.4,1,"61","V76",0
0.4,1,"61","V77",0
0.4,1,"61","V78",0
0.4,1,"61","V79",0
0.4,1,"61","V80",0
0.4,1,"61","V81",0
0.4,1,"61","V82",0
0.4,1,"61","V83",0
0.4,1,"61","V84",0
0.4,1,"61","V85",0
0.4,1,"61","V86",0
0.4,1,"61","V87",0
0.4,1,"61","V88",0
0.4,1,"61","V89",0
0.4,1,"61","V90",0
0.4,1,"62","V1",0
0.4,1,"62","V2",0
0.4,1,"62","V3",0
0.4,1,"62","V4",0
0.4,1,"62","V5",0
0.4,1,"62","V6",0
0.4,1,"62","V7",0
0.4,1,"62","V8",0
0.4,1,"62","V9",0
0.4,1,"62","V10",0
0.4,1,"62","V11",0
0.4,1,"62","V12",0
0.4,1,"62","V13",0
0.4,1,"62","V14",0
0.4,1,"62","V15",0
0.4,1,"62","V16",0
0.4,1,"62","V17",0
0.4,1,"62","V18",0
0.4,1,"62","V19",0
0.4,1,"62","V20",0
0.4,1,"62","V21",0
0.4,1,"62","V22",0
0.4,1,"62","V23",0
0.4,1,"62","V24",0
0.4,1,"62","V25",0
0.4,1,"62","V26",0
0.4,1,"62","V27",0
0.4,1,"62","V28",0
0.4,1,"62","V29",0
0.4,1,"62","V30",0
0.4,1,"62","V31",0
0.4,1,"62","V32",0
0.4,1,"62","V33",0
0.4,1,"62","V34",0
0.4,1,"62","V35",0
0.4,1,"62","V36",0
0.4,1,"62","V37",0
0.4,1,"62","V38",0
0.4,1,"62","V39",0
0.4,1,"62","V40",0
0.4,1,"62","V41",0
0.4,1,"62","V42",0
0.4,1,"62","V43",0
0.4,1,"62","V44",0
0.4,1,"62","V45",0
0.4,1,"62","V46",0
0.4,1,"62","V47",0
0.4,1,"62","V48",0
0.4,1,"62","V49",0
0.4,1,"62","V50",0
0.4,1,"62","V51",0
0.4,1,"62","V52",0
0.4,1,"62","V53",0
0.4,1,"62","V54",0
0.4,1,"62","V55",0
0.4,1,"62","V56",0
0.4,1,"62","V57",0
0.4,1,"62","V58",0
0.4,1,"62","V59",0
0.4,1,"62","V60",0
0.4,1,"62","V61",0
0.4,1,"62","V62",-1
0.4,1,"62","V63",0
0.4,1,"62","V64",0
0.4,1,"62","V65",0
0.4,1,"62","V66",0
0.4,1,"62","V67",0
0.4,1,"62","V68",0
0.4,1,"62","V69",0
0.4,1,"62","V70",0
0.4,1,"62","V71",0
0.4,1,"62","V72",0
0.4,1,"62","V73",0
0.4,1,"62","V74",0
0.4,1,"62","V75",0
0.4,1,"62","V76",0
0.4,1,"62","V77",0
0.4,1,"62","V78",0
0.4,1,"62","V79",0
0.4,1,"62","V80",0
0.4,1,"62","V81",0
0.4,1,"62","V82",0
0.4,1,"62","V83",0
0.4,1,"62","V84",0
0.4,1,"62","V85",0
0.4,1,"62","V86",0
0.4,1,"62","V87",0
0.4,1,"62","V88",0
0.4,1,"62","V89",0
0.4,1,"62","V90",0
0.4,1,"63","V1",0
0.4,1,"63","V2",0
0.4,1,"63","V3",0
0.4,1,"63","V4",0
0.4,1,"63","V5",0
0.4,1,"63","V6",0
0.4,1,"63","V7",0
0.4,1,"63","V8",0
0.4,1,"63","V9",0
0.4,1,"63","V10",0
0.4,1,"63","V11",0
0.4,1,"63","V12",0
0.4,1,"63","V13",0
0.4,1,"63","V14",0
0.4,1,"63","V15",0
0.4,1,"63","V16",0
0.4,1,"63","V17",0
0.4,1,"63","V18",0
0.4,1,"63","V19",0
0.4,1,"63","V20",0
0.4,1,"63","V21",0
0.4,1,"63","V22",0
0.4,1,"63","V23",0
0.4,1,"63","V24",0
0.4,1,"63","V25",0
0.4,1,"63","V26",0
0.4,1,"63","V27",0
0.4,1,"63","V28",0
0.4,1,"63","V29",0
0.4,1,"63","V30",0
0.4,1,"63","V31",0
0.4,1,"63","V32",0
0.4,1,"63","V33",0
0.4,1,"63","V34",0
0.4,1,"63","V35",0
0.4,1,"63","V36",0
0.4,1,"63","V37",0
0.4,1,"63","V38",0
0.4,1,"63","V39",0
0.4,1,"63","V40",0
0.4,1,"63","V41",0
0.4,1,"63","V42",0
0.4,1,"63","V43",0
0.4,1,"63","V44",0
0.4,1,"63","V45",0
0.4,1,"63","V46",0
0.4,1,"63","V47",0
0.4,1,"63","V48",0
0.4,1,"63","V49",0
0.4,1,"63","V50",0
0.4,1,"63","V51",0
0.4,1,"63","V52",0
0.4,1,"63","V53",0
0.4,1,"63","V54",0
0.4,1,"63","V55",0
0.4,1,"63","V56",0
0.4,1,"63","V57",0
0.4,1,"63","V58",0
0.4,1,"63","V59",0
0.4,1,"63","V60",0
0.4,1,"63","V61",0
0.4,1,"63","V62",0
0.4,1,"63","V63",-1
0.4,1,"63","V64",0
0.4,1,"63","V65",0
0.4,1,"63","V66",0
0.4,1,"63","V67",0
0.4,1,"63","V68",0
0.4,1,"63","V69",0
0.4,1,"63","V70",0
0.4,1,"63","V71",0
0.4,1,"63","V72",0
0.4,1,"63","V73",0
0.4,1,"63","V74",0
0.4,1,"63","V75",0
0.4,1,"63","V76",0
0.4,1,"63","V77",0
0.4,1,"63","V78",0
0.4,1,"63","V79",0
0.4,1,"63","V80",0
0.4,1,"63","V81",0
0.4,1,"63","V82",0
0.4,1,"63","V83",0
0.4,1,"63","V84",0
0.4,1,"63","V85",0
0.4,1,"63","V86",0
0.4,1,"63","V87",0
0.4,1,"63","V88",0
0.4,1,"63","V89",0
0.4,1,"63","V90",0
0.4,1,"64","V1",0
0.4,1,"64","V2",0
0.4,1,"64","V3",0
0.4,1,"64","V4",0
0.4,1,"64","V5",0.000336936023914338
0.4,1,"64","V6",0
0.4,1,"64","V7",0
0.4,1,"64","V8",0
0.4,1,"64","V9",0.11466831807478
0.4,1,"64","V10",0
0.4,1,"64","V11",0
0.4,1,"64","V12",0
0.4,1,"64","V13",0
0.4,1,"64","V14",0
0.4,1,"64","V15",0
0.4,1,"64","V16",0
0.4,1,"64","V17",0
0.4,1,"64","V18",0
0.4,1,"64","V19",0
0.4,1,"64","V20",0
0.4,1,"64","V21",0
0.4,1,"64","V22",0
0.4,1,"64","V23",0
0.4,1,"64","V24",0
0.4,1,"64","V25",0
0.4,1,"64","V26",0
0.4,1,"64","V27",0.00327307403377779
0.4,1,"64","V28",0
0.4,1,"64","V29",0
0.4,1,"64","V30",0
0.4,1,"64","V31",0
0.4,1,"64","V32",0
0.4,1,"64","V33",0
0.4,1,"64","V34",0
0.4,1,"64","V35",0
0.4,1,"64","V36",0
0.4,1,"64","V37",0
0.4,1,"64","V38",0
0.4,1,"64","V39",0
0.4,1,"64","V40",0
0.4,1,"64","V41",0
0.4,1,"64","V42",0
0.4,1,"64","V43",0
0.4,1,"64","V44",0
0.4,1,"64","V45",0
0.4,1,"64","V46",0
0.4,1,"64","V47",0
0.4,1,"64","V48",0
0.4,1,"64","V49",0
0.4,1,"64","V50",0
0.4,1,"64","V51",0
0.4,1,"64","V52",0
0.4,1,"64","V53",0
0.4,1,"64","V54",0
0.4,1,"64","V55",0
0.4,1,"64","V56",0
0.4,1,"64","V57",0
0.4,1,"64","V58",0
0.4,1,"64","V59",0
0.4,1,"64","V60",0
0.4,1,"64","V61",0
0.4,1,"64","V62",0
0.4,1,"64","V63",0
0.4,1,"64","V64",-1
0.4,1,"64","V65",0
0.4,1,"64","V66",0
0.4,1,"64","V67",0
0.4,1,"64","V68",0
0.4,1,"64","V69",0
0.4,1,"64","V70",0
0.4,1,"64","V71",0
0.4,1,"64","V72",0
0.4,1,"64","V73",0
0.4,1,"64","V74",0
0.4,1,"64","V75",0
0.4,1,"64","V76",0
0.4,1,"64","V77",0
0.4,1,"64","V78",0
0.4,1,"64","V79",0
0.4,1,"64","V80",0
0.4,1,"64","V81",0
0.4,1,"64","V82",0
0.4,1,"64","V83",0
0.4,1,"64","V84",0
0.4,1,"64","V85",0
0.4,1,"64","V86",0
0.4,1,"64","V87",0
0.4,1,"64","V88",0
0.4,1,"64","V89",0
0.4,1,"64","V90",0
0.4,1,"65","V1",0
0.4,1,"65","V2",0
0.4,1,"65","V3",0
0.4,1,"65","V4",0
0.4,1,"65","V5",0
0.4,1,"65","V6",0.00157618331538669
0.4,1,"65","V7",0
0.4,1,"65","V8",0
0.4,1,"65","V9",0
0.4,1,"65","V10",0.182091692934272
0.4,1,"65","V11",0.00293503022607413
0.4,1,"65","V12",0
0.4,1,"65","V13",0
0.4,1,"65","V14",0
0.4,1,"65","V15",0.00300237005677776
0.4,1,"65","V16",0.0151239598404628
0.4,1,"65","V17",0
0.4,1,"65","V18",0
0.4,1,"65","V19",0
0.4,1,"65","V20",0
0.4,1,"65","V21",0.000195228157305604
0.4,1,"65","V22",0
0.4,1,"65","V23",0
0.4,1,"65","V24",0
0.4,1,"65","V25",0
0.4,1,"65","V26",0
0.4,1,"65","V27",0.0015900901138394
0.4,1,"65","V28",0
0.4,1,"65","V29",0
0.4,1,"65","V30",0.000157518823798613
0.4,1,"65","V31",0.0363157952328651
0.4,1,"65","V32",0
0.4,1,"65","V33",0
0.4,1,"65","V34",0
0.4,1,"65","V35",0
0.4,1,"65","V36",0
0.4,1,"65","V37",0
0.4,1,"65","V38",0
0.4,1,"65","V39",0
0.4,1,"65","V40",0.0116414941419966
0.4,1,"65","V41",0
0.4,1,"65","V42",0
0.4,1,"65","V43",-0.0443833785375548
0.4,1,"65","V44",0
0.4,1,"65","V45",0
0.4,1,"65","V46",0.00146296732215074
0.4,1,"65","V47",0
0.4,1,"65","V48",-0.0167623149309109
0.4,1,"65","V49",0
0.4,1,"65","V50",-0.00111513459470895
0.4,1,"65","V51",0
0.4,1,"65","V52",0.0413396292636044
0.4,1,"65","V53",0
0.4,1,"65","V54",0
0.4,1,"65","V55",0
0.4,1,"65","V56",0
0.4,1,"65","V57",0.205924760498421
0.4,1,"65","V58",0
0.4,1,"65","V59",0.35531219401742
0.4,1,"65","V60",0
0.4,1,"65","V61",0
0.4,1,"65","V62",0
0.4,1,"65","V63",0.00931113415166235
0.4,1,"65","V64",0
0.4,1,"65","V65",-1
0.4,1,"65","V66",-0.000220544115293511
0.4,1,"65","V67",0
0.4,1,"65","V68",0
0.4,1,"65","V69",0
0.4,1,"65","V70",0
0.4,1,"65","V71",0
0.4,1,"65","V72",0
0.4,1,"65","V73",0.505276199244736
0.4,1,"65","V74",-0.000913239618497092
0.4,1,"65","V75",0
0.4,1,"65","V76",0
0.4,1,"65","V77",0.0102416673006755
0.4,1,"65","V78",0
0.4,1,"65","V79",0.000649488593153809
0.4,1,"65","V80",0
0.4,1,"65","V81",0
0.4,1,"65","V82",-0.00293987823586277
0.4,1,"65","V83",0
0.4,1,"65","V84",-0.0214354316090063
0.4,1,"65","V85",0
0.4,1,"65","V86",0.066786106328254
0.4,1,"65","V87",0.00262491071261318
0.4,1,"65","V88",-0.0978443804887814
0.4,1,"65","V89",0
0.4,1,"65","V90",0
0.4,1,"66","V1",0
0.4,1,"66","V2",0
0.4,1,"66","V3",0
0.4,1,"66","V4",0
0.4,1,"66","V5",0
0.4,1,"66","V6",0
0.4,1,"66","V7",0
0.4,1,"66","V8",0
0.4,1,"66","V9",0
0.4,1,"66","V10",0
0.4,1,"66","V11",0
0.4,1,"66","V12",0
0.4,1,"66","V13",0
0.4,1,"66","V14",0
0.4,1,"66","V15",0
0.4,1,"66","V16",0
0.4,1,"66","V17",0
0.4,1,"66","V18",0
0.4,1,"66","V19",0
0.4,1,"66","V20",0
0.4,1,"66","V21",0
0.4,1,"66","V22",0
0.4,1,"66","V23",0
0.4,1,"66","V24",0
0.4,1,"66","V25",0
0.4,1,"66","V26",0
0.4,1,"66","V27",0
0.4,1,"66","V28",0
0.4,1,"66","V29",0
0.4,1,"66","V30",0
0.4,1,"66","V31",0
0.4,1,"66","V32",0
0.4,1,"66","V33",0
0.4,1,"66","V34",0
0.4,1,"66","V35",0
0.4,1,"66","V36",0
0.4,1,"66","V37",0
0.4,1,"66","V38",0
0.4,1,"66","V39",0
0.4,1,"66","V40",0
0.4,1,"66","V41",0
0.4,1,"66","V42",0
0.4,1,"66","V43",0
0.4,1,"66","V44",0
0.4,1,"66","V45",0
0.4,1,"66","V46",0
0.4,1,"66","V47",0
0.4,1,"66","V48",0
0.4,1,"66","V49",0
0.4,1,"66","V50",0
0.4,1,"66","V51",0
0.4,1,"66","V52",0
0.4,1,"66","V53",0
0.4,1,"66","V54",0
0.4,1,"66","V55",0
0.4,1,"66","V56",0
0.4,1,"66","V57",0
0.4,1,"66","V58",0
0.4,1,"66","V59",0
0.4,1,"66","V60",0
0.4,1,"66","V61",0
0.4,1,"66","V62",0
0.4,1,"66","V63",0
0.4,1,"66","V64",0
0.4,1,"66","V65",0
0.4,1,"66","V66",-1
0.4,1,"66","V67",0
0.4,1,"66","V68",0
0.4,1,"66","V69",0
0.4,1,"66","V70",0
0.4,1,"66","V71",0
0.4,1,"66","V72",0
0.4,1,"66","V73",0
0.4,1,"66","V74",0
0.4,1,"66","V75",0
0.4,1,"66","V76",0
0.4,1,"66","V77",0
0.4,1,"66","V78",0
0.4,1,"66","V79",0
0.4,1,"66","V80",0
0.4,1,"66","V81",0
0.4,1,"66","V82",0
0.4,1,"66","V83",0
0.4,1,"66","V84",0
0.4,1,"66","V85",0
0.4,1,"66","V86",0
0.4,1,"66","V87",0
0.4,1,"66","V88",0
0.4,1,"66","V89",0
0.4,1,"66","V90",0
0.4,1,"67","V1",0
0.4,1,"67","V2",0
0.4,1,"67","V3",0
0.4,1,"67","V4",0
0.4,1,"67","V5",0
0.4,1,"67","V6",0.0576763642190831
0.4,1,"67","V7",0
0.4,1,"67","V8",0
0.4,1,"67","V9",0
0.4,1,"67","V10",0
0.4,1,"67","V11",0
0.4,1,"67","V12",0
0.4,1,"67","V13",0
0.4,1,"67","V14",0
0.4,1,"67","V15",0
0.4,1,"67","V16",0
0.4,1,"67","V17",0
0.4,1,"67","V18",0
0.4,1,"67","V19",0
0.4,1,"67","V20",0
0.4,1,"67","V21",0
0.4,1,"67","V22",0
0.4,1,"67","V23",0
0.4,1,"67","V24",0
0.4,1,"67","V25",0
0.4,1,"67","V26",0
0.4,1,"67","V27",0.0468063895852375
0.4,1,"67","V28",0
0.4,1,"67","V29",0
0.4,1,"67","V30",0
0.4,1,"67","V31",0
0.4,1,"67","V32",0
0.4,1,"67","V33",0
0.4,1,"67","V34",0
0.4,1,"67","V35",0
0.4,1,"67","V36",0
0.4,1,"67","V37",0
0.4,1,"67","V38",0
0.4,1,"67","V39",0
0.4,1,"67","V40",0
0.4,1,"67","V41",0
0.4,1,"67","V42",0
0.4,1,"67","V43",0
0.4,1,"67","V44",0
0.4,1,"67","V45",0
0.4,1,"67","V46",0
0.4,1,"67","V47",0
0.4,1,"67","V48",0
0.4,1,"67","V49",0
0.4,1,"67","V50",0
0.4,1,"67","V51",0
0.4,1,"67","V52",0
0.4,1,"67","V53",0
0.4,1,"67","V54",0
0.4,1,"67","V55",0
0.4,1,"67","V56",0
0.4,1,"67","V57",0
0.4,1,"67","V58",0
0.4,1,"67","V59",0
0.4,1,"67","V60",0
0.4,1,"67","V61",0
0.4,1,"67","V62",0
0.4,1,"67","V63",0
0.4,1,"67","V64",0
0.4,1,"67","V65",0
0.4,1,"67","V66",0
0.4,1,"67","V67",-1
0.4,1,"67","V68",0
0.4,1,"67","V69",0
0.4,1,"67","V70",0
0.4,1,"67","V71",0
0.4,1,"67","V72",0
0.4,1,"67","V73",0
0.4,1,"67","V74",0
0.4,1,"67","V75",0
0.4,1,"67","V76",0
0.4,1,"67","V77",0
0.4,1,"67","V78",0
0.4,1,"67","V79",0
0.4,1,"67","V80",0
0.4,1,"67","V81",0
0.4,1,"67","V82",0
0.4,1,"67","V83",0
0.4,1,"67","V84",0
0.4,1,"67","V85",0
0.4,1,"67","V86",0
0.4,1,"67","V87",0
0.4,1,"67","V88",0
0.4,1,"67","V89",0
0.4,1,"67","V90",0
0.4,1,"68","V1",0
0.4,1,"68","V2",0
0.4,1,"68","V3",0
0.4,1,"68","V4",0
0.4,1,"68","V5",0
0.4,1,"68","V6",0
0.4,1,"68","V7",0
0.4,1,"68","V8",0
0.4,1,"68","V9",0
0.4,1,"68","V10",0
0.4,1,"68","V11",0
0.4,1,"68","V12",0
0.4,1,"68","V13",0
0.4,1,"68","V14",0
0.4,1,"68","V15",0
0.4,1,"68","V16",0
0.4,1,"68","V17",0
0.4,1,"68","V18",0
0.4,1,"68","V19",0
0.4,1,"68","V20",0
0.4,1,"68","V21",0
0.4,1,"68","V22",0
0.4,1,"68","V23",0
0.4,1,"68","V24",0
0.4,1,"68","V25",0
0.4,1,"68","V26",0
0.4,1,"68","V27",0
0.4,1,"68","V28",0
0.4,1,"68","V29",0
0.4,1,"68","V30",0
0.4,1,"68","V31",0
0.4,1,"68","V32",0
0.4,1,"68","V33",0
0.4,1,"68","V34",0
0.4,1,"68","V35",0
0.4,1,"68","V36",0
0.4,1,"68","V37",0
0.4,1,"68","V38",0
0.4,1,"68","V39",0
0.4,1,"68","V40",0
0.4,1,"68","V41",0
0.4,1,"68","V42",0
0.4,1,"68","V43",0
0.4,1,"68","V44",0
0.4,1,"68","V45",0
0.4,1,"68","V46",0
0.4,1,"68","V47",0
0.4,1,"68","V48",0
0.4,1,"68","V49",0
0.4,1,"68","V50",0
0.4,1,"68","V51",0
0.4,1,"68","V52",0
0.4,1,"68","V53",0
0.4,1,"68","V54",0
0.4,1,"68","V55",0
0.4,1,"68","V56",0
0.4,1,"68","V57",0
0.4,1,"68","V58",0
0.4,1,"68","V59",0
0.4,1,"68","V60",0
0.4,1,"68","V61",0
0.4,1,"68","V62",0
0.4,1,"68","V63",0
0.4,1,"68","V64",0
0.4,1,"68","V65",0
0.4,1,"68","V66",0
0.4,1,"68","V67",0
0.4,1,"68","V68",-1
0.4,1,"68","V69",0
0.4,1,"68","V70",0
0.4,1,"68","V71",0
0.4,1,"68","V72",0
0.4,1,"68","V73",0
0.4,1,"68","V74",0
0.4,1,"68","V75",0
0.4,1,"68","V76",0
0.4,1,"68","V77",0
0.4,1,"68","V78",0
0.4,1,"68","V79",0
0.4,1,"68","V80",0
0.4,1,"68","V81",0
0.4,1,"68","V82",0
0.4,1,"68","V83",0
0.4,1,"68","V84",0
0.4,1,"68","V85",0
0.4,1,"68","V86",0
0.4,1,"68","V87",0
0.4,1,"68","V88",0
0.4,1,"68","V89",0
0.4,1,"68","V90",0
0.4,1,"69","V1",0
0.4,1,"69","V2",0
0.4,1,"69","V3",0
0.4,1,"69","V4",0
0.4,1,"69","V5",0
0.4,1,"69","V6",0
0.4,1,"69","V7",0
0.4,1,"69","V8",0
0.4,1,"69","V9",0
0.4,1,"69","V10",0
0.4,1,"69","V11",0
0.4,1,"69","V12",0
0.4,1,"69","V13",0
0.4,1,"69","V14",0
0.4,1,"69","V15",0
0.4,1,"69","V16",0
0.4,1,"69","V17",0
0.4,1,"69","V18",0
0.4,1,"69","V19",0
0.4,1,"69","V20",0
0.4,1,"69","V21",0
0.4,1,"69","V22",0
0.4,1,"69","V23",0
0.4,1,"69","V24",0
0.4,1,"69","V25",0
0.4,1,"69","V26",0
0.4,1,"69","V27",0
0.4,1,"69","V28",0
0.4,1,"69","V29",0
0.4,1,"69","V30",0
0.4,1,"69","V31",0
0.4,1,"69","V32",0
0.4,1,"69","V33",0
0.4,1,"69","V34",0
0.4,1,"69","V35",0
0.4,1,"69","V36",0
0.4,1,"69","V37",0
0.4,1,"69","V38",0
0.4,1,"69","V39",0
0.4,1,"69","V40",0
0.4,1,"69","V41",0
0.4,1,"69","V42",0
0.4,1,"69","V43",0
0.4,1,"69","V44",0
0.4,1,"69","V45",0
0.4,1,"69","V46",0
0.4,1,"69","V47",0
0.4,1,"69","V48",0
0.4,1,"69","V49",0
0.4,1,"69","V50",0
0.4,1,"69","V51",0
0.4,1,"69","V52",0
0.4,1,"69","V53",0
0.4,1,"69","V54",0
0.4,1,"69","V55",0
0.4,1,"69","V56",0
0.4,1,"69","V57",0
0.4,1,"69","V58",0
0.4,1,"69","V59",0
0.4,1,"69","V60",0
0.4,1,"69","V61",0
0.4,1,"69","V62",0
0.4,1,"69","V63",0
0.4,1,"69","V64",0
0.4,1,"69","V65",0
0.4,1,"69","V66",0
0.4,1,"69","V67",0
0.4,1,"69","V68",0
0.4,1,"69","V69",-1
0.4,1,"69","V70",0
0.4,1,"69","V71",0
0.4,1,"69","V72",0
0.4,1,"69","V73",0
0.4,1,"69","V74",0
0.4,1,"69","V75",0
0.4,1,"69","V76",0
0.4,1,"69","V77",0
0.4,1,"69","V78",0
0.4,1,"69","V79",0
0.4,1,"69","V80",0
0.4,1,"69","V81",0
0.4,1,"69","V82",0
0.4,1,"69","V83",0
0.4,1,"69","V84",0
0.4,1,"69","V85",0
0.4,1,"69","V86",0
0.4,1,"69","V87",0
0.4,1,"69","V88",0
0.4,1,"69","V89",0
0.4,1,"69","V90",0
0.4,1,"70","V1",0
0.4,1,"70","V2",0
0.4,1,"70","V3",0
0.4,1,"70","V4",0
0.4,1,"70","V5",0
0.4,1,"70","V6",0
0.4,1,"70","V7",0
0.4,1,"70","V8",0
0.4,1,"70","V9",0
0.4,1,"70","V10",0
0.4,1,"70","V11",0
0.4,1,"70","V12",0
0.4,1,"70","V13",0
0.4,1,"70","V14",0
0.4,1,"70","V15",0
0.4,1,"70","V16",0
0.4,1,"70","V17",0
0.4,1,"70","V18",0
0.4,1,"70","V19",0
0.4,1,"70","V20",0
0.4,1,"70","V21",0.265454508163916
0.4,1,"70","V22",0
0.4,1,"70","V23",0
0.4,1,"70","V24",0
0.4,1,"70","V25",0
0.4,1,"70","V26",0
0.4,1,"70","V27",0
0.4,1,"70","V28",0
0.4,1,"70","V29",0
0.4,1,"70","V30",0
0.4,1,"70","V31",0
0.4,1,"70","V32",0
0.4,1,"70","V33",0
0.4,1,"70","V34",0
0.4,1,"70","V35",0
0.4,1,"70","V36",0
0.4,1,"70","V37",0
0.4,1,"70","V38",0
0.4,1,"70","V39",0
0.4,1,"70","V40",0
0.4,1,"70","V41",0
0.4,1,"70","V42",0
0.4,1,"70","V43",0
0.4,1,"70","V44",0
0.4,1,"70","V45",0
0.4,1,"70","V46",0
0.4,1,"70","V47",0
0.4,1,"70","V48",0
0.4,1,"70","V49",0
0.4,1,"70","V50",0
0.4,1,"70","V51",0
0.4,1,"70","V52",0
0.4,1,"70","V53",0
0.4,1,"70","V54",0
0.4,1,"70","V55",0
0.4,1,"70","V56",0
0.4,1,"70","V57",0
0.4,1,"70","V58",0
0.4,1,"70","V59",0
0.4,1,"70","V60",0
0.4,1,"70","V61",0
0.4,1,"70","V62",0
0.4,1,"70","V63",0
0.4,1,"70","V64",0
0.4,1,"70","V65",0
0.4,1,"70","V66",0
0.4,1,"70","V67",0
0.4,1,"70","V68",0
0.4,1,"70","V69",0
0.4,1,"70","V70",-1
0.4,1,"70","V71",0
0.4,1,"70","V72",0
0.4,1,"70","V73",0
0.4,1,"70","V74",0
0.4,1,"70","V75",0
0.4,1,"70","V76",0
0.4,1,"70","V77",0
0.4,1,"70","V78",0
0.4,1,"70","V79",0
0.4,1,"70","V80",0
0.4,1,"70","V81",0
0.4,1,"70","V82",0
0.4,1,"70","V83",0
0.4,1,"70","V84",0
0.4,1,"70","V85",0
0.4,1,"70","V86",0
0.4,1,"70","V87",0
0.4,1,"70","V88",0
0.4,1,"70","V89",0
0.4,1,"70","V90",0
0.4,1,"71","V1",0
0.4,1,"71","V2",0
0.4,1,"71","V3",0
0.4,1,"71","V4",0
0.4,1,"71","V5",0
0.4,1,"71","V6",0
0.4,1,"71","V7",0
0.4,1,"71","V8",0
0.4,1,"71","V9",0
0.4,1,"71","V10",0
0.4,1,"71","V11",0
0.4,1,"71","V12",0
0.4,1,"71","V13",0
0.4,1,"71","V14",0
0.4,1,"71","V15",0
0.4,1,"71","V16",0
0.4,1,"71","V17",0
0.4,1,"71","V18",0
0.4,1,"71","V19",0
0.4,1,"71","V20",0
0.4,1,"71","V21",0
0.4,1,"71","V22",0
0.4,1,"71","V23",0
0.4,1,"71","V24",0
0.4,1,"71","V25",0
0.4,1,"71","V26",0
0.4,1,"71","V27",0
0.4,1,"71","V28",0
0.4,1,"71","V29",0
0.4,1,"71","V30",0
0.4,1,"71","V31",0
0.4,1,"71","V32",0
0.4,1,"71","V33",0
0.4,1,"71","V34",0
0.4,1,"71","V35",0
0.4,1,"71","V36",0
0.4,1,"71","V37",0
0.4,1,"71","V38",0
0.4,1,"71","V39",0
0.4,1,"71","V40",0
0.4,1,"71","V41",0
0.4,1,"71","V42",0
0.4,1,"71","V43",0
0.4,1,"71","V44",0
0.4,1,"71","V45",0
0.4,1,"71","V46",0
0.4,1,"71","V47",0
0.4,1,"71","V48",0
0.4,1,"71","V49",0
0.4,1,"71","V50",0
0.4,1,"71","V51",0
0.4,1,"71","V52",0
0.4,1,"71","V53",0
0.4,1,"71","V54",0
0.4,1,"71","V55",0
0.4,1,"71","V56",0
0.4,1,"71","V57",0
0.4,1,"71","V58",0
0.4,1,"71","V59",0
0.4,1,"71","V60",0
0.4,1,"71","V61",0
0.4,1,"71","V62",0
0.4,1,"71","V63",0
0.4,1,"71","V64",0
0.4,1,"71","V65",0
0.4,1,"71","V66",0
0.4,1,"71","V67",0
0.4,1,"71","V68",0
0.4,1,"71","V69",0
0.4,1,"71","V70",0
0.4,1,"71","V71",-1
0.4,1,"71","V72",0
0.4,1,"71","V73",0
0.4,1,"71","V74",0
0.4,1,"71","V75",0
0.4,1,"71","V76",0
0.4,1,"71","V77",0
0.4,1,"71","V78",0
0.4,1,"71","V79",0
0.4,1,"71","V80",0
0.4,1,"71","V81",0
0.4,1,"71","V82",0
0.4,1,"71","V83",0
0.4,1,"71","V84",0
0.4,1,"71","V85",0
0.4,1,"71","V86",0
0.4,1,"71","V87",0
0.4,1,"71","V88",0
0.4,1,"71","V89",0
0.4,1,"71","V90",0
0.4,1,"72","V1",0
0.4,1,"72","V2",0
0.4,1,"72","V3",0
0.4,1,"72","V4",0
0.4,1,"72","V5",0
0.4,1,"72","V6",0
0.4,1,"72","V7",0
0.4,1,"72","V8",0
0.4,1,"72","V9",0
0.4,1,"72","V10",0
0.4,1,"72","V11",0
0.4,1,"72","V12",0
0.4,1,"72","V13",0
0.4,1,"72","V14",0
0.4,1,"72","V15",0
0.4,1,"72","V16",0
0.4,1,"72","V17",0
0.4,1,"72","V18",0
0.4,1,"72","V19",0
0.4,1,"72","V20",0
0.4,1,"72","V21",0
0.4,1,"72","V22",0
0.4,1,"72","V23",0
0.4,1,"72","V24",0
0.4,1,"72","V25",0
0.4,1,"72","V26",0
0.4,1,"72","V27",0
0.4,1,"72","V28",0
0.4,1,"72","V29",0
0.4,1,"72","V30",0
0.4,1,"72","V31",0
0.4,1,"72","V32",0
0.4,1,"72","V33",0
0.4,1,"72","V34",0
0.4,1,"72","V35",0
0.4,1,"72","V36",0
0.4,1,"72","V37",0
0.4,1,"72","V38",0
0.4,1,"72","V39",0
0.4,1,"72","V40",0
0.4,1,"72","V41",0
0.4,1,"72","V42",0
0.4,1,"72","V43",0
0.4,1,"72","V44",0
0.4,1,"72","V45",0
0.4,1,"72","V46",0
0.4,1,"72","V47",0
0.4,1,"72","V48",0
0.4,1,"72","V49",0
0.4,1,"72","V50",0
0.4,1,"72","V51",0
0.4,1,"72","V52",0
0.4,1,"72","V53",0
0.4,1,"72","V54",0
0.4,1,"72","V55",0
0.4,1,"72","V56",0
0.4,1,"72","V57",0
0.4,1,"72","V58",0
0.4,1,"72","V59",0
0.4,1,"72","V60",0
0.4,1,"72","V61",0
0.4,1,"72","V62",0
0.4,1,"72","V63",0
0.4,1,"72","V64",0
0.4,1,"72","V65",0
0.4,1,"72","V66",0
0.4,1,"72","V67",0
0.4,1,"72","V68",0
0.4,1,"72","V69",0
0.4,1,"72","V70",0
0.4,1,"72","V71",0
0.4,1,"72","V72",-1
0.4,1,"72","V73",0
0.4,1,"72","V74",0
0.4,1,"72","V75",0
0.4,1,"72","V76",0
0.4,1,"72","V77",0
0.4,1,"72","V78",0
0.4,1,"72","V79",0
0.4,1,"72","V80",0
0.4,1,"72","V81",0
0.4,1,"72","V82",0
0.4,1,"72","V83",0
0.4,1,"72","V84",0
0.4,1,"72","V85",0
0.4,1,"72","V86",0
0.4,1,"72","V87",0
0.4,1,"72","V88",0
0.4,1,"72","V89",0
0.4,1,"72","V90",0
0.4,1,"73","V1",0
0.4,1,"73","V2",0
0.4,1,"73","V3",0
0.4,1,"73","V4",0
0.4,1,"73","V5",0
0.4,1,"73","V6",0
0.4,1,"73","V7",0
0.4,1,"73","V8",0
0.4,1,"73","V9",0
0.4,1,"73","V10",0
0.4,1,"73","V11",0
0.4,1,"73","V12",0
0.4,1,"73","V13",0
0.4,1,"73","V14",0
0.4,1,"73","V15",0
0.4,1,"73","V16",0
0.4,1,"73","V17",0
0.4,1,"73","V18",0
0.4,1,"73","V19",0
0.4,1,"73","V20",0
0.4,1,"73","V21",0
0.4,1,"73","V22",0
0.4,1,"73","V23",0
0.4,1,"73","V24",0
0.4,1,"73","V25",0
0.4,1,"73","V26",0
0.4,1,"73","V27",0
0.4,1,"73","V28",0
0.4,1,"73","V29",0
0.4,1,"73","V30",0
0.4,1,"73","V31",0
0.4,1,"73","V32",0
0.4,1,"73","V33",0
0.4,1,"73","V34",0
0.4,1,"73","V35",0
0.4,1,"73","V36",0
0.4,1,"73","V37",0
0.4,1,"73","V38",0
0.4,1,"73","V39",0
0.4,1,"73","V40",0
0.4,1,"73","V41",0
0.4,1,"73","V42",0
0.4,1,"73","V43",0
0.4,1,"73","V44",0
0.4,1,"73","V45",0
0.4,1,"73","V46",0
0.4,1,"73","V47",0
0.4,1,"73","V48",0
0.4,1,"73","V49",0
0.4,1,"73","V50",0
0.4,1,"73","V51",0
0.4,1,"73","V52",0
0.4,1,"73","V53",0
0.4,1,"73","V54",0
0.4,1,"73","V55",0
0.4,1,"73","V56",0
0.4,1,"73","V57",0
0.4,1,"73","V58",0
0.4,1,"73","V59",0
0.4,1,"73","V60",0
0.4,1,"73","V61",0
0.4,1,"73","V62",0
0.4,1,"73","V63",0
0.4,1,"73","V64",0
0.4,1,"73","V65",0
0.4,1,"73","V66",0
0.4,1,"73","V67",0
0.4,1,"73","V68",0
0.4,1,"73","V69",0
0.4,1,"73","V70",0
0.4,1,"73","V71",0
0.4,1,"73","V72",0
0.4,1,"73","V73",-1
0.4,1,"73","V74",0
0.4,1,"73","V75",0
0.4,1,"73","V76",0
0.4,1,"73","V77",0
0.4,1,"73","V78",0
0.4,1,"73","V79",0
0.4,1,"73","V80",0
0.4,1,"73","V81",0
0.4,1,"73","V82",0
0.4,1,"73","V83",0
0.4,1,"73","V84",0
0.4,1,"73","V85",0
0.4,1,"73","V86",0
0.4,1,"73","V87",0
0.4,1,"73","V88",0
0.4,1,"73","V89",0
0.4,1,"73","V90",0
0.4,1,"74","V1",0
0.4,1,"74","V2",0
0.4,1,"74","V3",0
0.4,1,"74","V4",0
0.4,1,"74","V5",0
0.4,1,"74","V6",0
0.4,1,"74","V7",0
0.4,1,"74","V8",0
0.4,1,"74","V9",0
0.4,1,"74","V10",0
0.4,1,"74","V11",0
0.4,1,"74","V12",0
0.4,1,"74","V13",0
0.4,1,"74","V14",0
0.4,1,"74","V15",0
0.4,1,"74","V16",0
0.4,1,"74","V17",0
0.4,1,"74","V18",0
0.4,1,"74","V19",0
0.4,1,"74","V20",0
0.4,1,"74","V21",0
0.4,1,"74","V22",0
0.4,1,"74","V23",0
0.4,1,"74","V24",0
0.4,1,"74","V25",0
0.4,1,"74","V26",0
0.4,1,"74","V27",0
0.4,1,"74","V28",0
0.4,1,"74","V29",0
0.4,1,"74","V30",0
0.4,1,"74","V31",0
0.4,1,"74","V32",0
0.4,1,"74","V33",0
0.4,1,"74","V34",0
0.4,1,"74","V35",0
0.4,1,"74","V36",0
0.4,1,"74","V37",0
0.4,1,"74","V38",0
0.4,1,"74","V39",0
0.4,1,"74","V40",0
0.4,1,"74","V41",0
0.4,1,"74","V42",0
0.4,1,"74","V43",0
0.4,1,"74","V44",0
0.4,1,"74","V45",0
0.4,1,"74","V46",0
0.4,1,"74","V47",0
0.4,1,"74","V48",0
0.4,1,"74","V49",0
0.4,1,"74","V50",0.0378911462631508
0.4,1,"74","V51",0
0.4,1,"74","V52",0
0.4,1,"74","V53",0
0.4,1,"74","V54",0
0.4,1,"74","V55",0
0.4,1,"74","V56",0
0.4,1,"74","V57",0
0.4,1,"74","V58",0
0.4,1,"74","V59",0
0.4,1,"74","V60",0
0.4,1,"74","V61",0
0.4,1,"74","V62",0
0.4,1,"74","V63",0
0.4,1,"74","V64",0
0.4,1,"74","V65",0
0.4,1,"74","V66",0
0.4,1,"74","V67",0
0.4,1,"74","V68",0
0.4,1,"74","V69",0
0.4,1,"74","V70",0
0.4,1,"74","V71",0
0.4,1,"74","V72",0
0.4,1,"74","V73",0
0.4,1,"74","V74",-1
0.4,1,"74","V75",0
0.4,1,"74","V76",0
0.4,1,"74","V77",0
0.4,1,"74","V78",0
0.4,1,"74","V79",0
0.4,1,"74","V80",0
0.4,1,"74","V81",0
0.4,1,"74","V82",0
0.4,1,"74","V83",0
0.4,1,"74","V84",0
0.4,1,"74","V85",0
0.4,1,"74","V86",0
0.4,1,"74","V87",0
0.4,1,"74","V88",0
0.4,1,"74","V89",0
0.4,1,"74","V90",0
0.4,1,"75","V1",0
0.4,1,"75","V2",0
0.4,1,"75","V3",0
0.4,1,"75","V4",0
0.4,1,"75","V5",0
0.4,1,"75","V6",0
0.4,1,"75","V7",0
0.4,1,"75","V8",0
0.4,1,"75","V9",0
0.4,1,"75","V10",0
0.4,1,"75","V11",0
0.4,1,"75","V12",0
0.4,1,"75","V13",0
0.4,1,"75","V14",0
0.4,1,"75","V15",0
0.4,1,"75","V16",0
0.4,1,"75","V17",0
0.4,1,"75","V18",0
0.4,1,"75","V19",0
0.4,1,"75","V20",0
0.4,1,"75","V21",0
0.4,1,"75","V22",0
0.4,1,"75","V23",0
0.4,1,"75","V24",0
0.4,1,"75","V25",0
0.4,1,"75","V26",0
0.4,1,"75","V27",0
0.4,1,"75","V28",0
0.4,1,"75","V29",0
0.4,1,"75","V30",0
0.4,1,"75","V31",0
0.4,1,"75","V32",0
0.4,1,"75","V33",0
0.4,1,"75","V34",0
0.4,1,"75","V35",0
0.4,1,"75","V36",0
0.4,1,"75","V37",0
0.4,1,"75","V38",0
0.4,1,"75","V39",0
0.4,1,"75","V40",0
0.4,1,"75","V41",0
0.4,1,"75","V42",0
0.4,1,"75","V43",0
0.4,1,"75","V44",0
0.4,1,"75","V45",0
0.4,1,"75","V46",0
0.4,1,"75","V47",0
0.4,1,"75","V48",0
0.4,1,"75","V49",0
0.4,1,"75","V50",0
0.4,1,"75","V51",0
0.4,1,"75","V52",0
0.4,1,"75","V53",0
0.4,1,"75","V54",0
0.4,1,"75","V55",0
0.4,1,"75","V56",0
0.4,1,"75","V57",0
0.4,1,"75","V58",0
0.4,1,"75","V59",0
0.4,1,"75","V60",0
0.4,1,"75","V61",0
0.4,1,"75","V62",0
0.4,1,"75","V63",0
0.4,1,"75","V64",0
0.4,1,"75","V65",0
0.4,1,"75","V66",0
0.4,1,"75","V67",0
0.4,1,"75","V68",0
0.4,1,"75","V69",0
0.4,1,"75","V70",0
0.4,1,"75","V71",0
0.4,1,"75","V72",0
0.4,1,"75","V73",0
0.4,1,"75","V74",0
0.4,1,"75","V75",-1
0.4,1,"75","V76",0
0.4,1,"75","V77",0
0.4,1,"75","V78",0
0.4,1,"75","V79",0
0.4,1,"75","V80",0
0.4,1,"75","V81",0
0.4,1,"75","V82",0
0.4,1,"75","V83",0
0.4,1,"75","V84",0
0.4,1,"75","V85",0
0.4,1,"75","V86",0
0.4,1,"75","V87",0
0.4,1,"75","V88",0
0.4,1,"75","V89",0
0.4,1,"75","V90",0
0.4,1,"76","V1",0
0.4,1,"76","V2",0
0.4,1,"76","V3",0
0.4,1,"76","V4",0
0.4,1,"76","V5",0
0.4,1,"76","V6",0
0.4,1,"76","V7",0
0.4,1,"76","V8",0
0.4,1,"76","V9",0
0.4,1,"76","V10",0
0.4,1,"76","V11",0
0.4,1,"76","V12",0
0.4,1,"76","V13",0
0.4,1,"76","V14",0
0.4,1,"76","V15",0
0.4,1,"76","V16",0
0.4,1,"76","V17",0
0.4,1,"76","V18",0
0.4,1,"76","V19",0
0.4,1,"76","V20",0
0.4,1,"76","V21",0
0.4,1,"76","V22",0
0.4,1,"76","V23",0
0.4,1,"76","V24",0
0.4,1,"76","V25",0
0.4,1,"76","V26",0
0.4,1,"76","V27",0
0.4,1,"76","V28",0
0.4,1,"76","V29",0
0.4,1,"76","V30",0
0.4,1,"76","V31",0
0.4,1,"76","V32",0
0.4,1,"76","V33",0
0.4,1,"76","V34",0
0.4,1,"76","V35",0
0.4,1,"76","V36",0
0.4,1,"76","V37",0
0.4,1,"76","V38",0
0.4,1,"76","V39",0
0.4,1,"76","V40",0
0.4,1,"76","V41",0
0.4,1,"76","V42",0
0.4,1,"76","V43",0.201350936902719
0.4,1,"76","V44",0
0.4,1,"76","V45",0
0.4,1,"76","V46",0
0.4,1,"76","V47",0.362483579012256
0.4,1,"76","V48",0
0.4,1,"76","V49",0
0.4,1,"76","V50",0
0.4,1,"76","V51",0
0.4,1,"76","V52",0
0.4,1,"76","V53",0
0.4,1,"76","V54",0
0.4,1,"76","V55",0
0.4,1,"76","V56",0.00683456406761263
0.4,1,"76","V57",0
0.4,1,"76","V58",0
0.4,1,"76","V59",0
0.4,1,"76","V60",0
0.4,1,"76","V61",0
0.4,1,"76","V62",0
0.4,1,"76","V63",0
0.4,1,"76","V64",0
0.4,1,"76","V65",0
0.4,1,"76","V66",0
0.4,1,"76","V67",0
0.4,1,"76","V68",0
0.4,1,"76","V69",0.0294656448934708
0.4,1,"76","V70",-0.00171751777691747
0.4,1,"76","V71",0
0.4,1,"76","V72",0
0.4,1,"76","V73",0
0.4,1,"76","V74",0
0.4,1,"76","V75",0.0256806967908128
0.4,1,"76","V76",-1
0.4,1,"76","V77",0
0.4,1,"76","V78",0
0.4,1,"76","V79",0
0.4,1,"76","V80",0
0.4,1,"76","V81",0
0.4,1,"76","V82",0
0.4,1,"76","V83",0
0.4,1,"76","V84",0
0.4,1,"76","V85",0
0.4,1,"76","V86",0
0.4,1,"76","V87",0
0.4,1,"76","V88",0
0.4,1,"76","V89",0
0.4,1,"76","V90",0
0.4,1,"77","V1",0
0.4,1,"77","V2",0
0.4,1,"77","V3",0
0.4,1,"77","V4",0
0.4,1,"77","V5",0
0.4,1,"77","V6",0
0.4,1,"77","V7",0
0.4,1,"77","V8",0
0.4,1,"77","V9",0
0.4,1,"77","V10",0
0.4,1,"77","V11",0
0.4,1,"77","V12",0
0.4,1,"77","V13",0
0.4,1,"77","V14",0
0.4,1,"77","V15",0
0.4,1,"77","V16",0
0.4,1,"77","V17",0
0.4,1,"77","V18",0
0.4,1,"77","V19",0
0.4,1,"77","V20",0
0.4,1,"77","V21",0
0.4,1,"77","V22",0
0.4,1,"77","V23",0
0.4,1,"77","V24",0
0.4,1,"77","V25",0
0.4,1,"77","V26",0
0.4,1,"77","V27",0
0.4,1,"77","V28",0
0.4,1,"77","V29",0
0.4,1,"77","V30",0
0.4,1,"77","V31",0
0.4,1,"77","V32",0
0.4,1,"77","V33",0
0.4,1,"77","V34",0
0.4,1,"77","V35",0
0.4,1,"77","V36",0
0.4,1,"77","V37",0
0.4,1,"77","V38",0
0.4,1,"77","V39",0
0.4,1,"77","V40",0
0.4,1,"77","V41",0
0.4,1,"77","V42",0
0.4,1,"77","V43",0
0.4,1,"77","V44",0
0.4,1,"77","V45",0
0.4,1,"77","V46",0
0.4,1,"77","V47",0
0.4,1,"77","V48",0
0.4,1,"77","V49",0
0.4,1,"77","V50",0
0.4,1,"77","V51",0
0.4,1,"77","V52",0
0.4,1,"77","V53",0
0.4,1,"77","V54",0
0.4,1,"77","V55",0
0.4,1,"77","V56",0
0.4,1,"77","V57",0
0.4,1,"77","V58",0
0.4,1,"77","V59",0
0.4,1,"77","V60",0
0.4,1,"77","V61",0
0.4,1,"77","V62",0
0.4,1,"77","V63",0
0.4,1,"77","V64",0
0.4,1,"77","V65",0
0.4,1,"77","V66",0
0.4,1,"77","V67",0
0.4,1,"77","V68",0
0.4,1,"77","V69",0
0.4,1,"77","V70",0
0.4,1,"77","V71",0
0.4,1,"77","V72",0
0.4,1,"77","V73",0
0.4,1,"77","V74",0
0.4,1,"77","V75",0
0.4,1,"77","V76",0
0.4,1,"77","V77",-1
0.4,1,"77","V78",0
0.4,1,"77","V79",0
0.4,1,"77","V80",0
0.4,1,"77","V81",0
0.4,1,"77","V82",0
0.4,1,"77","V83",0
0.4,1,"77","V84",0
0.4,1,"77","V85",0
0.4,1,"77","V86",0
0.4,1,"77","V87",0
0.4,1,"77","V88",0
0.4,1,"77","V89",0
0.4,1,"77","V90",0
0.4,1,"78","V1",0
0.4,1,"78","V2",0
0.4,1,"78","V3",0
0.4,1,"78","V4",0
0.4,1,"78","V5",0
0.4,1,"78","V6",0
0.4,1,"78","V7",0
0.4,1,"78","V8",0
0.4,1,"78","V9",0
0.4,1,"78","V10",0
0.4,1,"78","V11",0
0.4,1,"78","V12",0
0.4,1,"78","V13",0
0.4,1,"78","V14",0
0.4,1,"78","V15",0
0.4,1,"78","V16",0
0.4,1,"78","V17",0
0.4,1,"78","V18",0
0.4,1,"78","V19",0
0.4,1,"78","V20",0
0.4,1,"78","V21",0
0.4,1,"78","V22",0
0.4,1,"78","V23",0
0.4,1,"78","V24",0
0.4,1,"78","V25",0
0.4,1,"78","V26",0
0.4,1,"78","V27",0
0.4,1,"78","V28",0
0.4,1,"78","V29",0
0.4,1,"78","V30",0
0.4,1,"78","V31",0
0.4,1,"78","V32",0
0.4,1,"78","V33",0
0.4,1,"78","V34",0
0.4,1,"78","V35",0
0.4,1,"78","V36",0
0.4,1,"78","V37",0
0.4,1,"78","V38",0
0.4,1,"78","V39",0
0.4,1,"78","V40",0
0.4,1,"78","V41",0
0.4,1,"78","V42",0
0.4,1,"78","V43",0
0.4,1,"78","V44",0
0.4,1,"78","V45",0
0.4,1,"78","V46",0
0.4,1,"78","V47",0
0.4,1,"78","V48",0
0.4,1,"78","V49",0
0.4,1,"78","V50",0
0.4,1,"78","V51",0
0.4,1,"78","V52",0
0.4,1,"78","V53",0
0.4,1,"78","V54",0
0.4,1,"78","V55",0
0.4,1,"78","V56",0
0.4,1,"78","V57",0
0.4,1,"78","V58",0
0.4,1,"78","V59",0
0.4,1,"78","V60",0
0.4,1,"78","V61",0
0.4,1,"78","V62",0
0.4,1,"78","V63",0
0.4,1,"78","V64",0
0.4,1,"78","V65",0
0.4,1,"78","V66",0
0.4,1,"78","V67",0
0.4,1,"78","V68",0
0.4,1,"78","V69",0
0.4,1,"78","V70",0
0.4,1,"78","V71",0
0.4,1,"78","V72",0
0.4,1,"78","V73",0
0.4,1,"78","V74",0
0.4,1,"78","V75",0
0.4,1,"78","V76",0
0.4,1,"78","V77",0
0.4,1,"78","V78",-1
0.4,1,"78","V79",0
0.4,1,"78","V80",0
0.4,1,"78","V81",0
0.4,1,"78","V82",0
0.4,1,"78","V83",0
0.4,1,"78","V84",0
0.4,1,"78","V85",0
0.4,1,"78","V86",0
0.4,1,"78","V87",0
0.4,1,"78","V88",0
0.4,1,"78","V89",0
0.4,1,"78","V90",0
0.4,1,"79","V1",0
0.4,1,"79","V2",0
0.4,1,"79","V3",0
0.4,1,"79","V4",0
0.4,1,"79","V5",0
0.4,1,"79","V6",0
0.4,1,"79","V7",0
0.4,1,"79","V8",0
0.4,1,"79","V9",0
0.4,1,"79","V10",0
0.4,1,"79","V11",0
0.4,1,"79","V12",0
0.4,1,"79","V13",0
0.4,1,"79","V14",0
0.4,1,"79","V15",0
0.4,1,"79","V16",0
0.4,1,"79","V17",0
0.4,1,"79","V18",0
0.4,1,"79","V19",0
0.4,1,"79","V20",0
0.4,1,"79","V21",0
0.4,1,"79","V22",0
0.4,1,"79","V23",0
0.4,1,"79","V24",0
0.4,1,"79","V25",0
0.4,1,"79","V26",0
0.4,1,"79","V27",0
0.4,1,"79","V28",0
0.4,1,"79","V29",0
0.4,1,"79","V30",0
0.4,1,"79","V31",0
0.4,1,"79","V32",0
0.4,1,"79","V33",0
0.4,1,"79","V34",0
0.4,1,"79","V35",0
0.4,1,"79","V36",0
0.4,1,"79","V37",0
0.4,1,"79","V38",0
0.4,1,"79","V39",0
0.4,1,"79","V40",0
0.4,1,"79","V41",0
0.4,1,"79","V42",0
0.4,1,"79","V43",0
0.4,1,"79","V44",0
0.4,1,"79","V45",0
0.4,1,"79","V46",0
0.4,1,"79","V47",0
0.4,1,"79","V48",0
0.4,1,"79","V49",0
0.4,1,"79","V50",0
0.4,1,"79","V51",0
0.4,1,"79","V52",0
0.4,1,"79","V53",0
0.4,1,"79","V54",0
0.4,1,"79","V55",0
0.4,1,"79","V56",0
0.4,1,"79","V57",0
0.4,1,"79","V58",0
0.4,1,"79","V59",0
0.4,1,"79","V60",0
0.4,1,"79","V61",0
0.4,1,"79","V62",0
0.4,1,"79","V63",0
0.4,1,"79","V64",0
0.4,1,"79","V65",0
0.4,1,"79","V66",0
0.4,1,"79","V67",0
0.4,1,"79","V68",0
0.4,1,"79","V69",0
0.4,1,"79","V70",0
0.4,1,"79","V71",0
0.4,1,"79","V72",0
0.4,1,"79","V73",0
0.4,1,"79","V74",0
0.4,1,"79","V75",0
0.4,1,"79","V76",0
0.4,1,"79","V77",0
0.4,1,"79","V78",0
0.4,1,"79","V79",-1
0.4,1,"79","V80",0
0.4,1,"79","V81",0
0.4,1,"79","V82",0
0.4,1,"79","V83",0
0.4,1,"79","V84",0
0.4,1,"79","V85",0
0.4,1,"79","V86",0
0.4,1,"79","V87",0
0.4,1,"79","V88",0
0.4,1,"79","V89",0
0.4,1,"79","V90",0
0.4,1,"80","V1",0
0.4,1,"80","V2",0
0.4,1,"80","V3",0
0.4,1,"80","V4",0
0.4,1,"80","V5",0
0.4,1,"80","V6",0
0.4,1,"80","V7",0
0.4,1,"80","V8",0
0.4,1,"80","V9",0
0.4,1,"80","V10",0
0.4,1,"80","V11",0
0.4,1,"80","V12",0
0.4,1,"80","V13",0
0.4,1,"80","V14",0
0.4,1,"80","V15",0
0.4,1,"80","V16",0
0.4,1,"80","V17",0
0.4,1,"80","V18",0
0.4,1,"80","V19",0
0.4,1,"80","V20",0
0.4,1,"80","V21",0
0.4,1,"80","V22",0
0.4,1,"80","V23",0
0.4,1,"80","V24",0
0.4,1,"80","V25",0
0.4,1,"80","V26",0
0.4,1,"80","V27",0
0.4,1,"80","V28",0
0.4,1,"80","V29",0
0.4,1,"80","V30",0
0.4,1,"80","V31",0
0.4,1,"80","V32",0
0.4,1,"80","V33",0
0.4,1,"80","V34",0
0.4,1,"80","V35",0
0.4,1,"80","V36",0
0.4,1,"80","V37",0
0.4,1,"80","V38",0
0.4,1,"80","V39",0
0.4,1,"80","V40",0
0.4,1,"80","V41",0
0.4,1,"80","V42",0
0.4,1,"80","V43",0
0.4,1,"80","V44",0
0.4,1,"80","V45",0
0.4,1,"80","V46",0
0.4,1,"80","V47",0
0.4,1,"80","V48",0
0.4,1,"80","V49",0
0.4,1,"80","V50",0
0.4,1,"80","V51",0
0.4,1,"80","V52",0
0.4,1,"80","V53",0
0.4,1,"80","V54",0
0.4,1,"80","V55",0
0.4,1,"80","V56",0
0.4,1,"80","V57",0
0.4,1,"80","V58",0
0.4,1,"80","V59",0
0.4,1,"80","V60",0
0.4,1,"80","V61",0
0.4,1,"80","V62",0
0.4,1,"80","V63",0
0.4,1,"80","V64",0
0.4,1,"80","V65",0
0.4,1,"80","V66",0
0.4,1,"80","V67",0
0.4,1,"80","V68",0
0.4,1,"80","V69",0
0.4,1,"80","V70",0
0.4,1,"80","V71",0
0.4,1,"80","V72",0
0.4,1,"80","V73",0
0.4,1,"80","V74",0
0.4,1,"80","V75",0
0.4,1,"80","V76",0
0.4,1,"80","V77",0
0.4,1,"80","V78",0
0.4,1,"80","V79",0
0.4,1,"80","V80",-1
0.4,1,"80","V81",0
0.4,1,"80","V82",0
0.4,1,"80","V83",0
0.4,1,"80","V84",0
0.4,1,"80","V85",0
0.4,1,"80","V86",0
0.4,1,"80","V87",0
0.4,1,"80","V88",0
0.4,1,"80","V89",0
0.4,1,"80","V90",0
0.4,1,"81","V1",0
0.4,1,"81","V2",0
0.4,1,"81","V3",0
0.4,1,"81","V4",0
0.4,1,"81","V5",0
0.4,1,"81","V6",0
0.4,1,"81","V7",0
0.4,1,"81","V8",0
0.4,1,"81","V9",0
0.4,1,"81","V10",0
0.4,1,"81","V11",0
0.4,1,"81","V12",0
0.4,1,"81","V13",0
0.4,1,"81","V14",0
0.4,1,"81","V15",0
0.4,1,"81","V16",0
0.4,1,"81","V17",0
0.4,1,"81","V18",0
0.4,1,"81","V19",0
0.4,1,"81","V20",0
0.4,1,"81","V21",0
0.4,1,"81","V22",0
0.4,1,"81","V23",0
0.4,1,"81","V24",0
0.4,1,"81","V25",0
0.4,1,"81","V26",0
0.4,1,"81","V27",0
0.4,1,"81","V28",0
0.4,1,"81","V29",0
0.4,1,"81","V30",0
0.4,1,"81","V31",0
0.4,1,"81","V32",0
0.4,1,"81","V33",0
0.4,1,"81","V34",0
0.4,1,"81","V35",0
0.4,1,"81","V36",0
0.4,1,"81","V37",0
0.4,1,"81","V38",0
0.4,1,"81","V39",0
0.4,1,"81","V40",0
0.4,1,"81","V41",0
0.4,1,"81","V42",0
0.4,1,"81","V43",0
0.4,1,"81","V44",0
0.4,1,"81","V45",0
0.4,1,"81","V46",0
0.4,1,"81","V47",0
0.4,1,"81","V48",0
0.4,1,"81","V49",0
0.4,1,"81","V50",0
0.4,1,"81","V51",0
0.4,1,"81","V52",0
0.4,1,"81","V53",0
0.4,1,"81","V54",0
0.4,1,"81","V55",0
0.4,1,"81","V56",0
0.4,1,"81","V57",0
0.4,1,"81","V58",0
0.4,1,"81","V59",0
0.4,1,"81","V60",0
0.4,1,"81","V61",0
0.4,1,"81","V62",0
0.4,1,"81","V63",0
0.4,1,"81","V64",0
0.4,1,"81","V65",0
0.4,1,"81","V66",0
0.4,1,"81","V67",0
0.4,1,"81","V68",0
0.4,1,"81","V69",0
0.4,1,"81","V70",0
0.4,1,"81","V71",0
0.4,1,"81","V72",0
0.4,1,"81","V73",0
0.4,1,"81","V74",0
0.4,1,"81","V75",0
0.4,1,"81","V76",0
0.4,1,"81","V77",0
0.4,1,"81","V78",0
0.4,1,"81","V79",0
0.4,1,"81","V80",0
0.4,1,"81","V81",-1
0.4,1,"81","V82",0
0.4,1,"81","V83",0
0.4,1,"81","V84",0
0.4,1,"81","V85",0
0.4,1,"81","V86",0
0.4,1,"81","V87",0
0.4,1,"81","V88",0
0.4,1,"81","V89",0
0.4,1,"81","V90",0
0.4,1,"82","V1",0
0.4,1,"82","V2",0
0.4,1,"82","V3",0
0.4,1,"82","V4",0
0.4,1,"82","V5",0
0.4,1,"82","V6",0
0.4,1,"82","V7",0
0.4,1,"82","V8",0
0.4,1,"82","V9",0
0.4,1,"82","V10",0
0.4,1,"82","V11",0
0.4,1,"82","V12",0
0.4,1,"82","V13",0
0.4,1,"82","V14",0
0.4,1,"82","V15",0
0.4,1,"82","V16",0
0.4,1,"82","V17",0
0.4,1,"82","V18",0
0.4,1,"82","V19",0
0.4,1,"82","V20",0
0.4,1,"82","V21",0
0.4,1,"82","V22",0
0.4,1,"82","V23",0
0.4,1,"82","V24",0
0.4,1,"82","V25",0
0.4,1,"82","V26",0
0.4,1,"82","V27",0
0.4,1,"82","V28",0
0.4,1,"82","V29",0
0.4,1,"82","V30",0
0.4,1,"82","V31",0
0.4,1,"82","V32",0
0.4,1,"82","V33",0
0.4,1,"82","V34",0
0.4,1,"82","V35",0
0.4,1,"82","V36",0
0.4,1,"82","V37",0
0.4,1,"82","V38",0
0.4,1,"82","V39",0
0.4,1,"82","V40",0
0.4,1,"82","V41",0
0.4,1,"82","V42",0
0.4,1,"82","V43",0
0.4,1,"82","V44",0
0.4,1,"82","V45",0
0.4,1,"82","V46",0
0.4,1,"82","V47",0
0.4,1,"82","V48",0
0.4,1,"82","V49",0
0.4,1,"82","V50",0
0.4,1,"82","V51",0
0.4,1,"82","V52",0
0.4,1,"82","V53",0
0.4,1,"82","V54",0
0.4,1,"82","V55",0
0.4,1,"82","V56",0
0.4,1,"82","V57",0
0.4,1,"82","V58",0
0.4,1,"82","V59",0
0.4,1,"82","V60",0
0.4,1,"82","V61",0
0.4,1,"82","V62",0
0.4,1,"82","V63",0
0.4,1,"82","V64",0
0.4,1,"82","V65",0
0.4,1,"82","V66",0
0.4,1,"82","V67",0
0.4,1,"82","V68",0
0.4,1,"82","V69",0
0.4,1,"82","V70",0
0.4,1,"82","V71",0
0.4,1,"82","V72",0
0.4,1,"82","V73",0
0.4,1,"82","V74",0
0.4,1,"82","V75",0
0.4,1,"82","V76",0
0.4,1,"82","V77",0
0.4,1,"82","V78",0
0.4,1,"82","V79",0
0.4,1,"82","V80",0
0.4,1,"82","V81",0
0.4,1,"82","V82",-1
0.4,1,"82","V83",0
0.4,1,"82","V84",0
0.4,1,"82","V85",0
0.4,1,"82","V86",0
0.4,1,"82","V87",0
0.4,1,"82","V88",0
0.4,1,"82","V89",0
0.4,1,"82","V90",0
0.4,1,"83","V1",0
0.4,1,"83","V2",0
0.4,1,"83","V3",0
0.4,1,"83","V4",0
0.4,1,"83","V5",0
0.4,1,"83","V6",0
0.4,1,"83","V7",0
0.4,1,"83","V8",0
0.4,1,"83","V9",1.02545989866396
0.4,1,"83","V10",0.965248957338791
0.4,1,"83","V11",0
0.4,1,"83","V12",0
0.4,1,"83","V13",0
0.4,1,"83","V14",0
0.4,1,"83","V15",0
0.4,1,"83","V16",0
0.4,1,"83","V17",0
0.4,1,"83","V18",0
0.4,1,"83","V19",0
0.4,1,"83","V20",0
0.4,1,"83","V21",0
0.4,1,"83","V22",0
0.4,1,"83","V23",0
0.4,1,"83","V24",0
0.4,1,"83","V25",0.00428585354405861
0.4,1,"83","V26",0
0.4,1,"83","V27",0
0.4,1,"83","V28",0
0.4,1,"83","V29",0
0.4,1,"83","V30",0
0.4,1,"83","V31",0
0.4,1,"83","V32",0
0.4,1,"83","V33",0
0.4,1,"83","V34",0
0.4,1,"83","V35",0
0.4,1,"83","V36",0
0.4,1,"83","V37",0
0.4,1,"83","V38",-0.0406438497937458
0.4,1,"83","V39",0
0.4,1,"83","V40",0
0.4,1,"83","V41",0
0.4,1,"83","V42",0
0.4,1,"83","V43",0
0.4,1,"83","V44",0.346020850007421
0.4,1,"83","V45",0
0.4,1,"83","V46",0
0.4,1,"83","V47",0
0.4,1,"83","V48",0
0.4,1,"83","V49",0
0.4,1,"83","V50",0
0.4,1,"83","V51",0.0120246450007512
0.4,1,"83","V52",0
0.4,1,"83","V53",0.00304404821539787
0.4,1,"83","V54",0
0.4,1,"83","V55",0
0.4,1,"83","V56",0
0.4,1,"83","V57",0
0.4,1,"83","V58",0
0.4,1,"83","V59",0
0.4,1,"83","V60",0
0.4,1,"83","V61",0
0.4,1,"83","V62",0
0.4,1,"83","V63",0
0.4,1,"83","V64",0
0.4,1,"83","V65",0.113526268959956
0.4,1,"83","V66",0
0.4,1,"83","V67",0
0.4,1,"83","V68",0
0.4,1,"83","V69",0
0.4,1,"83","V70",0
0.4,1,"83","V71",0
0.4,1,"83","V72",0
0.4,1,"83","V73",0
0.4,1,"83","V74",0
0.4,1,"83","V75",0
0.4,1,"83","V76",0
0.4,1,"83","V77",0
0.4,1,"83","V78",0.012151641662427
0.4,1,"83","V79",0
0.4,1,"83","V80",0
0.4,1,"83","V81",0
0.4,1,"83","V82",0.623370014336611
0.4,1,"83","V83",-1
0.4,1,"83","V84",0
0.4,1,"83","V85",0
0.4,1,"83","V86",0
0.4,1,"83","V87",0
0.4,1,"83","V88",0
0.4,1,"83","V89",0
0.4,1,"83","V90",0
0.4,1,"84","V1",0
0.4,1,"84","V2",0
0.4,1,"84","V3",0
0.4,1,"84","V4",0
0.4,1,"84","V5",0
0.4,1,"84","V6",0
0.4,1,"84","V7",0
0.4,1,"84","V8",0
0.4,1,"84","V9",0
0.4,1,"84","V10",0
0.4,1,"84","V11",0
0.4,1,"84","V12",0
0.4,1,"84","V13",0
0.4,1,"84","V14",0
0.4,1,"84","V15",0
0.4,1,"84","V16",0
0.4,1,"84","V17",0
0.4,1,"84","V18",0
0.4,1,"84","V19",0
0.4,1,"84","V20",0
0.4,1,"84","V21",0
0.4,1,"84","V22",0
0.4,1,"84","V23",0
0.4,1,"84","V24",0
0.4,1,"84","V25",0
0.4,1,"84","V26",0
0.4,1,"84","V27",0
0.4,1,"84","V28",0
0.4,1,"84","V29",0
0.4,1,"84","V30",0
0.4,1,"84","V31",0
0.4,1,"84","V32",0
0.4,1,"84","V33",0
0.4,1,"84","V34",0
0.4,1,"84","V35",0
0.4,1,"84","V36",0
0.4,1,"84","V37",0
0.4,1,"84","V38",0
0.4,1,"84","V39",0
0.4,1,"84","V40",0
0.4,1,"84","V41",0
0.4,1,"84","V42",0
0.4,1,"84","V43",0
0.4,1,"84","V44",0
0.4,1,"84","V45",0
0.4,1,"84","V46",0
0.4,1,"84","V47",0
0.4,1,"84","V48",0
0.4,1,"84","V49",0
0.4,1,"84","V50",0
0.4,1,"84","V51",0
0.4,1,"84","V52",0
0.4,1,"84","V53",0
0.4,1,"84","V54",0
0.4,1,"84","V55",0
0.4,1,"84","V56",0
0.4,1,"84","V57",0
0.4,1,"84","V58",0
0.4,1,"84","V59",0
0.4,1,"84","V60",0
0.4,1,"84","V61",0
0.4,1,"84","V62",0
0.4,1,"84","V63",0
0.4,1,"84","V64",0
0.4,1,"84","V65",0
0.4,1,"84","V66",0
0.4,1,"84","V67",0
0.4,1,"84","V68",0
0.4,1,"84","V69",0
0.4,1,"84","V70",0
0.4,1,"84","V71",0
0.4,1,"84","V72",0
0.4,1,"84","V73",0
0.4,1,"84","V74",0
0.4,1,"84","V75",0
0.4,1,"84","V76",0
0.4,1,"84","V77",0
0.4,1,"84","V78",0
0.4,1,"84","V79",0
0.4,1,"84","V80",0
0.4,1,"84","V81",0
0.4,1,"84","V82",0
0.4,1,"84","V83",0
0.4,1,"84","V84",-1
0.4,1,"84","V85",0
0.4,1,"84","V86",0
0.4,1,"84","V87",0
0.4,1,"84","V88",0
0.4,1,"84","V89",0
0.4,1,"84","V90",0
0.4,1,"85","V1",0
0.4,1,"85","V2",0
0.4,1,"85","V3",0
0.4,1,"85","V4",0
0.4,1,"85","V5",0
0.4,1,"85","V6",0
0.4,1,"85","V7",0
0.4,1,"85","V8",0
0.4,1,"85","V9",0
0.4,1,"85","V10",0
0.4,1,"85","V11",0
0.4,1,"85","V12",0
0.4,1,"85","V13",0
0.4,1,"85","V14",0
0.4,1,"85","V15",0
0.4,1,"85","V16",0
0.4,1,"85","V17",0
0.4,1,"85","V18",0
0.4,1,"85","V19",0
0.4,1,"85","V20",0
0.4,1,"85","V21",0
0.4,1,"85","V22",0
0.4,1,"85","V23",0.000136574657726944
0.4,1,"85","V24",0.00037486597250042
0.4,1,"85","V25",0
0.4,1,"85","V26",0
0.4,1,"85","V27",0
0.4,1,"85","V28",0
0.4,1,"85","V29",0
0.4,1,"85","V30",0
0.4,1,"85","V31",0
0.4,1,"85","V32",0
0.4,1,"85","V33",0
0.4,1,"85","V34",0
0.4,1,"85","V35",0
0.4,1,"85","V36",0
0.4,1,"85","V37",0
0.4,1,"85","V38",0
0.4,1,"85","V39",0
0.4,1,"85","V40",0
0.4,1,"85","V41",0
0.4,1,"85","V42",0
0.4,1,"85","V43",0
0.4,1,"85","V44",0
0.4,1,"85","V45",0
0.4,1,"85","V46",0
0.4,1,"85","V47",0
0.4,1,"85","V48",0
0.4,1,"85","V49",0
0.4,1,"85","V50",0
0.4,1,"85","V51",0
0.4,1,"85","V52",0
0.4,1,"85","V53",0.00127098309807018
0.4,1,"85","V54",0
0.4,1,"85","V55",0
0.4,1,"85","V56",0
0.4,1,"85","V57",0
0.4,1,"85","V58",0
0.4,1,"85","V59",0
0.4,1,"85","V60",0
0.4,1,"85","V61",0.0353060222646126
0.4,1,"85","V62",0
0.4,1,"85","V63",0
0.4,1,"85","V64",0
0.4,1,"85","V65",0
0.4,1,"85","V66",0
0.4,1,"85","V67",0
0.4,1,"85","V68",0
0.4,1,"85","V69",0
0.4,1,"85","V70",0
0.4,1,"85","V71",0
0.4,1,"85","V72",0
0.4,1,"85","V73",0
0.4,1,"85","V74",0
0.4,1,"85","V75",0
0.4,1,"85","V76",0
0.4,1,"85","V77",0
0.4,1,"85","V78",0
0.4,1,"85","V79",0
0.4,1,"85","V80",0
0.4,1,"85","V81",0
0.4,1,"85","V82",0
0.4,1,"85","V83",0
0.4,1,"85","V84",0.273804003650073
0.4,1,"85","V85",-1
0.4,1,"85","V86",0.0272894034114897
0.4,1,"85","V87",0
0.4,1,"85","V88",0
0.4,1,"85","V89",0
0.4,1,"85","V90",0
0.4,1,"86","V1",0
0.4,1,"86","V2",0
0.4,1,"86","V3",0
0.4,1,"86","V4",0
0.4,1,"86","V5",0
0.4,1,"86","V6",0
0.4,1,"86","V7",0
0.4,1,"86","V8",0
0.4,1,"86","V9",0
0.4,1,"86","V10",0
0.4,1,"86","V11",0
0.4,1,"86","V12",0
0.4,1,"86","V13",0
0.4,1,"86","V14",0
0.4,1,"86","V15",0
0.4,1,"86","V16",0
0.4,1,"86","V17",0
0.4,1,"86","V18",0
0.4,1,"86","V19",0
0.4,1,"86","V20",0
0.4,1,"86","V21",0
0.4,1,"86","V22",0
0.4,1,"86","V23",0
0.4,1,"86","V24",0
0.4,1,"86","V25",0
0.4,1,"86","V26",0
0.4,1,"86","V27",0
0.4,1,"86","V28",0
0.4,1,"86","V29",0
0.4,1,"86","V30",0
0.4,1,"86","V31",0
0.4,1,"86","V32",0
0.4,1,"86","V33",0
0.4,1,"86","V34",0
0.4,1,"86","V35",0
0.4,1,"86","V36",0
0.4,1,"86","V37",0
0.4,1,"86","V38",0
0.4,1,"86","V39",0
0.4,1,"86","V40",0
0.4,1,"86","V41",0
0.4,1,"86","V42",0
0.4,1,"86","V43",0
0.4,1,"86","V44",0
0.4,1,"86","V45",0
0.4,1,"86","V46",0
0.4,1,"86","V47",0
0.4,1,"86","V48",0
0.4,1,"86","V49",0
0.4,1,"86","V50",0
0.4,1,"86","V51",0
0.4,1,"86","V52",0
0.4,1,"86","V53",0
0.4,1,"86","V54",0
0.4,1,"86","V55",0
0.4,1,"86","V56",0
0.4,1,"86","V57",0
0.4,1,"86","V58",0
0.4,1,"86","V59",0
0.4,1,"86","V60",0
0.4,1,"86","V61",0
0.4,1,"86","V62",0
0.4,1,"86","V63",0
0.4,1,"86","V64",0
0.4,1,"86","V65",0
0.4,1,"86","V66",0
0.4,1,"86","V67",0
0.4,1,"86","V68",0
0.4,1,"86","V69",0
0.4,1,"86","V70",0
0.4,1,"86","V71",0
0.4,1,"86","V72",0
0.4,1,"86","V73",0
0.4,1,"86","V74",0
0.4,1,"86","V75",0
0.4,1,"86","V76",0
0.4,1,"86","V77",0
0.4,1,"86","V78",0
0.4,1,"86","V79",0
0.4,1,"86","V80",0
0.4,1,"86","V81",0
0.4,1,"86","V82",0
0.4,1,"86","V83",0
0.4,1,"86","V84",0
0.4,1,"86","V85",0
0.4,1,"86","V86",-1
0.4,1,"86","V87",0
0.4,1,"86","V88",0
0.4,1,"86","V89",0
0.4,1,"86","V90",0
0.4,1,"87","V1",0
0.4,1,"87","V2",0
0.4,1,"87","V3",0
0.4,1,"87","V4",0
0.4,1,"87","V5",0
0.4,1,"87","V6",0
0.4,1,"87","V7",0
0.4,1,"87","V8",0
0.4,1,"87","V9",0
0.4,1,"87","V10",0
0.4,1,"87","V11",0
0.4,1,"87","V12",0
0.4,1,"87","V13",0
0.4,1,"87","V14",0
0.4,1,"87","V15",0
0.4,1,"87","V16",0
0.4,1,"87","V17",0
0.4,1,"87","V18",0
0.4,1,"87","V19",0
0.4,1,"87","V20",0
0.4,1,"87","V21",0
0.4,1,"87","V22",0
0.4,1,"87","V23",0
0.4,1,"87","V24",0
0.4,1,"87","V25",0
0.4,1,"87","V26",0
0.4,1,"87","V27",0
0.4,1,"87","V28",0
0.4,1,"87","V29",0
0.4,1,"87","V30",0
0.4,1,"87","V31",0
0.4,1,"87","V32",0
0.4,1,"87","V33",0
0.4,1,"87","V34",0
0.4,1,"87","V35",0
0.4,1,"87","V36",0
0.4,1,"87","V37",0
0.4,1,"87","V38",0
0.4,1,"87","V39",0
0.4,1,"87","V40",0
0.4,1,"87","V41",0
0.4,1,"87","V42",0
0.4,1,"87","V43",0
0.4,1,"87","V44",0
0.4,1,"87","V45",0
0.4,1,"87","V46",0
0.4,1,"87","V47",0
0.4,1,"87","V48",0
0.4,1,"87","V49",0
0.4,1,"87","V50",0
0.4,1,"87","V51",0
0.4,1,"87","V52",0
0.4,1,"87","V53",0
0.4,1,"87","V54",0
0.4,1,"87","V55",0
0.4,1,"87","V56",0
0.4,1,"87","V57",0
0.4,1,"87","V58",0
0.4,1,"87","V59",0
0.4,1,"87","V60",0
0.4,1,"87","V61",0
0.4,1,"87","V62",0
0.4,1,"87","V63",0
0.4,1,"87","V64",0
0.4,1,"87","V65",0
0.4,1,"87","V66",0
0.4,1,"87","V67",0
0.4,1,"87","V68",0
0.4,1,"87","V69",0
0.4,1,"87","V70",0
0.4,1,"87","V71",0
0.4,1,"87","V72",0
0.4,1,"87","V73",0
0.4,1,"87","V74",0
0.4,1,"87","V75",0
0.4,1,"87","V76",0
0.4,1,"87","V77",0
0.4,1,"87","V78",0
0.4,1,"87","V79",0
0.4,1,"87","V80",0
0.4,1,"87","V81",0
0.4,1,"87","V82",0
0.4,1,"87","V83",0
0.4,1,"87","V84",0
0.4,1,"87","V85",0
0.4,1,"87","V86",0
0.4,1,"87","V87",-1
0.4,1,"87","V88",0
0.4,1,"87","V89",0
0.4,1,"87","V90",0
0.4,1,"88","V1",0
0.4,1,"88","V2",0
0.4,1,"88","V3",0
0.4,1,"88","V4",0
0.4,1,"88","V5",0
0.4,1,"88","V6",0
0.4,1,"88","V7",0
0.4,1,"88","V8",0
0.4,1,"88","V9",0
0.4,1,"88","V10",0
0.4,1,"88","V11",0
0.4,1,"88","V12",0
0.4,1,"88","V13",0
0.4,1,"88","V14",0
0.4,1,"88","V15",0
0.4,1,"88","V16",0
0.4,1,"88","V17",0
0.4,1,"88","V18",0
0.4,1,"88","V19",0
0.4,1,"88","V20",0
0.4,1,"88","V21",0
0.4,1,"88","V22",0
0.4,1,"88","V23",0
0.4,1,"88","V24",0
0.4,1,"88","V25",0
0.4,1,"88","V26",0
0.4,1,"88","V27",0
0.4,1,"88","V28",0
0.4,1,"88","V29",0
0.4,1,"88","V30",0
0.4,1,"88","V31",0
0.4,1,"88","V32",0
0.4,1,"88","V33",0
0.4,1,"88","V34",0
0.4,1,"88","V35",0
0.4,1,"88","V36",0
0.4,1,"88","V37",0
0.4,1,"88","V38",0
0.4,1,"88","V39",0
0.4,1,"88","V40",0
0.4,1,"88","V41",0
0.4,1,"88","V42",0
0.4,1,"88","V43",0
0.4,1,"88","V44",0
0.4,1,"88","V45",0
0.4,1,"88","V46",0
0.4,1,"88","V47",0
0.4,1,"88","V48",0
0.4,1,"88","V49",0
0.4,1,"88","V50",0
0.4,1,"88","V51",0
0.4,1,"88","V52",0
0.4,1,"88","V53",0
0.4,1,"88","V54",0
0.4,1,"88","V55",0
0.4,1,"88","V56",0
0.4,1,"88","V57",0
0.4,1,"88","V58",0
0.4,1,"88","V59",0
0.4,1,"88","V60",0
0.4,1,"88","V61",0
0.4,1,"88","V62",0
0.4,1,"88","V63",0
0.4,1,"88","V64",0
0.4,1,"88","V65",0
0.4,1,"88","V66",0
0.4,1,"88","V67",0
0.4,1,"88","V68",0
0.4,1,"88","V69",0
0.4,1,"88","V70",0
0.4,1,"88","V71",0
0.4,1,"88","V72",0
0.4,1,"88","V73",0
0.4,1,"88","V74",0
0.4,1,"88","V75",0
0.4,1,"88","V76",0
0.4,1,"88","V77",0
0.4,1,"88","V78",0
0.4,1,"88","V79",0
0.4,1,"88","V80",0
0.4,1,"88","V81",0
0.4,1,"88","V82",0
0.4,1,"88","V83",0
0.4,1,"88","V84",0
0.4,1,"88","V85",0
0.4,1,"88","V86",0
0.4,1,"88","V87",0
0.4,1,"88","V88",-1
0.4,1,"88","V89",0
0.4,1,"88","V90",0
0.4,1,"89","V1",0
0.4,1,"89","V2",0
0.4,1,"89","V3",0
0.4,1,"89","V4",0
0.4,1,"89","V5",0
0.4,1,"89","V6",0
0.4,1,"89","V7",0
0.4,1,"89","V8",0
0.4,1,"89","V9",0
0.4,1,"89","V10",0
0.4,1,"89","V11",0
0.4,1,"89","V12",0
0.4,1,"89","V13",0
0.4,1,"89","V14",0
0.4,1,"89","V15",0
0.4,1,"89","V16",0
0.4,1,"89","V17",0
0.4,1,"89","V18",0
0.4,1,"89","V19",0
0.4,1,"89","V20",0
0.4,1,"89","V21",0
0.4,1,"89","V22",0
0.4,1,"89","V23",0
0.4,1,"89","V24",0
0.4,1,"89","V25",0
0.4,1,"89","V26",0
0.4,1,"89","V27",0
0.4,1,"89","V28",0
0.4,1,"89","V29",0
0.4,1,"89","V30",0
0.4,1,"89","V31",0
0.4,1,"89","V32",0
0.4,1,"89","V33",0
0.4,1,"89","V34",0
0.4,1,"89","V35",0
0.4,1,"89","V36",0
0.4,1,"89","V37",0
0.4,1,"89","V38",0
0.4,1,"89","V39",0
0.4,1,"89","V40",0
0.4,1,"89","V41",0
0.4,1,"89","V42",0
0.4,1,"89","V43",0
0.4,1,"89","V44",0
0.4,1,"89","V45",0
0.4,1,"89","V46",0
0.4,1,"89","V47",0
0.4,1,"89","V48",0
0.4,1,"89","V49",0
0.4,1,"89","V50",0
0.4,1,"89","V51",0
0.4,1,"89","V52",0
0.4,1,"89","V53",0
0.4,1,"89","V54",0
0.4,1,"89","V55",0
0.4,1,"89","V56",0
0.4,1,"89","V57",0
0.4,1,"89","V58",0
0.4,1,"89","V59",0
0.4,1,"89","V60",0
0.4,1,"89","V61",0
0.4,1,"89","V62",0
0.4,1,"89","V63",0
0.4,1,"89","V64",0
0.4,1,"89","V65",0
0.4,1,"89","V66",0
0.4,1,"89","V67",0
0.4,1,"89","V68",0
0.4,1,"89","V69",0
0.4,1,"89","V70",0
0.4,1,"89","V71",0
0.4,1,"89","V72",0
0.4,1,"89","V73",0
0.4,1,"89","V74",0
0.4,1,"89","V75",0
0.4,1,"89","V76",0
0.4,1,"89","V77",0
0.4,1,"89","V78",0
0.4,1,"89","V79",0
0.4,1,"89","V80",0
0.4,1,"89","V81",0
0.4,1,"89","V82",0
0.4,1,"89","V83",0
0.4,1,"89","V84",0
0.4,1,"89","V85",0
0.4,1,"89","V86",0
0.4,1,"89","V87",0
0.4,1,"89","V88",0
0.4,1,"89","V89",-1
0.4,1,"89","V90",0
0.4,1,"90","V1",0
0.4,1,"90","V2",0
0.4,1,"90","V3",0
0.4,1,"90","V4",0
0.4,1,"90","V5",0
0.4,1,"90","V6",0
0.4,1,"90","V7",0
0.4,1,"90","V8",0
0.4,1,"90","V9",0
0.4,1,"90","V10",0
0.4,1,"90","V11",0
0.4,1,"90","V12",0
0.4,1,"90","V13",0
0.4,1,"90","V14",0
0.4,1,"90","V15",0
0.4,1,"90","V16",0
0.4,1,"90","V17",0
0.4,1,"90","V18",0
0.4,1,"90","V19",0
0.4,1,"90","V20",0
0.4,1,"90","V21",0
0.4,1,"90","V22",0
0.4,1,"90","V23",0
0.4,1,"90","V24",0
0.4,1,"90","V25",0
0.4,1,"90","V26",0
0.4,1,"90","V27",0
0.4,1,"90","V28",0
0.4,1,"90","V29",0
0.4,1,"90","V30",0
0.4,1,"90","V31",0
0.4,1,"90","V32",0
0.4,1,"90","V33",0
0.4,1,"90","V34",0
0.4,1,"90","V35",0
0.4,1,"90","V36",0
0.4,1,"90","V37",0
0.4,1,"90","V38",0
0.4,1,"90","V39",0
0.4,1,"90","V40",0
0.4,1,"90","V41",0
0.4,1,"90","V42",0
0.4,1,"90","V43",0
0.4,1,"90","V44",0
0.4,1,"90","V45",0
0.4,1,"90","V46",0
0.4,1,"90","V47",0
0.4,1,"90","V48",0
0.4,1,"90","V49",0
0.4,1,"90","V50",0
0.4,1,"90","V51",0
0.4,1,"90","V52",0
0.4,1,"90","V53",0
0.4,1,"90","V54",0
0.4,1,"90","V55",0
0.4,1,"90","V56",0
0.4,1,"90","V57",0
0.4,1,"90","V58",0
0.4,1,"90","V59",0
0.4,1,"90","V60",0
0.4,1,"90","V61",0
0.4,1,"90","V62",0
0.4,1,"90","V63",0
0.4,1,"90","V64",0
0.4,1,"90","V65",0
0.4,1,"90","V66",0
0.4,1,"90","V67",0
0.4,1,"90","V68",0
0.4,1,"90","V69",0
0.4,1,"90","V70",0
0.4,1,"90","V71",0
0.4,1,"90","V72",0
0.4,1,"90","V73",0
0.4,1,"90","V74",0
0.4,1,"90","V75",0
0.4,1,"90","V76",0
0.4,1,"90","V77",0
0.4,1,"90","V78",0
0.4,1,"90","V79",0
0.4,1,"90","V80",0
0.4,1,"90","V81",0
0.4,1,"90","V82",0
0.4,1,"90","V83",0
0.4,1,"90","V84",0
0.4,1,"90","V85",0
0.4,1,"90","V86",0
0.4,1,"90","V87",0
0.4,1,"90","V88",0
0.4,1,"90","V89",0
0.4,1,"90","V90",-1
0.4,2,"1","V1",-1
0.4,2,"1","V2",0
0.4,2,"1","V3",0
0.4,2,"1","V4",0
0.4,2,"1","V5",0
0.4,2,"1","V6",0
0.4,2,"1","V7",0
0.4,2,"1","V8",0
0.4,2,"1","V9",0
0.4,2,"1","V10",0
0.4,2,"1","V11",0
0.4,2,"1","V12",0
0.4,2,"1","V13",0
0.4,2,"1","V14",0
0.4,2,"1","V15",0
0.4,2,"1","V16",0
0.4,2,"1","V17",0
0.4,2,"1","V18",0
0.4,2,"1","V19",0
0.4,2,"1","V20",0
0.4,2,"1","V21",0
0.4,2,"1","V22",0
0.4,2,"1","V23",0
0.4,2,"1","V24",0
0.4,2,"1","V25",0
0.4,2,"1","V26",0
0.4,2,"1","V27",0
0.4,2,"1","V28",0
0.4,2,"1","V29",0
0.4,2,"1","V30",0
0.4,2,"1","V31",0
0.4,2,"1","V32",0
0.4,2,"1","V33",0
0.4,2,"1","V34",0
0.4,2,"1","V35",0
0.4,2,"1","V36",0
0.4,2,"1","V37",0
0.4,2,"1","V38",0
0.4,2,"1","V39",0
0.4,2,"1","V40",0
0.4,2,"1","V41",0
0.4,2,"1","V42",0
0.4,2,"1","V43",0
0.4,2,"1","V44",0
0.4,2,"1","V45",0
0.4,2,"1","V46",0
0.4,2,"1","V47",0
0.4,2,"1","V48",0
0.4,2,"1","V49",0
0.4,2,"1","V50",0
0.4,2,"1","V51",0
0.4,2,"1","V52",0
0.4,2,"1","V53",0
0.4,2,"1","V54",0
0.4,2,"1","V55",0
0.4,2,"1","V56",0
0.4,2,"1","V57",0
0.4,2,"1","V58",0
0.4,2,"1","V59",0
0.4,2,"1","V60",0
0.4,2,"1","V61",0
0.4,2,"1","V62",0
0.4,2,"1","V63",0
0.4,2,"1","V64",0
0.4,2,"1","V65",0
0.4,2,"1","V66",0
0.4,2,"1","V67",0
0.4,2,"1","V68",0
0.4,2,"1","V69",0
0.4,2,"1","V70",0
0.4,2,"1","V71",0
0.4,2,"1","V72",0
0.4,2,"1","V73",0
0.4,2,"1","V74",0
0.4,2,"1","V75",0
0.4,2,"1","V76",0
0.4,2,"1","V77",0
0.4,2,"1","V78",0
0.4,2,"1","V79",0
0.4,2,"1","V80",0
0.4,2,"1","V81",0
0.4,2,"1","V82",0
0.4,2,"1","V83",0
0.4,2,"1","V84",0
0.4,2,"1","V85",0
0.4,2,"1","V86",0
0.4,2,"1","V87",0
0.4,2,"1","V88",0
0.4,2,"1","V89",0
0.4,2,"1","V90",0
0.4,2,"2","V1",0
0.4,2,"2","V2",-1
0.4,2,"2","V3",0
0.4,2,"2","V4",0
0.4,2,"2","V5",0
0.4,2,"2","V6",0
0.4,2,"2","V7",0
0.4,2,"2","V8",0
0.4,2,"2","V9",0
0.4,2,"2","V10",0
0.4,2,"2","V11",0
0.4,2,"2","V12",0
0.4,2,"2","V13",0
0.4,2,"2","V14",0
0.4,2,"2","V15",0
0.4,2,"2","V16",0
0.4,2,"2","V17",0
0.4,2,"2","V18",0
0.4,2,"2","V19",0
0.4,2,"2","V20",0
0.4,2,"2","V21",0
0.4,2,"2","V22",0
0.4,2,"2","V23",0
0.4,2,"2","V24",0
0.4,2,"2","V25",0
0.4,2,"2","V26",0
0.4,2,"2","V27",0
0.4,2,"2","V28",0
0.4,2,"2","V29",0
0.4,2,"2","V30",0
0.4,2,"2","V31",0
0.4,2,"2","V32",0
0.4,2,"2","V33",0
0.4,2,"2","V34",0
0.4,2,"2","V35",0
0.4,2,"2","V36",0
0.4,2,"2","V37",0
0.4,2,"2","V38",0
0.4,2,"2","V39",0
0.4,2,"2","V40",0
0.4,2,"2","V41",0
0.4,2,"2","V42",0
0.4,2,"2","V43",0
0.4,2,"2","V44",0
0.4,2,"2","V45",0
0.4,2,"2","V46",0
0.4,2,"2","V47",0
0.4,2,"2","V48",0
0.4,2,"2","V49",0
0.4,2,"2","V50",0
0.4,2,"2","V51",0
0.4,2,"2","V52",0
0.4,2,"2","V53",0
0.4,2,"2","V54",0
0.4,2,"2","V55",0
0.4,2,"2","V56",0
0.4,2,"2","V57",0
0.4,2,"2","V58",0
0.4,2,"2","V59",0
0.4,2,"2","V60",0
0.4,2,"2","V61",0
0.4,2,"2","V62",0
0.4,2,"2","V63",0
0.4,2,"2","V64",0
0.4,2,"2","V65",0
0.4,2,"2","V66",0
0.4,2,"2","V67",0
0.4,2,"2","V68",0
0.4,2,"2","V69",0
0.4,2,"2","V70",0
0.4,2,"2","V71",0
0.4,2,"2","V72",0
0.4,2,"2","V73",0
0.4,2,"2","V74",0
0.4,2,"2","V75",0
0.4,2,"2","V76",0
0.4,2,"2","V77",0
0.4,2,"2","V78",0
0.4,2,"2","V79",0
0.4,2,"2","V80",0
0.4,2,"2","V81",0
0.4,2,"2","V82",0
0.4,2,"2","V83",0
0.4,2,"2","V84",0
0.4,2,"2","V85",0
0.4,2,"2","V86",0
0.4,2,"2","V87",0
0.4,2,"2","V88",0
0.4,2,"2","V89",0
0.4,2,"2","V90",0
0.4,2,"3","V1",0
0.4,2,"3","V2",0
0.4,2,"3","V3",-1
0.4,2,"3","V4",0
0.4,2,"3","V5",0
0.4,2,"3","V6",0
0.4,2,"3","V7",0
0.4,2,"3","V8",0
0.4,2,"3","V9",0
0.4,2,"3","V10",0
0.4,2,"3","V11",0
0.4,2,"3","V12",0
0.4,2,"3","V13",0
0.4,2,"3","V14",0
0.4,2,"3","V15",0
0.4,2,"3","V16",0
0.4,2,"3","V17",0
0.4,2,"3","V18",0
0.4,2,"3","V19",0
0.4,2,"3","V20",0
0.4,2,"3","V21",0
0.4,2,"3","V22",0
0.4,2,"3","V23",0
0.4,2,"3","V24",0
0.4,2,"3","V25",0
0.4,2,"3","V26",0
0.4,2,"3","V27",0
0.4,2,"3","V28",0
0.4,2,"3","V29",0
0.4,2,"3","V30",0
0.4,2,"3","V31",0
0.4,2,"3","V32",0
0.4,2,"3","V33",0
0.4,2,"3","V34",0
0.4,2,"3","V35",0
0.4,2,"3","V36",0
0.4,2,"3","V37",0
0.4,2,"3","V38",0
0.4,2,"3","V39",0
0.4,2,"3","V40",0
0.4,2,"3","V41",0
0.4,2,"3","V42",0
0.4,2,"3","V43",0
0.4,2,"3","V44",0
0.4,2,"3","V45",0
0.4,2,"3","V46",0
0.4,2,"3","V47",0
0.4,2,"3","V48",0
0.4,2,"3","V49",0
0.4,2,"3","V50",0
0.4,2,"3","V51",0
0.4,2,"3","V52",0
0.4,2,"3","V53",0
0.4,2,"3","V54",0
0.4,2,"3","V55",0
0.4,2,"3","V56",0
0.4,2,"3","V57",0
0.4,2,"3","V58",0
0.4,2,"3","V59",0
0.4,2,"3","V60",0
0.4,2,"3","V61",0
0.4,2,"3","V62",0
0.4,2,"3","V63",0
0.4,2,"3","V64",0
0.4,2,"3","V65",0
0.4,2,"3","V66",0
0.4,2,"3","V67",0
0.4,2,"3","V68",0
0.4,2,"3","V69",0
0.4,2,"3","V70",0
0.4,2,"3","V71",0
0.4,2,"3","V72",0
0.4,2,"3","V73",0
0.4,2,"3","V74",0
0.4,2,"3","V75",0
0.4,2,"3","V76",0
0.4,2,"3","V77",0
0.4,2,"3","V78",0
0.4,2,"3","V79",0
0.4,2,"3","V80",0
0.4,2,"3","V81",0
0.4,2,"3","V82",0
0.4,2,"3","V83",0
0.4,2,"3","V84",0
0.4,2,"3","V85",0
0.4,2,"3","V86",0
0.4,2,"3","V87",0
0.4,2,"3","V88",0
0.4,2,"3","V89",0
0.4,2,"3","V90",0
0.4,2,"4","V1",0
0.4,2,"4","V2",0
0.4,2,"4","V3",0
0.4,2,"4","V4",-1
0.4,2,"4","V5",0
0.4,2,"4","V6",0
0.4,2,"4","V7",0
0.4,2,"4","V8",0
0.4,2,"4","V9",0
0.4,2,"4","V10",0
0.4,2,"4","V11",0
0.4,2,"4","V12",0
0.4,2,"4","V13",0
0.4,2,"4","V14",0
0.4,2,"4","V15",0
0.4,2,"4","V16",0
0.4,2,"4","V17",0
0.4,2,"4","V18",0
0.4,2,"4","V19",0
0.4,2,"4","V20",0
0.4,2,"4","V21",0
0.4,2,"4","V22",0
0.4,2,"4","V23",0
0.4,2,"4","V24",0
0.4,2,"4","V25",0
0.4,2,"4","V26",0
0.4,2,"4","V27",0
0.4,2,"4","V28",0
0.4,2,"4","V29",0
0.4,2,"4","V30",0
0.4,2,"4","V31",0
0.4,2,"4","V32",0
0.4,2,"4","V33",0
0.4,2,"4","V34",0
0.4,2,"4","V35",0
0.4,2,"4","V36",0
0.4,2,"4","V37",0
0.4,2,"4","V38",0
0.4,2,"4","V39",0
0.4,2,"4","V40",0
0.4,2,"4","V41",0
0.4,2,"4","V42",0
0.4,2,"4","V43",0
0.4,2,"4","V44",0
0.4,2,"4","V45",0
0.4,2,"4","V46",0
0.4,2,"4","V47",0
0.4,2,"4","V48",0
0.4,2,"4","V49",0
0.4,2,"4","V50",0
0.4,2,"4","V51",0
0.4,2,"4","V52",0
0.4,2,"4","V53",0
0.4,2,"4","V54",0
0.4,2,"4","V55",0
0.4,2,"4","V56",0
0.4,2,"4","V57",0
0.4,2,"4","V58",0
0.4,2,"4","V59",0
0.4,2,"4","V60",0
0.4,2,"4","V61",0
0.4,2,"4","V62",0
0.4,2,"4","V63",0
0.4,2,"4","V64",0
0.4,2,"4","V65",0
0.4,2,"4","V66",0
0.4,2,"4","V67",0
0.4,2,"4","V68",0
0.4,2,"4","V69",0
0.4,2,"4","V70",0
0.4,2,"4","V71",0
0.4,2,"4","V72",0
0.4,2,"4","V73",0
0.4,2,"4","V74",0
0.4,2,"4","V75",0
0.4,2,"4","V76",0
0.4,2,"4","V77",0
0.4,2,"4","V78",0
0.4,2,"4","V79",0
0.4,2,"4","V80",0
0.4,2,"4","V81",0
0.4,2,"4","V82",0
0.4,2,"4","V83",0
0.4,2,"4","V84",0
0.4,2,"4","V85",0
0.4,2,"4","V86",0
0.4,2,"4","V87",0
0.4,2,"4","V88",0
0.4,2,"4","V89",0
0.4,2,"4","V90",0
0.4,2,"5","V1",0
0.4,2,"5","V2",0
0.4,2,"5","V3",0
0.4,2,"5","V4",0
0.4,2,"5","V5",-1
0.4,2,"5","V6",0
0.4,2,"5","V7",0
0.4,2,"5","V8",0
0.4,2,"5","V9",0
0.4,2,"5","V10",0
0.4,2,"5","V11",0
0.4,2,"5","V12",0
0.4,2,"5","V13",0
0.4,2,"5","V14",0
0.4,2,"5","V15",0
0.4,2,"5","V16",0
0.4,2,"5","V17",0
0.4,2,"5","V18",0
0.4,2,"5","V19",0
0.4,2,"5","V20",0
0.4,2,"5","V21",0
0.4,2,"5","V22",0
0.4,2,"5","V23",0
0.4,2,"5","V24",0
0.4,2,"5","V25",0
0.4,2,"5","V26",0
0.4,2,"5","V27",0
0.4,2,"5","V28",0
0.4,2,"5","V29",0
0.4,2,"5","V30",0
0.4,2,"5","V31",0
0.4,2,"5","V32",0
0.4,2,"5","V33",0
0.4,2,"5","V34",0
0.4,2,"5","V35",0
0.4,2,"5","V36",0
0.4,2,"5","V37",0
0.4,2,"5","V38",0
0.4,2,"5","V39",0
0.4,2,"5","V40",0
0.4,2,"5","V41",0
0.4,2,"5","V42",0
0.4,2,"5","V43",0
0.4,2,"5","V44",0
0.4,2,"5","V45",0
0.4,2,"5","V46",0
0.4,2,"5","V47",0
0.4,2,"5","V48",0
0.4,2,"5","V49",0
0.4,2,"5","V50",0
0.4,2,"5","V51",0
0.4,2,"5","V52",0
0.4,2,"5","V53",0
0.4,2,"5","V54",0
0.4,2,"5","V55",0
0.4,2,"5","V56",0
0.4,2,"5","V57",0
0.4,2,"5","V58",0
0.4,2,"5","V59",0
0.4,2,"5","V60",0
0.4,2,"5","V61",0
0.4,2,"5","V62",0
0.4,2,"5","V63",0
0.4,2,"5","V64",0
0.4,2,"5","V65",0
0.4,2,"5","V66",0
0.4,2,"5","V67",0
0.4,2,"5","V68",0
0.4,2,"5","V69",0
0.4,2,"5","V70",0
0.4,2,"5","V71",0
0.4,2,"5","V72",0
0.4,2,"5","V73",0
0.4,2,"5","V74",0
0.4,2,"5","V75",0
0.4,2,"5","V76",0
0.4,2,"5","V77",0
0.4,2,"5","V78",0
0.4,2,"5","V79",0
0.4,2,"5","V80",0
0.4,2,"5","V81",0
0.4,2,"5","V82",0
0.4,2,"5","V83",0
0.4,2,"5","V84",0
0.4,2,"5","V85",0
0.4,2,"5","V86",0
0.4,2,"5","V87",0
0.4,2,"5","V88",0
0.4,2,"5","V89",0
0.4,2,"5","V90",0
0.4,2,"6","V1",0
0.4,2,"6","V2",0
0.4,2,"6","V3",0
0.4,2,"6","V4",0
0.4,2,"6","V5",0.184482196279151
0.4,2,"6","V6",-1
0.4,2,"6","V7",0
0.4,2,"6","V8",1.47310609864524
0.4,2,"6","V9",0
0.4,2,"6","V10",0
0.4,2,"6","V11",0
0.4,2,"6","V12",0
0.4,2,"6","V13",0
0.4,2,"6","V14",0
0.4,2,"6","V15",0
0.4,2,"6","V16",0
0.4,2,"6","V17",0
0.4,2,"6","V18",0
0.4,2,"6","V19",0
0.4,2,"6","V20",0
0.4,2,"6","V21",0
0.4,2,"6","V22",0
0.4,2,"6","V23",0.198922690568489
0.4,2,"6","V24",0.085302386248162
0.4,2,"6","V25",0
0.4,2,"6","V26",0
0.4,2,"6","V27",0
0.4,2,"6","V28",0
0.4,2,"6","V29",0
0.4,2,"6","V30",0
0.4,2,"6","V31",0
0.4,2,"6","V32",0
0.4,2,"6","V33",0
0.4,2,"6","V34",0
0.4,2,"6","V35",0
0.4,2,"6","V36",0
0.4,2,"6","V37",0
0.4,2,"6","V38",0
0.4,2,"6","V39",0
0.4,2,"6","V40",0.0320507958902988
0.4,2,"6","V41",0
0.4,2,"6","V42",0
0.4,2,"6","V43",0
0.4,2,"6","V44",0
0.4,2,"6","V45",0
0.4,2,"6","V46",0
0.4,2,"6","V47",0
0.4,2,"6","V48",0
0.4,2,"6","V49",0
0.4,2,"6","V50",0
0.4,2,"6","V51",0
0.4,2,"6","V52",0
0.4,2,"6","V53",0
0.4,2,"6","V54",0
0.4,2,"6","V55",0
0.4,2,"6","V56",0
0.4,2,"6","V57",0
0.4,2,"6","V58",0
0.4,2,"6","V59",0
0.4,2,"6","V60",0
0.4,2,"6","V61",0
0.4,2,"6","V62",0
0.4,2,"6","V63",0
0.4,2,"6","V64",0
0.4,2,"6","V65",0
0.4,2,"6","V66",0
0.4,2,"6","V67",0.406968522158496
0.4,2,"6","V68",0
0.4,2,"6","V69",0
0.4,2,"6","V70",0.10448599232383
0.4,2,"6","V71",0
0.4,2,"6","V72",0
0.4,2,"6","V73",0
0.4,2,"6","V74",0
0.4,2,"6","V75",0
0.4,2,"6","V76",0
0.4,2,"6","V77",0
0.4,2,"6","V78",0
0.4,2,"6","V79",0
0.4,2,"6","V80",0
0.4,2,"6","V81",0
0.4,2,"6","V82",0
0.4,2,"6","V83",0
0.4,2,"6","V84",0
0.4,2,"6","V85",0
0.4,2,"6","V86",0
0.4,2,"6","V87",0
0.4,2,"6","V88",0
0.4,2,"6","V89",0
0.4,2,"6","V90",0
0.4,2,"7","V1",0
0.4,2,"7","V2",0.000203486543602605
0.4,2,"7","V3",0
0.4,2,"7","V4",0
0.4,2,"7","V5",0.00421429590472006
0.4,2,"7","V6",0
0.4,2,"7","V7",-1
0.4,2,"7","V8",-0.00175952254490353
0.4,2,"7","V9",0
0.4,2,"7","V10",0
0.4,2,"7","V11",0.0106976915725251
0.4,2,"7","V12",0
0.4,2,"7","V13",0
0.4,2,"7","V14",0
0.4,2,"7","V15",0
0.4,2,"7","V16",-0.00431409478156396
0.4,2,"7","V17",0
0.4,2,"7","V18",0
0.4,2,"7","V19",0.00363000839535816
0.4,2,"7","V20",0
0.4,2,"7","V21",0
0.4,2,"7","V22",0
0.4,2,"7","V23",0
0.4,2,"7","V24",0
0.4,2,"7","V25",0
0.4,2,"7","V26",0
0.4,2,"7","V27",0
0.4,2,"7","V28",0
0.4,2,"7","V29",0
0.4,2,"7","V30",-0.00229267532599412
0.4,2,"7","V31",0
0.4,2,"7","V32",0
0.4,2,"7","V33",0
0.4,2,"7","V34",0
0.4,2,"7","V35",0
0.4,2,"7","V36",0
0.4,2,"7","V37",0
0.4,2,"7","V38",0
0.4,2,"7","V39",0
0.4,2,"7","V40",0
0.4,2,"7","V41",0
0.4,2,"7","V42",-4.44454718795666e-05
0.4,2,"7","V43",0
0.4,2,"7","V44",0
0.4,2,"7","V45",0
0.4,2,"7","V46",0
0.4,2,"7","V47",0
0.4,2,"7","V48",0
0.4,2,"7","V49",0
0.4,2,"7","V50",0
0.4,2,"7","V51",-0.0121081896268765
0.4,2,"7","V52",0
0.4,2,"7","V53",0
0.4,2,"7","V54",0
0.4,2,"7","V55",0
0.4,2,"7","V56",0
0.4,2,"7","V57",0
0.4,2,"7","V58",0
0.4,2,"7","V59",0
0.4,2,"7","V60",0.0267938608329463
0.4,2,"7","V61",0
0.4,2,"7","V62",0
0.4,2,"7","V63",0
0.4,2,"7","V64",0
0.4,2,"7","V65",0
0.4,2,"7","V66",0
0.4,2,"7","V67",0
0.4,2,"7","V68",0
0.4,2,"7","V69",0
0.4,2,"7","V70",-0.00146936346709911
0.4,2,"7","V71",0
0.4,2,"7","V72",0
0.4,2,"7","V73",0
0.4,2,"7","V74",0.00645512642418762
0.4,2,"7","V75",0
0.4,2,"7","V76",0
0.4,2,"7","V77",0
0.4,2,"7","V78",0
0.4,2,"7","V79",0
0.4,2,"7","V80",0
0.4,2,"7","V81",0
0.4,2,"7","V82",0
0.4,2,"7","V83",0
0.4,2,"7","V84",0.325904316769714
0.4,2,"7","V85",0
0.4,2,"7","V86",0
0.4,2,"7","V87",-0.00504273939268581
0.4,2,"7","V88",0.426962822968792
0.4,2,"7","V89",0
0.4,2,"7","V90",0
0.4,2,"8","V1",0
0.4,2,"8","V2",-0.0216701131223259
0.4,2,"8","V3",0.164752498118741
0.4,2,"8","V4",0.104077526918651
0.4,2,"8","V5",0
0.4,2,"8","V6",0.0528625295911656
0.4,2,"8","V7",-0.651134392582357
0.4,2,"8","V8",-1
0.4,2,"8","V9",0
0.4,2,"8","V10",0
0.4,2,"8","V11",0
0.4,2,"8","V12",0.0287743665143699
0.4,2,"8","V13",0
0.4,2,"8","V14",0.00652532597579388
0.4,2,"8","V15",0
0.4,2,"8","V16",0
0.4,2,"8","V17",-0.0358416414513799
0.4,2,"8","V18",0.0191218611672142
0.4,2,"8","V19",0
0.4,2,"8","V20",0
0.4,2,"8","V21",0.0235197864285819
0.4,2,"8","V22",0.00221385740868197
0.4,2,"8","V23",0.0436975813148325
0.4,2,"8","V24",-0.000644556235929234
0.4,2,"8","V25",0
0.4,2,"8","V26",-0.135142411806705
0.4,2,"8","V27",0.0915388650778247
0.4,2,"8","V28",0
0.4,2,"8","V29",-0.66145533673983
0.4,2,"8","V30",0
0.4,2,"8","V31",0
0.4,2,"8","V32",-0.624343143613975
0.4,2,"8","V33",-2.04580219322373
0.4,2,"8","V34",0
0.4,2,"8","V35",0
0.4,2,"8","V36",0
0.4,2,"8","V37",0
0.4,2,"8","V38",0
0.4,2,"8","V39",3.62231576178778
0.4,2,"8","V40",0
0.4,2,"8","V41",0
0.4,2,"8","V42",0.616256827005688
0.4,2,"8","V43",0
0.4,2,"8","V44",0
0.4,2,"8","V45",0
0.4,2,"8","V46",-0.00389083948890257
0.4,2,"8","V47",0
0.4,2,"8","V48",0
0.4,2,"8","V49",0
0.4,2,"8","V50",0.137760799299038
0.4,2,"8","V51",0
0.4,2,"8","V52",0
0.4,2,"8","V53",0
0.4,2,"8","V54",0.00787919903844558
0.4,2,"8","V55",0
0.4,2,"8","V56",0
0.4,2,"8","V57",0
0.4,2,"8","V58",0
0.4,2,"8","V59",-0.936041807058056
0.4,2,"8","V60",0
0.4,2,"8","V61",0
0.4,2,"8","V62",-0.0352518461701663
0.4,2,"8","V63",0
0.4,2,"8","V64",0
0.4,2,"8","V65",0
0.4,2,"8","V66",0
0.4,2,"8","V67",0.178206304344156
0.4,2,"8","V68",0
0.4,2,"8","V69",0
0.4,2,"8","V70",0.0208391266663813
0.4,2,"8","V71",0
0.4,2,"8","V72",0
0.4,2,"8","V73",0
0.4,2,"8","V74",0
0.4,2,"8","V75",-0.0143829540110617
0.4,2,"8","V76",0
0.4,2,"8","V77",0
0.4,2,"8","V78",0.00212410726621019
0.4,2,"8","V79",0
0.4,2,"8","V80",0.0461097591361809
0.4,2,"8","V81",0
0.4,2,"8","V82",0
0.4,2,"8","V83",0
0.4,2,"8","V84",5.78890976154378
0.4,2,"8","V85",0
0.4,2,"8","V86",0
0.4,2,"8","V87",0
0.4,2,"8","V88",0
0.4,2,"8","V89",0
0.4,2,"8","V90",-0.236897246317312
0.4,2,"9","V1",0
0.4,2,"9","V2",0
0.4,2,"9","V3",0
0.4,2,"9","V4",0
0.4,2,"9","V5",0
0.4,2,"9","V6",0
0.4,2,"9","V7",0
0.4,2,"9","V8",0
0.4,2,"9","V9",-1
0.4,2,"9","V10",0
0.4,2,"9","V11",0
0.4,2,"9","V12",0
0.4,2,"9","V13",0
0.4,2,"9","V14",0
0.4,2,"9","V15",0
0.4,2,"9","V16",0
0.4,2,"9","V17",0
0.4,2,"9","V18",0
0.4,2,"9","V19",0
0.4,2,"9","V20",0
0.4,2,"9","V21",0
0.4,2,"9","V22",0
0.4,2,"9","V23",0
0.4,2,"9","V24",0
0.4,2,"9","V25",0
0.4,2,"9","V26",0
0.4,2,"9","V27",0
0.4,2,"9","V28",0
0.4,2,"9","V29",0
0.4,2,"9","V30",0
0.4,2,"9","V31",0
0.4,2,"9","V32",0
0.4,2,"9","V33",0
0.4,2,"9","V34",0
0.4,2,"9","V35",0
0.4,2,"9","V36",0
0.4,2,"9","V37",0
0.4,2,"9","V38",0
0.4,2,"9","V39",0
0.4,2,"9","V40",0
0.4,2,"9","V41",0
0.4,2,"9","V42",0
0.4,2,"9","V43",0
0.4,2,"9","V44",0
0.4,2,"9","V45",0
0.4,2,"9","V46",0
0.4,2,"9","V47",0
0.4,2,"9","V48",0
0.4,2,"9","V49",0
0.4,2,"9","V50",0
0.4,2,"9","V51",0
0.4,2,"9","V52",0
0.4,2,"9","V53",0
0.4,2,"9","V54",0
0.4,2,"9","V55",0
0.4,2,"9","V56",0
0.4,2,"9","V57",0
0.4,2,"9","V58",0
0.4,2,"9","V59",0
0.4,2,"9","V60",0
0.4,2,"9","V61",0
0.4,2,"9","V62",0
0.4,2,"9","V63",0
0.4,2,"9","V64",0
0.4,2,"9","V65",0
0.4,2,"9","V66",0
0.4,2,"9","V67",0
0.4,2,"9","V68",0
0.4,2,"9","V69",0
0.4,2,"9","V70",0
0.4,2,"9","V71",0
0.4,2,"9","V72",0
0.4,2,"9","V73",0
0.4,2,"9","V74",0
0.4,2,"9","V75",0
0.4,2,"9","V76",0
0.4,2,"9","V77",0
0.4,2,"9","V78",0
0.4,2,"9","V79",0
0.4,2,"9","V80",0
0.4,2,"9","V81",0
0.4,2,"9","V82",0
0.4,2,"9","V83",0
0.4,2,"9","V84",0
0.4,2,"9","V85",0
0.4,2,"9","V86",0
0.4,2,"9","V87",0
0.4,2,"9","V88",0
0.4,2,"9","V89",0
0.4,2,"9","V90",0
0.4,2,"10","V1",0
0.4,2,"10","V2",0
0.4,2,"10","V3",0
0.4,2,"10","V4",0
0.4,2,"10","V5",0
0.4,2,"10","V6",0
0.4,2,"10","V7",0
0.4,2,"10","V8",0
0.4,2,"10","V9",0
0.4,2,"10","V10",-1
0.4,2,"10","V11",0
0.4,2,"10","V12",0
0.4,2,"10","V13",0
0.4,2,"10","V14",0
0.4,2,"10","V15",0
0.4,2,"10","V16",0
0.4,2,"10","V17",0
0.4,2,"10","V18",0
0.4,2,"10","V19",0
0.4,2,"10","V20",0
0.4,2,"10","V21",0
0.4,2,"10","V22",0
0.4,2,"10","V23",0
0.4,2,"10","V24",0
0.4,2,"10","V25",0
0.4,2,"10","V26",0
0.4,2,"10","V27",0
0.4,2,"10","V28",0
0.4,2,"10","V29",0
0.4,2,"10","V30",0
0.4,2,"10","V31",0
0.4,2,"10","V32",0
0.4,2,"10","V33",0
0.4,2,"10","V34",0
0.4,2,"10","V35",0
0.4,2,"10","V36",0
0.4,2,"10","V37",0
0.4,2,"10","V38",0
0.4,2,"10","V39",0
0.4,2,"10","V40",0
0.4,2,"10","V41",0
0.4,2,"10","V42",0
0.4,2,"10","V43",0
0.4,2,"10","V44",0
0.4,2,"10","V45",0
0.4,2,"10","V46",0
0.4,2,"10","V47",0
0.4,2,"10","V48",0
0.4,2,"10","V49",0
0.4,2,"10","V50",0
0.4,2,"10","V51",0
0.4,2,"10","V52",0
0.4,2,"10","V53",0
0.4,2,"10","V54",0
0.4,2,"10","V55",0
0.4,2,"10","V56",0
0.4,2,"10","V57",0
0.4,2,"10","V58",0
0.4,2,"10","V59",0
0.4,2,"10","V60",0
0.4,2,"10","V61",0
0.4,2,"10","V62",0
0.4,2,"10","V63",0
0.4,2,"10","V64",0
0.4,2,"10","V65",0
0.4,2,"10","V66",0
0.4,2,"10","V67",0
0.4,2,"10","V68",0
0.4,2,"10","V69",0
0.4,2,"10","V70",0
0.4,2,"10","V71",0
0.4,2,"10","V72",0
0.4,2,"10","V73",0
0.4,2,"10","V74",0
0.4,2,"10","V75",0
0.4,2,"10","V76",0
0.4,2,"10","V77",0
0.4,2,"10","V78",0
0.4,2,"10","V79",0
0.4,2,"10","V80",0
0.4,2,"10","V81",0
0.4,2,"10","V82",0
0.4,2,"10","V83",0
0.4,2,"10","V84",0
0.4,2,"10","V85",0
0.4,2,"10","V86",0
0.4,2,"10","V87",0
0.4,2,"10","V88",0
0.4,2,"10","V89",0
0.4,2,"10","V90",0
0.4,2,"11","V1",0
0.4,2,"11","V2",0.0340568915650875
0.4,2,"11","V3",0
0.4,2,"11","V4",0
0.4,2,"11","V5",0.0373919073866812
0.4,2,"11","V6",0.0368515424857564
0.4,2,"11","V7",1.6102609995824
0.4,2,"11","V8",0
0.4,2,"11","V9",0
0.4,2,"11","V10",0
0.4,2,"11","V11",-1
0.4,2,"11","V12",0
0.4,2,"11","V13",0
0.4,2,"11","V14",0
0.4,2,"11","V15",0
0.4,2,"11","V16",0
0.4,2,"11","V17",0
0.4,2,"11","V18",0
0.4,2,"11","V19",0
0.4,2,"11","V20",0
0.4,2,"11","V21",0
0.4,2,"11","V22",0.00225700386318534
0.4,2,"11","V23",0
0.4,2,"11","V24",0
0.4,2,"11","V25",0
0.4,2,"11","V26",0
0.4,2,"11","V27",0
0.4,2,"11","V28",0
0.4,2,"11","V29",0
0.4,2,"11","V30",0
0.4,2,"11","V31",0
0.4,2,"11","V32",0
0.4,2,"11","V33",0
0.4,2,"11","V34",0
0.4,2,"11","V35",0
0.4,2,"11","V36",0
0.4,2,"11","V37",0
0.4,2,"11","V38",0
0.4,2,"11","V39",0
0.4,2,"11","V40",0
0.4,2,"11","V41",0
0.4,2,"11","V42",0
0.4,2,"11","V43",0
0.4,2,"11","V44",0
0.4,2,"11","V45",0
0.4,2,"11","V46",0.304279486404644
0.4,2,"11","V47",0
0.4,2,"11","V48",0
0.4,2,"11","V49",0
0.4,2,"11","V50",0
0.4,2,"11","V51",0
0.4,2,"11","V52",0
0.4,2,"11","V53",0
0.4,2,"11","V54",0
0.4,2,"11","V55",0
0.4,2,"11","V56",0
0.4,2,"11","V57",0
0.4,2,"11","V58",0
0.4,2,"11","V59",0
0.4,2,"11","V60",0
0.4,2,"11","V61",0
0.4,2,"11","V62",0
0.4,2,"11","V63",0
0.4,2,"11","V64",0
0.4,2,"11","V65",0
0.4,2,"11","V66",0
0.4,2,"11","V67",0
0.4,2,"11","V68",0
0.4,2,"11","V69",0
0.4,2,"11","V70",0
0.4,2,"11","V71",0
0.4,2,"11","V72",0
0.4,2,"11","V73",12.5994163149014
0.4,2,"11","V74",0
0.4,2,"11","V75",0
0.4,2,"11","V76",0
0.4,2,"11","V77",0
0.4,2,"11","V78",0
0.4,2,"11","V79",0.072824548511184
0.4,2,"11","V80",0
0.4,2,"11","V81",0
0.4,2,"11","V82",0
0.4,2,"11","V83",0
0.4,2,"11","V84",0
0.4,2,"11","V85",1.455237137006
0.4,2,"11","V86",0
0.4,2,"11","V87",0
0.4,2,"11","V88",6.74509892039084
0.4,2,"11","V89",3.5822593322852
0.4,2,"11","V90",0
0.4,2,"12","V1",0
0.4,2,"12","V2",0
0.4,2,"12","V3",0
0.4,2,"12","V4",0
0.4,2,"12","V5",0
0.4,2,"12","V6",0
0.4,2,"12","V7",0
0.4,2,"12","V8",0
0.4,2,"12","V9",0
0.4,2,"12","V10",0
0.4,2,"12","V11",0
0.4,2,"12","V12",-1
0.4,2,"12","V13",0
0.4,2,"12","V14",0
0.4,2,"12","V15",0
0.4,2,"12","V16",0
0.4,2,"12","V17",0
0.4,2,"12","V18",0
0.4,2,"12","V19",0
0.4,2,"12","V20",0
0.4,2,"12","V21",0
0.4,2,"12","V22",0
0.4,2,"12","V23",0
0.4,2,"12","V24",0
0.4,2,"12","V25",0
0.4,2,"12","V26",0
0.4,2,"12","V27",0
0.4,2,"12","V28",0
0.4,2,"12","V29",0
0.4,2,"12","V30",0
0.4,2,"12","V31",0
0.4,2,"12","V32",0
0.4,2,"12","V33",0
0.4,2,"12","V34",0
0.4,2,"12","V35",0
0.4,2,"12","V36",0
0.4,2,"12","V37",0
0.4,2,"12","V38",0
0.4,2,"12","V39",0
0.4,2,"12","V40",0
0.4,2,"12","V41",0
0.4,2,"12","V42",0
0.4,2,"12","V43",0
0.4,2,"12","V44",0
0.4,2,"12","V45",0
0.4,2,"12","V46",0
0.4,2,"12","V47",0
0.4,2,"12","V48",0
0.4,2,"12","V49",0
0.4,2,"12","V50",0
0.4,2,"12","V51",0
0.4,2,"12","V52",0
0.4,2,"12","V53",0
0.4,2,"12","V54",0
0.4,2,"12","V55",0
0.4,2,"12","V56",0
0.4,2,"12","V57",0
0.4,2,"12","V58",0
0.4,2,"12","V59",0
0.4,2,"12","V60",0
0.4,2,"12","V61",0
0.4,2,"12","V62",0
0.4,2,"12","V63",0
0.4,2,"12","V64",0
0.4,2,"12","V65",0
0.4,2,"12","V66",0
0.4,2,"12","V67",0
0.4,2,"12","V68",0
0.4,2,"12","V69",0
0.4,2,"12","V70",0
0.4,2,"12","V71",0
0.4,2,"12","V72",0
0.4,2,"12","V73",0
0.4,2,"12","V74",0
0.4,2,"12","V75",0
0.4,2,"12","V76",0
0.4,2,"12","V77",0
0.4,2,"12","V78",0
0.4,2,"12","V79",0
0.4,2,"12","V80",0
0.4,2,"12","V81",0
0.4,2,"12","V82",0
0.4,2,"12","V83",0
0.4,2,"12","V84",0
0.4,2,"12","V85",0
0.4,2,"12","V86",0
0.4,2,"12","V87",0
0.4,2,"12","V88",0
0.4,2,"12","V89",0
0.4,2,"12","V90",0
0.4,2,"13","V1",0
0.4,2,"13","V2",0
0.4,2,"13","V3",0.983723197599912
0.4,2,"13","V4",0
0.4,2,"13","V5",0
0.4,2,"13","V6",0.105261333237218
0.4,2,"13","V7",0
0.4,2,"13","V8",0
0.4,2,"13","V9",0
0.4,2,"13","V10",0
0.4,2,"13","V11",0
0.4,2,"13","V12",0
0.4,2,"13","V13",-1
0.4,2,"13","V14",0
0.4,2,"13","V15",0
0.4,2,"13","V16",0
0.4,2,"13","V17",0
0.4,2,"13","V18",0
0.4,2,"13","V19",0
0.4,2,"13","V20",6.7993481949806
0.4,2,"13","V21",0
0.4,2,"13","V22",0
0.4,2,"13","V23",0.419109393455383
0.4,2,"13","V24",0
0.4,2,"13","V25",0
0.4,2,"13","V26",0.26278374171934
0.4,2,"13","V27",0
0.4,2,"13","V28",0
0.4,2,"13","V29",0
0.4,2,"13","V30",0
0.4,2,"13","V31",0
0.4,2,"13","V32",0
0.4,2,"13","V33",0
0.4,2,"13","V34",0
0.4,2,"13","V35",0
0.4,2,"13","V36",0
0.4,2,"13","V37",0
0.4,2,"13","V38",0
0.4,2,"13","V39",0
0.4,2,"13","V40",0
0.4,2,"13","V41",0
0.4,2,"13","V42",0
0.4,2,"13","V43",0
0.4,2,"13","V44",0
0.4,2,"13","V45",0
0.4,2,"13","V46",0
0.4,2,"13","V47",0
0.4,2,"13","V48",0
0.4,2,"13","V49",0
0.4,2,"13","V50",0
0.4,2,"13","V51",0
0.4,2,"13","V52",0
0.4,2,"13","V53",0
0.4,2,"13","V54",0
0.4,2,"13","V55",0
0.4,2,"13","V56",0
0.4,2,"13","V57",0
0.4,2,"13","V58",0
0.4,2,"13","V59",0
0.4,2,"13","V60",0
0.4,2,"13","V61",0
0.4,2,"13","V62",0
0.4,2,"13","V63",0
0.4,2,"13","V64",0
0.4,2,"13","V65",0
0.4,2,"13","V66",0
0.4,2,"13","V67",0
0.4,2,"13","V68",0
0.4,2,"13","V69",0
0.4,2,"13","V70",0
0.4,2,"13","V71",0
0.4,2,"13","V72",0
0.4,2,"13","V73",0
0.4,2,"13","V74",0
0.4,2,"13","V75",0
0.4,2,"13","V76",0
0.4,2,"13","V77",0
0.4,2,"13","V78",0
0.4,2,"13","V79",0
0.4,2,"13","V80",0
0.4,2,"13","V81",0
0.4,2,"13","V82",0
0.4,2,"13","V83",0
0.4,2,"13","V84",0
0.4,2,"13","V85",0
0.4,2,"13","V86",0
0.4,2,"13","V87",0
0.4,2,"13","V88",0
0.4,2,"13","V89",0
0.4,2,"13","V90",0
0.4,2,"14","V1",0
0.4,2,"14","V2",0
0.4,2,"14","V3",0
0.4,2,"14","V4",0
0.4,2,"14","V5",0
0.4,2,"14","V6",0
0.4,2,"14","V7",0
0.4,2,"14","V8",0
0.4,2,"14","V9",0
0.4,2,"14","V10",0
0.4,2,"14","V11",0
0.4,2,"14","V12",0
0.4,2,"14","V13",0
0.4,2,"14","V14",-1
0.4,2,"14","V15",0
0.4,2,"14","V16",0
0.4,2,"14","V17",0
0.4,2,"14","V18",0
0.4,2,"14","V19",0
0.4,2,"14","V20",0
0.4,2,"14","V21",0
0.4,2,"14","V22",0
0.4,2,"14","V23",0
0.4,2,"14","V24",0
0.4,2,"14","V25",0
0.4,2,"14","V26",0
0.4,2,"14","V27",0
0.4,2,"14","V28",0
0.4,2,"14","V29",0
0.4,2,"14","V30",0
0.4,2,"14","V31",0
0.4,2,"14","V32",0
0.4,2,"14","V33",0
0.4,2,"14","V34",0
0.4,2,"14","V35",0
0.4,2,"14","V36",0
0.4,2,"14","V37",0
0.4,2,"14","V38",0
0.4,2,"14","V39",0
0.4,2,"14","V40",0
0.4,2,"14","V41",0
0.4,2,"14","V42",0
0.4,2,"14","V43",0
0.4,2,"14","V44",0
0.4,2,"14","V45",0
0.4,2,"14","V46",0
0.4,2,"14","V47",0
0.4,2,"14","V48",0
0.4,2,"14","V49",0
0.4,2,"14","V50",0
0.4,2,"14","V51",0
0.4,2,"14","V52",0
0.4,2,"14","V53",0
0.4,2,"14","V54",0
0.4,2,"14","V55",0
0.4,2,"14","V56",0
0.4,2,"14","V57",0
0.4,2,"14","V58",0
0.4,2,"14","V59",0
0.4,2,"14","V60",0
0.4,2,"14","V61",0
0.4,2,"14","V62",0
0.4,2,"14","V63",0
0.4,2,"14","V64",0
0.4,2,"14","V65",0
0.4,2,"14","V66",0
0.4,2,"14","V67",0
0.4,2,"14","V68",0
0.4,2,"14","V69",0
0.4,2,"14","V70",0
0.4,2,"14","V71",0
0.4,2,"14","V72",0
0.4,2,"14","V73",0
0.4,2,"14","V74",0
0.4,2,"14","V75",0
0.4,2,"14","V76",0
0.4,2,"14","V77",0
0.4,2,"14","V78",0
0.4,2,"14","V79",0
0.4,2,"14","V80",0
0.4,2,"14","V81",0
0.4,2,"14","V82",0
0.4,2,"14","V83",0
0.4,2,"14","V84",0
0.4,2,"14","V85",0
0.4,2,"14","V86",0
0.4,2,"14","V87",0
0.4,2,"14","V88",0
0.4,2,"14","V89",0
0.4,2,"14","V90",0
0.4,2,"15","V1",0
0.4,2,"15","V2",0
0.4,2,"15","V3",0
0.4,2,"15","V4",0
0.4,2,"15","V5",0
0.4,2,"15","V6",0
0.4,2,"15","V7",0
0.4,2,"15","V8",0
0.4,2,"15","V9",0
0.4,2,"15","V10",0
0.4,2,"15","V11",0
0.4,2,"15","V12",0
0.4,2,"15","V13",0
0.4,2,"15","V14",0
0.4,2,"15","V15",-1
0.4,2,"15","V16",0
0.4,2,"15","V17",0
0.4,2,"15","V18",0
0.4,2,"15","V19",0
0.4,2,"15","V20",0
0.4,2,"15","V21",0
0.4,2,"15","V22",0
0.4,2,"15","V23",0
0.4,2,"15","V24",0
0.4,2,"15","V25",0
0.4,2,"15","V26",0
0.4,2,"15","V27",0
0.4,2,"15","V28",0
0.4,2,"15","V29",0
0.4,2,"15","V30",0
0.4,2,"15","V31",0
0.4,2,"15","V32",0
0.4,2,"15","V33",0
0.4,2,"15","V34",0
0.4,2,"15","V35",0
0.4,2,"15","V36",0
0.4,2,"15","V37",0
0.4,2,"15","V38",0
0.4,2,"15","V39",0
0.4,2,"15","V40",0
0.4,2,"15","V41",0
0.4,2,"15","V42",0
0.4,2,"15","V43",0
0.4,2,"15","V44",0
0.4,2,"15","V45",0
0.4,2,"15","V46",0
0.4,2,"15","V47",0
0.4,2,"15","V48",0
0.4,2,"15","V49",0
0.4,2,"15","V50",0
0.4,2,"15","V51",0
0.4,2,"15","V52",0
0.4,2,"15","V53",0
0.4,2,"15","V54",0
0.4,2,"15","V55",0
0.4,2,"15","V56",0
0.4,2,"15","V57",0
0.4,2,"15","V58",0
0.4,2,"15","V59",0
0.4,2,"15","V60",0
0.4,2,"15","V61",0
0.4,2,"15","V62",0
0.4,2,"15","V63",0
0.4,2,"15","V64",0
0.4,2,"15","V65",0
0.4,2,"15","V66",0
0.4,2,"15","V67",0
0.4,2,"15","V68",0
0.4,2,"15","V69",0
0.4,2,"15","V70",0
0.4,2,"15","V71",0
0.4,2,"15","V72",0
0.4,2,"15","V73",0
0.4,2,"15","V74",0
0.4,2,"15","V75",0
0.4,2,"15","V76",0
0.4,2,"15","V77",0
0.4,2,"15","V78",0
0.4,2,"15","V79",0
0.4,2,"15","V80",0
0.4,2,"15","V81",0
0.4,2,"15","V82",0
0.4,2,"15","V83",0
0.4,2,"15","V84",0
0.4,2,"15","V85",0
0.4,2,"15","V86",0
0.4,2,"15","V87",0
0.4,2,"15","V88",0
0.4,2,"15","V89",0
0.4,2,"15","V90",0
0.4,2,"16","V1",0
0.4,2,"16","V2",0
0.4,2,"16","V3",0
0.4,2,"16","V4",0
0.4,2,"16","V5",0
0.4,2,"16","V6",0
0.4,2,"16","V7",0
0.4,2,"16","V8",0
0.4,2,"16","V9",0
0.4,2,"16","V10",0
0.4,2,"16","V11",0
0.4,2,"16","V12",0
0.4,2,"16","V13",0
0.4,2,"16","V14",0
0.4,2,"16","V15",0
0.4,2,"16","V16",-1
0.4,2,"16","V17",0
0.4,2,"16","V18",0
0.4,2,"16","V19",0
0.4,2,"16","V20",0
0.4,2,"16","V21",0
0.4,2,"16","V22",0
0.4,2,"16","V23",0
0.4,2,"16","V24",0
0.4,2,"16","V25",0
0.4,2,"16","V26",0
0.4,2,"16","V27",0
0.4,2,"16","V28",0
0.4,2,"16","V29",0
0.4,2,"16","V30",0
0.4,2,"16","V31",0
0.4,2,"16","V32",0
0.4,2,"16","V33",0
0.4,2,"16","V34",0
0.4,2,"16","V35",0
0.4,2,"16","V36",0
0.4,2,"16","V37",0
0.4,2,"16","V38",0
0.4,2,"16","V39",0
0.4,2,"16","V40",0
0.4,2,"16","V41",0
0.4,2,"16","V42",0
0.4,2,"16","V43",0
0.4,2,"16","V44",0
0.4,2,"16","V45",0
0.4,2,"16","V46",0
0.4,2,"16","V47",0
0.4,2,"16","V48",0
0.4,2,"16","V49",0
0.4,2,"16","V50",0
0.4,2,"16","V51",0
0.4,2,"16","V52",0
0.4,2,"16","V53",0
0.4,2,"16","V54",0
0.4,2,"16","V55",0
0.4,2,"16","V56",0
0.4,2,"16","V57",0
0.4,2,"16","V58",0
0.4,2,"16","V59",0
0.4,2,"16","V60",0
0.4,2,"16","V61",0
0.4,2,"16","V62",0
0.4,2,"16","V63",0
0.4,2,"16","V64",0
0.4,2,"16","V65",0
0.4,2,"16","V66",0
0.4,2,"16","V67",0
0.4,2,"16","V68",0
0.4,2,"16","V69",0
0.4,2,"16","V70",0
0.4,2,"16","V71",0
0.4,2,"16","V72",0
0.4,2,"16","V73",0
0.4,2,"16","V74",0
0.4,2,"16","V75",0
0.4,2,"16","V76",0
0.4,2,"16","V77",0
0.4,2,"16","V78",0
0.4,2,"16","V79",0
0.4,2,"16","V80",0
0.4,2,"16","V81",0
0.4,2,"16","V82",0
0.4,2,"16","V83",0
0.4,2,"16","V84",0
0.4,2,"16","V85",0
0.4,2,"16","V86",0
0.4,2,"16","V87",0
0.4,2,"16","V88",0
0.4,2,"16","V89",0
0.4,2,"16","V90",0
0.4,2,"17","V1",0
0.4,2,"17","V2",0
0.4,2,"17","V3",0
0.4,2,"17","V4",0
0.4,2,"17","V5",0
0.4,2,"17","V6",0
0.4,2,"17","V7",0
0.4,2,"17","V8",0
0.4,2,"17","V9",0
0.4,2,"17","V10",0
0.4,2,"17","V11",0
0.4,2,"17","V12",0
0.4,2,"17","V13",0
0.4,2,"17","V14",0
0.4,2,"17","V15",0
0.4,2,"17","V16",0
0.4,2,"17","V17",-1
0.4,2,"17","V18",0
0.4,2,"17","V19",0
0.4,2,"17","V20",0
0.4,2,"17","V21",0
0.4,2,"17","V22",0
0.4,2,"17","V23",0
0.4,2,"17","V24",0
0.4,2,"17","V25",0
0.4,2,"17","V26",0
0.4,2,"17","V27",0
0.4,2,"17","V28",0
0.4,2,"17","V29",0
0.4,2,"17","V30",0
0.4,2,"17","V31",0
0.4,2,"17","V32",0
0.4,2,"17","V33",0
0.4,2,"17","V34",0
0.4,2,"17","V35",0
0.4,2,"17","V36",0
0.4,2,"17","V37",0
0.4,2,"17","V38",0
0.4,2,"17","V39",0
0.4,2,"17","V40",0
0.4,2,"17","V41",0
0.4,2,"17","V42",0
0.4,2,"17","V43",0
0.4,2,"17","V44",0
0.4,2,"17","V45",0
0.4,2,"17","V46",0
0.4,2,"17","V47",0
0.4,2,"17","V48",0
0.4,2,"17","V49",0
0.4,2,"17","V50",0
0.4,2,"17","V51",0
0.4,2,"17","V52",0
0.4,2,"17","V53",0
0.4,2,"17","V54",0
0.4,2,"17","V55",0
0.4,2,"17","V56",0
0.4,2,"17","V57",0
0.4,2,"17","V58",0
0.4,2,"17","V59",0
0.4,2,"17","V60",0
0.4,2,"17","V61",0
0.4,2,"17","V62",0
0.4,2,"17","V63",0
0.4,2,"17","V64",0
0.4,2,"17","V65",0
0.4,2,"17","V66",0
0.4,2,"17","V67",0
0.4,2,"17","V68",0
0.4,2,"17","V69",0
0.4,2,"17","V70",0
0.4,2,"17","V71",0
0.4,2,"17","V72",0
0.4,2,"17","V73",0
0.4,2,"17","V74",0
0.4,2,"17","V75",0
0.4,2,"17","V76",0
0.4,2,"17","V77",0
0.4,2,"17","V78",0
0.4,2,"17","V79",0
0.4,2,"17","V80",0
0.4,2,"17","V81",0
0.4,2,"17","V82",0
0.4,2,"17","V83",0
0.4,2,"17","V84",0
0.4,2,"17","V85",0
0.4,2,"17","V86",0
0.4,2,"17","V87",0
0.4,2,"17","V88",0
0.4,2,"17","V89",0
0.4,2,"17","V90",0
0.4,2,"18","V1",0
0.4,2,"18","V2",0
0.4,2,"18","V3",0
0.4,2,"18","V4",0
0.4,2,"18","V5",0
0.4,2,"18","V6",0
0.4,2,"18","V7",0
0.4,2,"18","V8",0
0.4,2,"18","V9",0
0.4,2,"18","V10",0
0.4,2,"18","V11",0
0.4,2,"18","V12",0
0.4,2,"18","V13",0
0.4,2,"18","V14",0
0.4,2,"18","V15",0
0.4,2,"18","V16",0
0.4,2,"18","V17",0
0.4,2,"18","V18",-1
0.4,2,"18","V19",0
0.4,2,"18","V20",0
0.4,2,"18","V21",0
0.4,2,"18","V22",0
0.4,2,"18","V23",0
0.4,2,"18","V24",0
0.4,2,"18","V25",0
0.4,2,"18","V26",0
0.4,2,"18","V27",0
0.4,2,"18","V28",0
0.4,2,"18","V29",0
0.4,2,"18","V30",0
0.4,2,"18","V31",0
0.4,2,"18","V32",0
0.4,2,"18","V33",0
0.4,2,"18","V34",0
0.4,2,"18","V35",0
0.4,2,"18","V36",0
0.4,2,"18","V37",0
0.4,2,"18","V38",0
0.4,2,"18","V39",0
0.4,2,"18","V40",0
0.4,2,"18","V41",0
0.4,2,"18","V42",0
0.4,2,"18","V43",0
0.4,2,"18","V44",0
0.4,2,"18","V45",0
0.4,2,"18","V46",0
0.4,2,"18","V47",0
0.4,2,"18","V48",0
0.4,2,"18","V49",0
0.4,2,"18","V50",0
0.4,2,"18","V51",0
0.4,2,"18","V52",0
0.4,2,"18","V53",0
0.4,2,"18","V54",0
0.4,2,"18","V55",0
0.4,2,"18","V56",0
0.4,2,"18","V57",0
0.4,2,"18","V58",0
0.4,2,"18","V59",0
0.4,2,"18","V60",0
0.4,2,"18","V61",0
0.4,2,"18","V62",0
0.4,2,"18","V63",0
0.4,2,"18","V64",0
0.4,2,"18","V65",0
0.4,2,"18","V66",0
0.4,2,"18","V67",0
0.4,2,"18","V68",0
0.4,2,"18","V69",0
0.4,2,"18","V70",0
0.4,2,"18","V71",0
0.4,2,"18","V72",0
0.4,2,"18","V73",0
0.4,2,"18","V74",0
0.4,2,"18","V75",0
0.4,2,"18","V76",0
0.4,2,"18","V77",0
0.4,2,"18","V78",0
0.4,2,"18","V79",0
0.4,2,"18","V80",0
0.4,2,"18","V81",0
0.4,2,"18","V82",0
0.4,2,"18","V83",0
0.4,2,"18","V84",0
0.4,2,"18","V85",0
0.4,2,"18","V86",0
0.4,2,"18","V87",0
0.4,2,"18","V88",0
0.4,2,"18","V89",0
0.4,2,"18","V90",0
0.4,2,"19","V1",0
0.4,2,"19","V2",0
0.4,2,"19","V3",0
0.4,2,"19","V4",0
0.4,2,"19","V5",0
0.4,2,"19","V6",0
0.4,2,"19","V7",0
0.4,2,"19","V8",0
0.4,2,"19","V9",0
0.4,2,"19","V10",0
0.4,2,"19","V11",0
0.4,2,"19","V12",0
0.4,2,"19","V13",0
0.4,2,"19","V14",0
0.4,2,"19","V15",0
0.4,2,"19","V16",0
0.4,2,"19","V17",0
0.4,2,"19","V18",0
0.4,2,"19","V19",-1
0.4,2,"19","V20",0
0.4,2,"19","V21",0
0.4,2,"19","V22",0
0.4,2,"19","V23",0
0.4,2,"19","V24",0
0.4,2,"19","V25",0
0.4,2,"19","V26",0
0.4,2,"19","V27",0
0.4,2,"19","V28",0
0.4,2,"19","V29",0
0.4,2,"19","V30",0
0.4,2,"19","V31",0
0.4,2,"19","V32",0
0.4,2,"19","V33",0
0.4,2,"19","V34",0
0.4,2,"19","V35",0
0.4,2,"19","V36",0
0.4,2,"19","V37",0
0.4,2,"19","V38",0
0.4,2,"19","V39",0
0.4,2,"19","V40",0
0.4,2,"19","V41",0
0.4,2,"19","V42",0
0.4,2,"19","V43",0
0.4,2,"19","V44",0
0.4,2,"19","V45",0
0.4,2,"19","V46",0
0.4,2,"19","V47",0
0.4,2,"19","V48",0
0.4,2,"19","V49",0
0.4,2,"19","V50",0
0.4,2,"19","V51",0
0.4,2,"19","V52",0
0.4,2,"19","V53",0
0.4,2,"19","V54",0
0.4,2,"19","V55",0
0.4,2,"19","V56",0
0.4,2,"19","V57",0
0.4,2,"19","V58",0
0.4,2,"19","V59",0
0.4,2,"19","V60",0
0.4,2,"19","V61",0
0.4,2,"19","V62",0
0.4,2,"19","V63",0
0.4,2,"19","V64",0
0.4,2,"19","V65",0
0.4,2,"19","V66",0
0.4,2,"19","V67",0
0.4,2,"19","V68",0
0.4,2,"19","V69",0
0.4,2,"19","V70",0
0.4,2,"19","V71",0
0.4,2,"19","V72",0
0.4,2,"19","V73",0
0.4,2,"19","V74",0
0.4,2,"19","V75",0
0.4,2,"19","V76",0
0.4,2,"19","V77",0
0.4,2,"19","V78",0
0.4,2,"19","V79",0
0.4,2,"19","V80",0
0.4,2,"19","V81",0
0.4,2,"19","V82",0
0.4,2,"19","V83",0
0.4,2,"19","V84",0
0.4,2,"19","V85",0
0.4,2,"19","V86",0
0.4,2,"19","V87",0
0.4,2,"19","V88",0
0.4,2,"19","V89",0
0.4,2,"19","V90",0
0.4,2,"20","V1",0
0.4,2,"20","V2",0
0.4,2,"20","V3",0.0119741825533432
0.4,2,"20","V4",0
0.4,2,"20","V5",-0.00380909412433508
0.4,2,"20","V6",0
0.4,2,"20","V7",0
0.4,2,"20","V8",0
0.4,2,"20","V9",0
0.4,2,"20","V10",0
0.4,2,"20","V11",0
0.4,2,"20","V12",0
0.4,2,"20","V13",0.00497668244880317
0.4,2,"20","V14",0
0.4,2,"20","V15",0
0.4,2,"20","V16",0
0.4,2,"20","V17",0
0.4,2,"20","V18",0.00318245624007469
0.4,2,"20","V19",0
0.4,2,"20","V20",-1
0.4,2,"20","V21",0
0.4,2,"20","V22",0
0.4,2,"20","V23",0.00113542324503106
0.4,2,"20","V24",0
0.4,2,"20","V25",0
0.4,2,"20","V26",0
0.4,2,"20","V27",0
0.4,2,"20","V28",0
0.4,2,"20","V29",0
0.4,2,"20","V30",0
0.4,2,"20","V31",0
0.4,2,"20","V32",0
0.4,2,"20","V33",0
0.4,2,"20","V34",0
0.4,2,"20","V35",0
0.4,2,"20","V36",0
0.4,2,"20","V37",0
0.4,2,"20","V38",0.0710537722638771
0.4,2,"20","V39",0
0.4,2,"20","V40",0
0.4,2,"20","V41",0
0.4,2,"20","V42",0
0.4,2,"20","V43",0
0.4,2,"20","V44",0
0.4,2,"20","V45",0
0.4,2,"20","V46",0
0.4,2,"20","V47",0
0.4,2,"20","V48",0
0.4,2,"20","V49",0
0.4,2,"20","V50",-0.000913842569192
0.4,2,"20","V51",0
0.4,2,"20","V52",0
0.4,2,"20","V53",-0.000588501919814386
0.4,2,"20","V54",0
0.4,2,"20","V55",0
0.4,2,"20","V56",-0.000581860971830905
0.4,2,"20","V57",0
0.4,2,"20","V58",0
0.4,2,"20","V59",0
0.4,2,"20","V60",0
0.4,2,"20","V61",0
0.4,2,"20","V62",-0.00298322019824949
0.4,2,"20","V63",0
0.4,2,"20","V64",0
0.4,2,"20","V65",0
0.4,2,"20","V66",0
0.4,2,"20","V67",0
0.4,2,"20","V68",0
0.4,2,"20","V69",0
0.4,2,"20","V70",0
0.4,2,"20","V71",0
0.4,2,"20","V72",0
0.4,2,"20","V73",0
0.4,2,"20","V74",0
0.4,2,"20","V75",-0.000522384792309588
0.4,2,"20","V76",0
0.4,2,"20","V77",0
0.4,2,"20","V78",0
0.4,2,"20","V79",0
0.4,2,"20","V80",0
0.4,2,"20","V81",0
0.4,2,"20","V82",0
0.4,2,"20","V83",0
0.4,2,"20","V84",0
0.4,2,"20","V85",0
0.4,2,"20","V86",0
0.4,2,"20","V87",0
0.4,2,"20","V88",0
0.4,2,"20","V89",0
0.4,2,"20","V90",0
0.4,2,"21","V1",0
0.4,2,"21","V2",0
0.4,2,"21","V3",0
0.4,2,"21","V4",0
0.4,2,"21","V5",0
0.4,2,"21","V6",0
0.4,2,"21","V7",0
0.4,2,"21","V8",0
0.4,2,"21","V9",0
0.4,2,"21","V10",0
0.4,2,"21","V11",0
0.4,2,"21","V12",0
0.4,2,"21","V13",0
0.4,2,"21","V14",0
0.4,2,"21","V15",0
0.4,2,"21","V16",0
0.4,2,"21","V17",0
0.4,2,"21","V18",0
0.4,2,"21","V19",0
0.4,2,"21","V20",0
0.4,2,"21","V21",-1
0.4,2,"21","V22",0.0859627898382969
0.4,2,"21","V23",0
0.4,2,"21","V24",0
0.4,2,"21","V25",0
0.4,2,"21","V26",0
0.4,2,"21","V27",0
0.4,2,"21","V28",0
0.4,2,"21","V29",0
0.4,2,"21","V30",0
0.4,2,"21","V31",0
0.4,2,"21","V32",0
0.4,2,"21","V33",0
0.4,2,"21","V34",0
0.4,2,"21","V35",0
0.4,2,"21","V36",0
0.4,2,"21","V37",0
0.4,2,"21","V38",0
0.4,2,"21","V39",0
0.4,2,"21","V40",0
0.4,2,"21","V41",0
0.4,2,"21","V42",0
0.4,2,"21","V43",0
0.4,2,"21","V44",0
0.4,2,"21","V45",0
0.4,2,"21","V46",0
0.4,2,"21","V47",0
0.4,2,"21","V48",0
0.4,2,"21","V49",0
0.4,2,"21","V50",0
0.4,2,"21","V51",0
0.4,2,"21","V52",0
0.4,2,"21","V53",0
0.4,2,"21","V54",0
0.4,2,"21","V55",0
0.4,2,"21","V56",0
0.4,2,"21","V57",0
0.4,2,"21","V58",0
0.4,2,"21","V59",0
0.4,2,"21","V60",0
0.4,2,"21","V61",0
0.4,2,"21","V62",0
0.4,2,"21","V63",0
0.4,2,"21","V64",0
0.4,2,"21","V65",0
0.4,2,"21","V66",0
0.4,2,"21","V67",0
0.4,2,"21","V68",0
0.4,2,"21","V69",0
0.4,2,"21","V70",0.0100507371461471
0.4,2,"21","V71",0
0.4,2,"21","V72",0
0.4,2,"21","V73",0
0.4,2,"21","V74",0
0.4,2,"21","V75",0
0.4,2,"21","V76",0
0.4,2,"21","V77",0
0.4,2,"21","V78",0
0.4,2,"21","V79",0
0.4,2,"21","V80",0
0.4,2,"21","V81",0
0.4,2,"21","V82",0
0.4,2,"21","V83",0
0.4,2,"21","V84",0
0.4,2,"21","V85",0
0.4,2,"21","V86",0
0.4,2,"21","V87",0
0.4,2,"21","V88",0
0.4,2,"21","V89",0
0.4,2,"21","V90",0
0.4,2,"22","V1",0
0.4,2,"22","V2",0
0.4,2,"22","V3",0
0.4,2,"22","V4",0
0.4,2,"22","V5",0
0.4,2,"22","V6",0
0.4,2,"22","V7",0
0.4,2,"22","V8",0
0.4,2,"22","V9",0
0.4,2,"22","V10",0
0.4,2,"22","V11",0
0.4,2,"22","V12",0
0.4,2,"22","V13",0
0.4,2,"22","V14",0
0.4,2,"22","V15",0
0.4,2,"22","V16",0
0.4,2,"22","V17",0
0.4,2,"22","V18",0
0.4,2,"22","V19",0
0.4,2,"22","V20",0
0.4,2,"22","V21",1.52194447901715
0.4,2,"22","V22",-1
0.4,2,"22","V23",0
0.4,2,"22","V24",0.163001779191087
0.4,2,"22","V25",0
0.4,2,"22","V26",0
0.4,2,"22","V27",0
0.4,2,"22","V28",0
0.4,2,"22","V29",0
0.4,2,"22","V30",0
0.4,2,"22","V31",0
0.4,2,"22","V32",0
0.4,2,"22","V33",0
0.4,2,"22","V34",0
0.4,2,"22","V35",0
0.4,2,"22","V36",0
0.4,2,"22","V37",0
0.4,2,"22","V38",0
0.4,2,"22","V39",0
0.4,2,"22","V40",0
0.4,2,"22","V41",0
0.4,2,"22","V42",0
0.4,2,"22","V43",0
0.4,2,"22","V44",0
0.4,2,"22","V45",0
0.4,2,"22","V46",0
0.4,2,"22","V47",0
0.4,2,"22","V48",0
0.4,2,"22","V49",0
0.4,2,"22","V50",0
0.4,2,"22","V51",0
0.4,2,"22","V52",0
0.4,2,"22","V53",0
0.4,2,"22","V54",0
0.4,2,"22","V55",0
0.4,2,"22","V56",0
0.4,2,"22","V57",0
0.4,2,"22","V58",0
0.4,2,"22","V59",0
0.4,2,"22","V60",0
0.4,2,"22","V61",0
0.4,2,"22","V62",0
0.4,2,"22","V63",0
0.4,2,"22","V64",0
0.4,2,"22","V65",0
0.4,2,"22","V66",0
0.4,2,"22","V67",0
0.4,2,"22","V68",0
0.4,2,"22","V69",0
0.4,2,"22","V70",0
0.4,2,"22","V71",0
0.4,2,"22","V72",0
0.4,2,"22","V73",0
0.4,2,"22","V74",0
0.4,2,"22","V75",0
0.4,2,"22","V76",0
0.4,2,"22","V77",0
0.4,2,"22","V78",0
0.4,2,"22","V79",0
0.4,2,"22","V80",0
0.4,2,"22","V81",0
0.4,2,"22","V82",0
0.4,2,"22","V83",0
0.4,2,"22","V84",0
0.4,2,"22","V85",0
0.4,2,"22","V86",0
0.4,2,"22","V87",0
0.4,2,"22","V88",0
0.4,2,"22","V89",0
0.4,2,"22","V90",0
0.4,2,"23","V1",0
0.4,2,"23","V2",0
0.4,2,"23","V3",0
0.4,2,"23","V4",0
0.4,2,"23","V5",0
0.4,2,"23","V6",0
0.4,2,"23","V7",0
0.4,2,"23","V8",0
0.4,2,"23","V9",0
0.4,2,"23","V10",0
0.4,2,"23","V11",0
0.4,2,"23","V12",0
0.4,2,"23","V13",0
0.4,2,"23","V14",0
0.4,2,"23","V15",0
0.4,2,"23","V16",0
0.4,2,"23","V17",0
0.4,2,"23","V18",0
0.4,2,"23","V19",0
0.4,2,"23","V20",0
0.4,2,"23","V21",0
0.4,2,"23","V22",0
0.4,2,"23","V23",-1
0.4,2,"23","V24",0
0.4,2,"23","V25",0
0.4,2,"23","V26",0
0.4,2,"23","V27",0
0.4,2,"23","V28",0
0.4,2,"23","V29",0
0.4,2,"23","V30",0
0.4,2,"23","V31",0
0.4,2,"23","V32",0
0.4,2,"23","V33",0
0.4,2,"23","V34",0
0.4,2,"23","V35",0
0.4,2,"23","V36",0
0.4,2,"23","V37",0
0.4,2,"23","V38",0
0.4,2,"23","V39",0
0.4,2,"23","V40",0
0.4,2,"23","V41",0
0.4,2,"23","V42",0
0.4,2,"23","V43",0
0.4,2,"23","V44",0
0.4,2,"23","V45",0
0.4,2,"23","V46",0
0.4,2,"23","V47",0
0.4,2,"23","V48",0
0.4,2,"23","V49",0
0.4,2,"23","V50",0
0.4,2,"23","V51",0
0.4,2,"23","V52",0
0.4,2,"23","V53",0
0.4,2,"23","V54",0
0.4,2,"23","V55",0
0.4,2,"23","V56",0
0.4,2,"23","V57",0
0.4,2,"23","V58",0
0.4,2,"23","V59",0
0.4,2,"23","V60",0
0.4,2,"23","V61",0
0.4,2,"23","V62",0
0.4,2,"23","V63",0
0.4,2,"23","V64",0
0.4,2,"23","V65",0
0.4,2,"23","V66",0
0.4,2,"23","V67",0
0.4,2,"23","V68",0
0.4,2,"23","V69",0
0.4,2,"23","V70",0
0.4,2,"23","V71",0
0.4,2,"23","V72",0
0.4,2,"23","V73",0
0.4,2,"23","V74",0
0.4,2,"23","V75",0
0.4,2,"23","V76",0
0.4,2,"23","V77",0
0.4,2,"23","V78",0
0.4,2,"23","V79",0
0.4,2,"23","V80",0
0.4,2,"23","V81",0
0.4,2,"23","V82",0
0.4,2,"23","V83",0
0.4,2,"23","V84",0
0.4,2,"23","V85",0
0.4,2,"23","V86",0
0.4,2,"23","V87",0
0.4,2,"23","V88",0
0.4,2,"23","V89",0
0.4,2,"23","V90",0
0.4,2,"24","V1",0
0.4,2,"24","V2",0
0.4,2,"24","V3",0
0.4,2,"24","V4",0
0.4,2,"24","V5",0.432347894551945
0.4,2,"24","V6",0.164121523204989
0.4,2,"24","V7",0
0.4,2,"24","V8",0
0.4,2,"24","V9",0
0.4,2,"24","V10",0
0.4,2,"24","V11",0
0.4,2,"24","V12",0.215612948598994
0.4,2,"24","V13",0
0.4,2,"24","V14",0
0.4,2,"24","V15",0
0.4,2,"24","V16",0
0.4,2,"24","V17",0
0.4,2,"24","V18",0
0.4,2,"24","V19",0
0.4,2,"24","V20",0
0.4,2,"24","V21",0
0.4,2,"24","V22",0.0494217027656061
0.4,2,"24","V23",0
0.4,2,"24","V24",-1
0.4,2,"24","V25",0
0.4,2,"24","V26",0.643101015426548
0.4,2,"24","V27",0
0.4,2,"24","V28",0
0.4,2,"24","V29",0
0.4,2,"24","V30",0
0.4,2,"24","V31",0
0.4,2,"24","V32",0
0.4,2,"24","V33",0
0.4,2,"24","V34",0
0.4,2,"24","V35",0
0.4,2,"24","V36",0
0.4,2,"24","V37",0
0.4,2,"24","V38",0
0.4,2,"24","V39",0
0.4,2,"24","V40",0
0.4,2,"24","V41",0
0.4,2,"24","V42",0
0.4,2,"24","V43",0
0.4,2,"24","V44",0
0.4,2,"24","V45",0
0.4,2,"24","V46",0
0.4,2,"24","V47",0
0.4,2,"24","V48",0
0.4,2,"24","V49",0
0.4,2,"24","V50",0
0.4,2,"24","V51",0
0.4,2,"24","V52",0
0.4,2,"24","V53",0
0.4,2,"24","V54",0
0.4,2,"24","V55",0
0.4,2,"24","V56",0.0473684203506361
0.4,2,"24","V57",0
0.4,2,"24","V58",0
0.4,2,"24","V59",0
0.4,2,"24","V60",0
0.4,2,"24","V61",0
0.4,2,"24","V62",0
0.4,2,"24","V63",0
0.4,2,"24","V64",0
0.4,2,"24","V65",0
0.4,2,"24","V66",0
0.4,2,"24","V67",0
0.4,2,"24","V68",0
0.4,2,"24","V69",0
0.4,2,"24","V70",0
0.4,2,"24","V71",0
0.4,2,"24","V72",0
0.4,2,"24","V73",0
0.4,2,"24","V74",0
0.4,2,"24","V75",0
0.4,2,"24","V76",0
0.4,2,"24","V77",0
0.4,2,"24","V78",0
0.4,2,"24","V79",0
0.4,2,"24","V80",0
0.4,2,"24","V81",0
0.4,2,"24","V82",0
0.4,2,"24","V83",0
0.4,2,"24","V84",0
0.4,2,"24","V85",0
0.4,2,"24","V86",0
0.4,2,"24","V87",0
0.4,2,"24","V88",0
0.4,2,"24","V89",0
0.4,2,"24","V90",0
0.4,2,"25","V1",0
0.4,2,"25","V2",0
0.4,2,"25","V3",0
0.4,2,"25","V4",0
0.4,2,"25","V5",0
0.4,2,"25","V6",0.101017534121209
0.4,2,"25","V7",0
0.4,2,"25","V8",0
0.4,2,"25","V9",0
0.4,2,"25","V10",0
0.4,2,"25","V11",0
0.4,2,"25","V12",0
0.4,2,"25","V13",0.218524120741951
0.4,2,"25","V14",0
0.4,2,"25","V15",0
0.4,2,"25","V16",0
0.4,2,"25","V17",0
0.4,2,"25","V18",0
0.4,2,"25","V19",0
0.4,2,"25","V20",0
0.4,2,"25","V21",0.125195476382093
0.4,2,"25","V22",0
0.4,2,"25","V23",0.217848326302871
0.4,2,"25","V24",0.0289251160040734
0.4,2,"25","V25",-1
0.4,2,"25","V26",0
0.4,2,"25","V27",0
0.4,2,"25","V28",0
0.4,2,"25","V29",0
0.4,2,"25","V30",0
0.4,2,"25","V31",0
0.4,2,"25","V32",0
0.4,2,"25","V33",0
0.4,2,"25","V34",5.96280759532155
0.4,2,"25","V35",0
0.4,2,"25","V36",0
0.4,2,"25","V37",0
0.4,2,"25","V38",0
0.4,2,"25","V39",0
0.4,2,"25","V40",0
0.4,2,"25","V41",0
0.4,2,"25","V42",0
0.4,2,"25","V43",0
0.4,2,"25","V44",0
0.4,2,"25","V45",0
0.4,2,"25","V46",0
0.4,2,"25","V47",0
0.4,2,"25","V48",0
0.4,2,"25","V49",0
0.4,2,"25","V50",0
0.4,2,"25","V51",0
0.4,2,"25","V52",0
0.4,2,"25","V53",0
0.4,2,"25","V54",0
0.4,2,"25","V55",0
0.4,2,"25","V56",0
0.4,2,"25","V57",0
0.4,2,"25","V58",0
0.4,2,"25","V59",0
0.4,2,"25","V60",0
0.4,2,"25","V61",0
0.4,2,"25","V62",0
0.4,2,"25","V63",0
0.4,2,"25","V64",0
0.4,2,"25","V65",0
0.4,2,"25","V66",0
0.4,2,"25","V67",0
0.4,2,"25","V68",0
0.4,2,"25","V69",0
0.4,2,"25","V70",0.409622277853967
0.4,2,"25","V71",0
0.4,2,"25","V72",0
0.4,2,"25","V73",0
0.4,2,"25","V74",0
0.4,2,"25","V75",0
0.4,2,"25","V76",0
0.4,2,"25","V77",0
0.4,2,"25","V78",0
0.4,2,"25","V79",0
0.4,2,"25","V80",0
0.4,2,"25","V81",0
0.4,2,"25","V82",0
0.4,2,"25","V83",0
0.4,2,"25","V84",0
0.4,2,"25","V85",0
0.4,2,"25","V86",0
0.4,2,"25","V87",0
0.4,2,"25","V88",0
0.4,2,"25","V89",0
0.4,2,"25","V90",0
0.4,2,"26","V1",0
0.4,2,"26","V2",0
0.4,2,"26","V3",0
0.4,2,"26","V4",0
0.4,2,"26","V5",-0.0179278711193362
0.4,2,"26","V6",0
0.4,2,"26","V7",0
0.4,2,"26","V8",0
0.4,2,"26","V9",0
0.4,2,"26","V10",0
0.4,2,"26","V11",0
0.4,2,"26","V12",0
0.4,2,"26","V13",0.0335830203394224
0.4,2,"26","V14",0
0.4,2,"26","V15",0
0.4,2,"26","V16",0
0.4,2,"26","V17",0
0.4,2,"26","V18",0
0.4,2,"26","V19",0
0.4,2,"26","V20",0.551491949310338
0.4,2,"26","V21",0
0.4,2,"26","V22",0.0198624369533479
0.4,2,"26","V23",0.112245192447963
0.4,2,"26","V24",0.0249582453219774
0.4,2,"26","V25",0
0.4,2,"26","V26",-1
0.4,2,"26","V27",0
0.4,2,"26","V28",0
0.4,2,"26","V29",0
0.4,2,"26","V30",0
0.4,2,"26","V31",0
0.4,2,"26","V32",0
0.4,2,"26","V33",0
0.4,2,"26","V34",0
0.4,2,"26","V35",0
0.4,2,"26","V36",0
0.4,2,"26","V37",0
0.4,2,"26","V38",1.9525672074329
0.4,2,"26","V39",0
0.4,2,"26","V40",0
0.4,2,"26","V41",0
0.4,2,"26","V42",0
0.4,2,"26","V43",0
0.4,2,"26","V44",0
0.4,2,"26","V45",0
0.4,2,"26","V46",0
0.4,2,"26","V47",0
0.4,2,"26","V48",0
0.4,2,"26","V49",0
0.4,2,"26","V50",0
0.4,2,"26","V51",0
0.4,2,"26","V52",0
0.4,2,"26","V53",0
0.4,2,"26","V54",0
0.4,2,"26","V55",0
0.4,2,"26","V56",0
0.4,2,"26","V57",0
0.4,2,"26","V58",0
0.4,2,"26","V59",0
0.4,2,"26","V60",0
0.4,2,"26","V61",0
0.4,2,"26","V62",-0.0633675666487428
0.4,2,"26","V63",0
0.4,2,"26","V64",0
0.4,2,"26","V65",0
0.4,2,"26","V66",0
0.4,2,"26","V67",0
0.4,2,"26","V68",0
0.4,2,"26","V69",0
0.4,2,"26","V70",0
0.4,2,"26","V71",0
0.4,2,"26","V72",0
0.4,2,"26","V73",0
0.4,2,"26","V74",0
0.4,2,"26","V75",0
0.4,2,"26","V76",0
0.4,2,"26","V77",0
0.4,2,"26","V78",0
0.4,2,"26","V79",0
0.4,2,"26","V80",0
0.4,2,"26","V81",0
0.4,2,"26","V82",0
0.4,2,"26","V83",0
0.4,2,"26","V84",0
0.4,2,"26","V85",0
0.4,2,"26","V86",0
0.4,2,"26","V87",0
0.4,2,"26","V88",0
0.4,2,"26","V89",0
0.4,2,"26","V90",0
0.4,2,"27","V1",0
0.4,2,"27","V2",0
0.4,2,"27","V3",0.397005480354018
0.4,2,"27","V4",0.392046470827747
0.4,2,"27","V5",0.290617542363724
0.4,2,"27","V6",0
0.4,2,"27","V7",0
0.4,2,"27","V8",1.47372623965684
0.4,2,"27","V9",0
0.4,2,"27","V10",0
0.4,2,"27","V11",0
0.4,2,"27","V12",0.0523585382011759
0.4,2,"27","V13",0
0.4,2,"27","V14",0
0.4,2,"27","V15",0
0.4,2,"27","V16",0
0.4,2,"27","V17",0
0.4,2,"27","V18",0.501110259871507
0.4,2,"27","V19",0.0317469934070631
0.4,2,"27","V20",7.39917314024729
0.4,2,"27","V21",0
0.4,2,"27","V22",0
0.4,2,"27","V23",0
0.4,2,"27","V24",0
0.4,2,"27","V25",0
0.4,2,"27","V26",0
0.4,2,"27","V27",-1
0.4,2,"27","V28",0
0.4,2,"27","V29",0
0.4,2,"27","V30",0
0.4,2,"27","V31",0
0.4,2,"27","V32",0
0.4,2,"27","V33",0
0.4,2,"27","V34",0
0.4,2,"27","V35",0
0.4,2,"27","V36",0
0.4,2,"27","V37",0
0.4,2,"27","V38",0
0.4,2,"27","V39",0
0.4,2,"27","V40",0
0.4,2,"27","V41",0
0.4,2,"27","V42",0
0.4,2,"27","V43",0
0.4,2,"27","V44",0
0.4,2,"27","V45",0
0.4,2,"27","V46",0
0.4,2,"27","V47",0
0.4,2,"27","V48",0
0.4,2,"27","V49",0
0.4,2,"27","V50",0
0.4,2,"27","V51",0
0.4,2,"27","V52",0
0.4,2,"27","V53",0
0.4,2,"27","V54",0
0.4,2,"27","V55",0
0.4,2,"27","V56",0
0.4,2,"27","V57",0
0.4,2,"27","V58",0
0.4,2,"27","V59",0
0.4,2,"27","V60",0
0.4,2,"27","V61",0
0.4,2,"27","V62",0
0.4,2,"27","V63",0
0.4,2,"27","V64",0
0.4,2,"27","V65",0
0.4,2,"27","V66",-0.454874717647778
0.4,2,"27","V67",0.0369374373305442
0.4,2,"27","V68",0
0.4,2,"27","V69",0.430723060629111
0.4,2,"27","V70",0
0.4,2,"27","V71",0
0.4,2,"27","V72",0
0.4,2,"27","V73",0
0.4,2,"27","V74",0
0.4,2,"27","V75",0
0.4,2,"27","V76",0
0.4,2,"27","V77",0
0.4,2,"27","V78",0.0312625606236569
0.4,2,"27","V79",0
0.4,2,"27","V80",0
0.4,2,"27","V81",0
0.4,2,"27","V82",0
0.4,2,"27","V83",0
0.4,2,"27","V84",0
0.4,2,"27","V85",0
0.4,2,"27","V86",0
0.4,2,"27","V87",0
0.4,2,"27","V88",0
0.4,2,"27","V89",0
0.4,2,"27","V90",0
0.4,2,"28","V1",0
0.4,2,"28","V2",0
0.4,2,"28","V3",0
0.4,2,"28","V4",0
0.4,2,"28","V5",0
0.4,2,"28","V6",0
0.4,2,"28","V7",0
0.4,2,"28","V8",0
0.4,2,"28","V9",0
0.4,2,"28","V10",0
0.4,2,"28","V11",0
0.4,2,"28","V12",0
0.4,2,"28","V13",0
0.4,2,"28","V14",0
0.4,2,"28","V15",0
0.4,2,"28","V16",0
0.4,2,"28","V17",0
0.4,2,"28","V18",0
0.4,2,"28","V19",0
0.4,2,"28","V20",0
0.4,2,"28","V21",0
0.4,2,"28","V22",0
0.4,2,"28","V23",0
0.4,2,"28","V24",0
0.4,2,"28","V25",0
0.4,2,"28","V26",0
0.4,2,"28","V27",0
0.4,2,"28","V28",-1
0.4,2,"28","V29",0
0.4,2,"28","V30",0
0.4,2,"28","V31",0
0.4,2,"28","V32",0
0.4,2,"28","V33",0
0.4,2,"28","V34",0
0.4,2,"28","V35",0
0.4,2,"28","V36",0
0.4,2,"28","V37",0
0.4,2,"28","V38",0
0.4,2,"28","V39",0
0.4,2,"28","V40",0
0.4,2,"28","V41",0
0.4,2,"28","V42",0.289012627424741
0.4,2,"28","V43",0
0.4,2,"28","V44",0
0.4,2,"28","V45",0
0.4,2,"28","V46",0
0.4,2,"28","V47",0
0.4,2,"28","V48",0
0.4,2,"28","V49",0
0.4,2,"28","V50",0
0.4,2,"28","V51",0
0.4,2,"28","V52",0
0.4,2,"28","V53",0
0.4,2,"28","V54",0
0.4,2,"28","V55",0
0.4,2,"28","V56",0
0.4,2,"28","V57",0
0.4,2,"28","V58",0
0.4,2,"28","V59",0
0.4,2,"28","V60",0
0.4,2,"28","V61",0
0.4,2,"28","V62",0
0.4,2,"28","V63",0
0.4,2,"28","V64",0
0.4,2,"28","V65",0
0.4,2,"28","V66",0
0.4,2,"28","V67",0
0.4,2,"28","V68",0
0.4,2,"28","V69",0
0.4,2,"28","V70",0
0.4,2,"28","V71",0
0.4,2,"28","V72",0
0.4,2,"28","V73",0
0.4,2,"28","V74",0
0.4,2,"28","V75",0
0.4,2,"28","V76",0
0.4,2,"28","V77",0
0.4,2,"28","V78",0
0.4,2,"28","V79",0
0.4,2,"28","V80",0
0.4,2,"28","V81",0
0.4,2,"28","V82",0.0158180839698198
0.4,2,"28","V83",0
0.4,2,"28","V84",0
0.4,2,"28","V85",0
0.4,2,"28","V86",0
0.4,2,"28","V87",0
0.4,2,"28","V88",0
0.4,2,"28","V89",0
0.4,2,"28","V90",0
0.4,2,"29","V1",0
0.4,2,"29","V2",0
0.4,2,"29","V3",0
0.4,2,"29","V4",0
0.4,2,"29","V5",0
0.4,2,"29","V6",0
0.4,2,"29","V7",0
0.4,2,"29","V8",0
0.4,2,"29","V9",0
0.4,2,"29","V10",0
0.4,2,"29","V11",0
0.4,2,"29","V12",0
0.4,2,"29","V13",0
0.4,2,"29","V14",0
0.4,2,"29","V15",0
0.4,2,"29","V16",0
0.4,2,"29","V17",0
0.4,2,"29","V18",0
0.4,2,"29","V19",0
0.4,2,"29","V20",0
0.4,2,"29","V21",0
0.4,2,"29","V22",0
0.4,2,"29","V23",0
0.4,2,"29","V24",0
0.4,2,"29","V25",0
0.4,2,"29","V26",0
0.4,2,"29","V27",0
0.4,2,"29","V28",0
0.4,2,"29","V29",-1
0.4,2,"29","V30",0
0.4,2,"29","V31",0
0.4,2,"29","V32",0
0.4,2,"29","V33",0
0.4,2,"29","V34",0
0.4,2,"29","V35",0
0.4,2,"29","V36",0
0.4,2,"29","V37",0
0.4,2,"29","V38",0
0.4,2,"29","V39",0
0.4,2,"29","V40",0
0.4,2,"29","V41",0
0.4,2,"29","V42",0
0.4,2,"29","V43",0
0.4,2,"29","V44",0
0.4,2,"29","V45",0
0.4,2,"29","V46",0
0.4,2,"29","V47",0
0.4,2,"29","V48",0
0.4,2,"29","V49",0
0.4,2,"29","V50",0
0.4,2,"29","V51",0
0.4,2,"29","V52",0
0.4,2,"29","V53",0
0.4,2,"29","V54",0
0.4,2,"29","V55",0
0.4,2,"29","V56",0
0.4,2,"29","V57",0
0.4,2,"29","V58",0
0.4,2,"29","V59",0
0.4,2,"29","V60",0
0.4,2,"29","V61",0
0.4,2,"29","V62",0
0.4,2,"29","V63",0
0.4,2,"29","V64",0
0.4,2,"29","V65",0
0.4,2,"29","V66",0
0.4,2,"29","V67",0
0.4,2,"29","V68",0
0.4,2,"29","V69",0
0.4,2,"29","V70",0
0.4,2,"29","V71",0
0.4,2,"29","V72",0
0.4,2,"29","V73",0
0.4,2,"29","V74",0
0.4,2,"29","V75",0
0.4,2,"29","V76",0
0.4,2,"29","V77",0
0.4,2,"29","V78",0
0.4,2,"29","V79",0
0.4,2,"29","V80",0
0.4,2,"29","V81",0
0.4,2,"29","V82",0
0.4,2,"29","V83",0
0.4,2,"29","V84",0
0.4,2,"29","V85",0
0.4,2,"29","V86",0
0.4,2,"29","V87",0
0.4,2,"29","V88",0
0.4,2,"29","V89",0
0.4,2,"29","V90",0
0.4,2,"30","V1",0
0.4,2,"30","V2",0
0.4,2,"30","V3",0
0.4,2,"30","V4",0
0.4,2,"30","V5",0
0.4,2,"30","V6",0
0.4,2,"30","V7",0
0.4,2,"30","V8",0
0.4,2,"30","V9",0
0.4,2,"30","V10",0
0.4,2,"30","V11",0
0.4,2,"30","V12",0
0.4,2,"30","V13",0
0.4,2,"30","V14",0
0.4,2,"30","V15",0
0.4,2,"30","V16",0
0.4,2,"30","V17",0
0.4,2,"30","V18",0
0.4,2,"30","V19",0
0.4,2,"30","V20",0
0.4,2,"30","V21",0
0.4,2,"30","V22",0
0.4,2,"30","V23",0
0.4,2,"30","V24",0
0.4,2,"30","V25",0
0.4,2,"30","V26",0
0.4,2,"30","V27",0
0.4,2,"30","V28",0
0.4,2,"30","V29",0
0.4,2,"30","V30",-1
0.4,2,"30","V31",0
0.4,2,"30","V32",0
0.4,2,"30","V33",0
0.4,2,"30","V34",0
0.4,2,"30","V35",0
0.4,2,"30","V36",0
0.4,2,"30","V37",0
0.4,2,"30","V38",0
0.4,2,"30","V39",0
0.4,2,"30","V40",0
0.4,2,"30","V41",0
0.4,2,"30","V42",0
0.4,2,"30","V43",0
0.4,2,"30","V44",0
0.4,2,"30","V45",0
0.4,2,"30","V46",0
0.4,2,"30","V47",0
0.4,2,"30","V48",0
0.4,2,"30","V49",0
0.4,2,"30","V50",0
0.4,2,"30","V51",0
0.4,2,"30","V52",0
0.4,2,"30","V53",0
0.4,2,"30","V54",0
0.4,2,"30","V55",0
0.4,2,"30","V56",0
0.4,2,"30","V57",0
0.4,2,"30","V58",0
0.4,2,"30","V59",0
0.4,2,"30","V60",0
0.4,2,"30","V61",0
0.4,2,"30","V62",0
0.4,2,"30","V63",0
0.4,2,"30","V64",0
0.4,2,"30","V65",0
0.4,2,"30","V66",0
0.4,2,"30","V67",0
0.4,2,"30","V68",0
0.4,2,"30","V69",0
0.4,2,"30","V70",0
0.4,2,"30","V71",0
0.4,2,"30","V72",0
0.4,2,"30","V73",0
0.4,2,"30","V74",0
0.4,2,"30","V75",0
0.4,2,"30","V76",0
0.4,2,"30","V77",0
0.4,2,"30","V78",0
0.4,2,"30","V79",0
0.4,2,"30","V80",0
0.4,2,"30","V81",0
0.4,2,"30","V82",0
0.4,2,"30","V83",0
0.4,2,"30","V84",0
0.4,2,"30","V85",0
0.4,2,"30","V86",0
0.4,2,"30","V87",0
0.4,2,"30","V88",0
0.4,2,"30","V89",0
0.4,2,"30","V90",0
0.4,2,"31","V1",0
0.4,2,"31","V2",0
0.4,2,"31","V3",0
0.4,2,"31","V4",0
0.4,2,"31","V5",0
0.4,2,"31","V6",0
0.4,2,"31","V7",0
0.4,2,"31","V8",0
0.4,2,"31","V9",0
0.4,2,"31","V10",0
0.4,2,"31","V11",0
0.4,2,"31","V12",0
0.4,2,"31","V13",0
0.4,2,"31","V14",0
0.4,2,"31","V15",0
0.4,2,"31","V16",0
0.4,2,"31","V17",0
0.4,2,"31","V18",0
0.4,2,"31","V19",0
0.4,2,"31","V20",0
0.4,2,"31","V21",0
0.4,2,"31","V22",0
0.4,2,"31","V23",0
0.4,2,"31","V24",0
0.4,2,"31","V25",0
0.4,2,"31","V26",0
0.4,2,"31","V27",0
0.4,2,"31","V28",0
0.4,2,"31","V29",0
0.4,2,"31","V30",0
0.4,2,"31","V31",-1
0.4,2,"31","V32",0
0.4,2,"31","V33",0
0.4,2,"31","V34",0
0.4,2,"31","V35",0
0.4,2,"31","V36",0
0.4,2,"31","V37",0
0.4,2,"31","V38",0
0.4,2,"31","V39",0
0.4,2,"31","V40",0
0.4,2,"31","V41",0
0.4,2,"31","V42",0
0.4,2,"31","V43",0
0.4,2,"31","V44",0
0.4,2,"31","V45",0
0.4,2,"31","V46",0
0.4,2,"31","V47",0
0.4,2,"31","V48",0
0.4,2,"31","V49",0
0.4,2,"31","V50",0
0.4,2,"31","V51",0
0.4,2,"31","V52",0
0.4,2,"31","V53",0
0.4,2,"31","V54",0
0.4,2,"31","V55",0
0.4,2,"31","V56",0
0.4,2,"31","V57",0
0.4,2,"31","V58",0
0.4,2,"31","V59",0
0.4,2,"31","V60",0
0.4,2,"31","V61",0
0.4,2,"31","V62",0
0.4,2,"31","V63",0
0.4,2,"31","V64",0
0.4,2,"31","V65",0
0.4,2,"31","V66",0
0.4,2,"31","V67",0
0.4,2,"31","V68",0
0.4,2,"31","V69",0
0.4,2,"31","V70",0
0.4,2,"31","V71",0
0.4,2,"31","V72",0
0.4,2,"31","V73",0
0.4,2,"31","V74",0
0.4,2,"31","V75",0
0.4,2,"31","V76",0
0.4,2,"31","V77",0
0.4,2,"31","V78",0
0.4,2,"31","V79",0
0.4,2,"31","V80",0
0.4,2,"31","V81",0
0.4,2,"31","V82",0
0.4,2,"31","V83",0
0.4,2,"31","V84",0
0.4,2,"31","V85",0
0.4,2,"31","V86",0
0.4,2,"31","V87",0
0.4,2,"31","V88",0
0.4,2,"31","V89",0
0.4,2,"31","V90",0
0.4,2,"32","V1",0
0.4,2,"32","V2",0
0.4,2,"32","V3",0
0.4,2,"32","V4",0
0.4,2,"32","V5",0.0030529825995813
0.4,2,"32","V6",0
0.4,2,"32","V7",0
0.4,2,"32","V8",-0.0122277980578565
0.4,2,"32","V9",0
0.4,2,"32","V10",0
0.4,2,"32","V11",0
0.4,2,"32","V12",0
0.4,2,"32","V13",0
0.4,2,"32","V14",0
0.4,2,"32","V15",0
0.4,2,"32","V16",0
0.4,2,"32","V17",0
0.4,2,"32","V18",0
0.4,2,"32","V19",0
0.4,2,"32","V20",0
0.4,2,"32","V21",0
0.4,2,"32","V22",0
0.4,2,"32","V23",0
0.4,2,"32","V24",0
0.4,2,"32","V25",0
0.4,2,"32","V26",0
0.4,2,"32","V27",0
0.4,2,"32","V28",0
0.4,2,"32","V29",0
0.4,2,"32","V30",0
0.4,2,"32","V31",0
0.4,2,"32","V32",-1
0.4,2,"32","V33",0
0.4,2,"32","V34",0
0.4,2,"32","V35",0
0.4,2,"32","V36",0
0.4,2,"32","V37",0
0.4,2,"32","V38",0
0.4,2,"32","V39",0
0.4,2,"32","V40",0.0343859869283134
0.4,2,"32","V41",0
0.4,2,"32","V42",0
0.4,2,"32","V43",0
0.4,2,"32","V44",0
0.4,2,"32","V45",0
0.4,2,"32","V46",0.00841149864463771
0.4,2,"32","V47",0
0.4,2,"32","V48",0
0.4,2,"32","V49",0
0.4,2,"32","V50",0
0.4,2,"32","V51",0
0.4,2,"32","V52",0
0.4,2,"32","V53",0
0.4,2,"32","V54",0
0.4,2,"32","V55",0
0.4,2,"32","V56",0
0.4,2,"32","V57",0
0.4,2,"32","V58",0
0.4,2,"32","V59",0
0.4,2,"32","V60",0
0.4,2,"32","V61",0
0.4,2,"32","V62",0
0.4,2,"32","V63",0
0.4,2,"32","V64",0
0.4,2,"32","V65",0
0.4,2,"32","V66",0
0.4,2,"32","V67",0
0.4,2,"32","V68",0
0.4,2,"32","V69",0
0.4,2,"32","V70",0
0.4,2,"32","V71",0.396507153171482
0.4,2,"32","V72",0
0.4,2,"32","V73",0
0.4,2,"32","V74",0
0.4,2,"32","V75",0
0.4,2,"32","V76",0
0.4,2,"32","V77",0
0.4,2,"32","V78",0
0.4,2,"32","V79",0
0.4,2,"32","V80",0
0.4,2,"32","V81",0
0.4,2,"32","V82",0
0.4,2,"32","V83",0
0.4,2,"32","V84",0
0.4,2,"32","V85",0
0.4,2,"32","V86",0
0.4,2,"32","V87",-0.00352703514324053
0.4,2,"32","V88",0
0.4,2,"32","V89",0
0.4,2,"32","V90",0
0.4,2,"33","V1",0
0.4,2,"33","V2",0
0.4,2,"33","V3",0
0.4,2,"33","V4",0
0.4,2,"33","V5",0
0.4,2,"33","V6",0
0.4,2,"33","V7",0
0.4,2,"33","V8",0
0.4,2,"33","V9",0
0.4,2,"33","V10",0
0.4,2,"33","V11",0
0.4,2,"33","V12",0
0.4,2,"33","V13",0
0.4,2,"33","V14",0
0.4,2,"33","V15",0
0.4,2,"33","V16",0
0.4,2,"33","V17",0
0.4,2,"33","V18",0
0.4,2,"33","V19",0
0.4,2,"33","V20",0
0.4,2,"33","V21",0
0.4,2,"33","V22",0
0.4,2,"33","V23",0
0.4,2,"33","V24",0
0.4,2,"33","V25",0
0.4,2,"33","V26",0
0.4,2,"33","V27",0
0.4,2,"33","V28",0
0.4,2,"33","V29",0
0.4,2,"33","V30",0
0.4,2,"33","V31",0
0.4,2,"33","V32",0
0.4,2,"33","V33",-1
0.4,2,"33","V34",0
0.4,2,"33","V35",0
0.4,2,"33","V36",0
0.4,2,"33","V37",0
0.4,2,"33","V38",0
0.4,2,"33","V39",0
0.4,2,"33","V40",0
0.4,2,"33","V41",0
0.4,2,"33","V42",0
0.4,2,"33","V43",0
0.4,2,"33","V44",0
0.4,2,"33","V45",0
0.4,2,"33","V46",0
0.4,2,"33","V47",0
0.4,2,"33","V48",0
0.4,2,"33","V49",0
0.4,2,"33","V50",0
0.4,2,"33","V51",0
0.4,2,"33","V52",0
0.4,2,"33","V53",0
0.4,2,"33","V54",0
0.4,2,"33","V55",0
0.4,2,"33","V56",0
0.4,2,"33","V57",0
0.4,2,"33","V58",0
0.4,2,"33","V59",0
0.4,2,"33","V60",0
0.4,2,"33","V61",0
0.4,2,"33","V62",0
0.4,2,"33","V63",0
0.4,2,"33","V64",0
0.4,2,"33","V65",0
0.4,2,"33","V66",0
0.4,2,"33","V67",0
0.4,2,"33","V68",0
0.4,2,"33","V69",0
0.4,2,"33","V70",0
0.4,2,"33","V71",0
0.4,2,"33","V72",0
0.4,2,"33","V73",0
0.4,2,"33","V74",0
0.4,2,"33","V75",0
0.4,2,"33","V76",0
0.4,2,"33","V77",0
0.4,2,"33","V78",0
0.4,2,"33","V79",0
0.4,2,"33","V80",0
0.4,2,"33","V81",0
0.4,2,"33","V82",0
0.4,2,"33","V83",0
0.4,2,"33","V84",0
0.4,2,"33","V85",0
0.4,2,"33","V86",0
0.4,2,"33","V87",0
0.4,2,"33","V88",0
0.4,2,"33","V89",0
0.4,2,"33","V90",0
0.4,2,"34","V1",0
0.4,2,"34","V2",0
0.4,2,"34","V3",0
0.4,2,"34","V4",0
0.4,2,"34","V5",0
0.4,2,"34","V6",0
0.4,2,"34","V7",0
0.4,2,"34","V8",0
0.4,2,"34","V9",0
0.4,2,"34","V10",0
0.4,2,"34","V11",0
0.4,2,"34","V12",0
0.4,2,"34","V13",0
0.4,2,"34","V14",0
0.4,2,"34","V15",0
0.4,2,"34","V16",0
0.4,2,"34","V17",0
0.4,2,"34","V18",0
0.4,2,"34","V19",0
0.4,2,"34","V20",0
0.4,2,"34","V21",0
0.4,2,"34","V22",0
0.4,2,"34","V23",0
0.4,2,"34","V24",0
0.4,2,"34","V25",0
0.4,2,"34","V26",0
0.4,2,"34","V27",0
0.4,2,"34","V28",0
0.4,2,"34","V29",0
0.4,2,"34","V30",0
0.4,2,"34","V31",0
0.4,2,"34","V32",0
0.4,2,"34","V33",0
0.4,2,"34","V34",-1
0.4,2,"34","V35",0
0.4,2,"34","V36",0
0.4,2,"34","V37",0
0.4,2,"34","V38",0
0.4,2,"34","V39",0
0.4,2,"34","V40",0
0.4,2,"34","V41",0
0.4,2,"34","V42",0
0.4,2,"34","V43",0
0.4,2,"34","V44",0
0.4,2,"34","V45",0
0.4,2,"34","V46",0
0.4,2,"34","V47",0
0.4,2,"34","V48",0
0.4,2,"34","V49",0
0.4,2,"34","V50",0
0.4,2,"34","V51",0
0.4,2,"34","V52",0
0.4,2,"34","V53",0
0.4,2,"34","V54",0
0.4,2,"34","V55",0
0.4,2,"34","V56",0
0.4,2,"34","V57",0
0.4,2,"34","V58",0
0.4,2,"34","V59",0
0.4,2,"34","V60",0
0.4,2,"34","V61",0
0.4,2,"34","V62",0
0.4,2,"34","V63",0
0.4,2,"34","V64",0
0.4,2,"34","V65",0
0.4,2,"34","V66",0
0.4,2,"34","V67",0
0.4,2,"34","V68",0
0.4,2,"34","V69",0
0.4,2,"34","V70",0
0.4,2,"34","V71",0
0.4,2,"34","V72",0
0.4,2,"34","V73",0
0.4,2,"34","V74",0
0.4,2,"34","V75",0
0.4,2,"34","V76",0
0.4,2,"34","V77",0
0.4,2,"34","V78",0
0.4,2,"34","V79",0
0.4,2,"34","V80",0
0.4,2,"34","V81",0
0.4,2,"34","V82",0
0.4,2,"34","V83",0
0.4,2,"34","V84",0
0.4,2,"34","V85",0
0.4,2,"34","V86",0
0.4,2,"34","V87",0
0.4,2,"34","V88",0
0.4,2,"34","V89",0
0.4,2,"34","V90",0
0.4,2,"35","V1",0
0.4,2,"35","V2",0
0.4,2,"35","V3",0
0.4,2,"35","V4",0
0.4,2,"35","V5",0
0.4,2,"35","V6",0
0.4,2,"35","V7",0
0.4,2,"35","V8",0
0.4,2,"35","V9",0
0.4,2,"35","V10",0
0.4,2,"35","V11",0
0.4,2,"35","V12",0
0.4,2,"35","V13",0
0.4,2,"35","V14",0
0.4,2,"35","V15",0
0.4,2,"35","V16",0
0.4,2,"35","V17",0
0.4,2,"35","V18",0
0.4,2,"35","V19",0
0.4,2,"35","V20",0
0.4,2,"35","V21",0
0.4,2,"35","V22",0
0.4,2,"35","V23",0
0.4,2,"35","V24",0
0.4,2,"35","V25",0
0.4,2,"35","V26",0
0.4,2,"35","V27",0
0.4,2,"35","V28",0
0.4,2,"35","V29",0
0.4,2,"35","V30",0
0.4,2,"35","V31",0
0.4,2,"35","V32",0
0.4,2,"35","V33",0
0.4,2,"35","V34",0
0.4,2,"35","V35",-1
0.4,2,"35","V36",0
0.4,2,"35","V37",0
0.4,2,"35","V38",0
0.4,2,"35","V39",0
0.4,2,"35","V40",0
0.4,2,"35","V41",0
0.4,2,"35","V42",0
0.4,2,"35","V43",0
0.4,2,"35","V44",0
0.4,2,"35","V45",0
0.4,2,"35","V46",0
0.4,2,"35","V47",0
0.4,2,"35","V48",0
0.4,2,"35","V49",0
0.4,2,"35","V50",0
0.4,2,"35","V51",0
0.4,2,"35","V52",0
0.4,2,"35","V53",0
0.4,2,"35","V54",0
0.4,2,"35","V55",0
0.4,2,"35","V56",0
0.4,2,"35","V57",0
0.4,2,"35","V58",0
0.4,2,"35","V59",0
0.4,2,"35","V60",0
0.4,2,"35","V61",0
0.4,2,"35","V62",0
0.4,2,"35","V63",0
0.4,2,"35","V64",0
0.4,2,"35","V65",0
0.4,2,"35","V66",0
0.4,2,"35","V67",0
0.4,2,"35","V68",0
0.4,2,"35","V69",0
0.4,2,"35","V70",0
0.4,2,"35","V71",0
0.4,2,"35","V72",0
0.4,2,"35","V73",0
0.4,2,"35","V74",0
0.4,2,"35","V75",0
0.4,2,"35","V76",0
0.4,2,"35","V77",0
0.4,2,"35","V78",0
0.4,2,"35","V79",0
0.4,2,"35","V80",0
0.4,2,"35","V81",0
0.4,2,"35","V82",0
0.4,2,"35","V83",0
0.4,2,"35","V84",0
0.4,2,"35","V85",0
0.4,2,"35","V86",0
0.4,2,"35","V87",0
0.4,2,"35","V88",0
0.4,2,"35","V89",0
0.4,2,"35","V90",0
0.4,2,"36","V1",0
0.4,2,"36","V2",0
0.4,2,"36","V3",0
0.4,2,"36","V4",0
0.4,2,"36","V5",0
0.4,2,"36","V6",0
0.4,2,"36","V7",0
0.4,2,"36","V8",0
0.4,2,"36","V9",0
0.4,2,"36","V10",0
0.4,2,"36","V11",0
0.4,2,"36","V12",0
0.4,2,"36","V13",0
0.4,2,"36","V14",0
0.4,2,"36","V15",0
0.4,2,"36","V16",0
0.4,2,"36","V17",0
0.4,2,"36","V18",0
0.4,2,"36","V19",0
0.4,2,"36","V20",0
0.4,2,"36","V21",0
0.4,2,"36","V22",0
0.4,2,"36","V23",0
0.4,2,"36","V24",0
0.4,2,"36","V25",0
0.4,2,"36","V26",0
0.4,2,"36","V27",0
0.4,2,"36","V28",0
0.4,2,"36","V29",0
0.4,2,"36","V30",0
0.4,2,"36","V31",0
0.4,2,"36","V32",0
0.4,2,"36","V33",0
0.4,2,"36","V34",0
0.4,2,"36","V35",0
0.4,2,"36","V36",-1
0.4,2,"36","V37",0
0.4,2,"36","V38",0
0.4,2,"36","V39",0
0.4,2,"36","V40",0
0.4,2,"36","V41",0
0.4,2,"36","V42",0
0.4,2,"36","V43",0
0.4,2,"36","V44",0
0.4,2,"36","V45",0
0.4,2,"36","V46",0
0.4,2,"36","V47",0
0.4,2,"36","V48",0
0.4,2,"36","V49",0
0.4,2,"36","V50",0
0.4,2,"36","V51",0
0.4,2,"36","V52",0
0.4,2,"36","V53",0
0.4,2,"36","V54",0
0.4,2,"36","V55",0
0.4,2,"36","V56",0
0.4,2,"36","V57",0
0.4,2,"36","V58",0
0.4,2,"36","V59",0
0.4,2,"36","V60",0
0.4,2,"36","V61",0
0.4,2,"36","V62",0
0.4,2,"36","V63",0
0.4,2,"36","V64",0
0.4,2,"36","V65",0
0.4,2,"36","V66",0
0.4,2,"36","V67",0
0.4,2,"36","V68",0
0.4,2,"36","V69",0
0.4,2,"36","V70",0
0.4,2,"36","V71",0
0.4,2,"36","V72",0
0.4,2,"36","V73",0
0.4,2,"36","V74",0
0.4,2,"36","V75",0
0.4,2,"36","V76",0
0.4,2,"36","V77",0
0.4,2,"36","V78",0
0.4,2,"36","V79",0
0.4,2,"36","V80",0
0.4,2,"36","V81",0
0.4,2,"36","V82",0
0.4,2,"36","V83",0
0.4,2,"36","V84",0
0.4,2,"36","V85",0
0.4,2,"36","V86",0
0.4,2,"36","V87",0
0.4,2,"36","V88",0
0.4,2,"36","V89",0
0.4,2,"36","V90",0
0.4,2,"37","V1",0
0.4,2,"37","V2",0
0.4,2,"37","V3",0
0.4,2,"37","V4",0
0.4,2,"37","V5",0
0.4,2,"37","V6",0
0.4,2,"37","V7",0
0.4,2,"37","V8",0
0.4,2,"37","V9",0
0.4,2,"37","V10",0
0.4,2,"37","V11",0
0.4,2,"37","V12",0
0.4,2,"37","V13",0
0.4,2,"37","V14",0
0.4,2,"37","V15",0
0.4,2,"37","V16",0
0.4,2,"37","V17",0
0.4,2,"37","V18",0
0.4,2,"37","V19",0
0.4,2,"37","V20",0
0.4,2,"37","V21",0
0.4,2,"37","V22",0
0.4,2,"37","V23",0
0.4,2,"37","V24",0
0.4,2,"37","V25",0
0.4,2,"37","V26",0
0.4,2,"37","V27",0
0.4,2,"37","V28",0.00655834560269555
0.4,2,"37","V29",0
0.4,2,"37","V30",0
0.4,2,"37","V31",0
0.4,2,"37","V32",0
0.4,2,"37","V33",0
0.4,2,"37","V34",0.0180712158157391
0.4,2,"37","V35",0
0.4,2,"37","V36",0
0.4,2,"37","V37",-1
0.4,2,"37","V38",0
0.4,2,"37","V39",0
0.4,2,"37","V40",0
0.4,2,"37","V41",0
0.4,2,"37","V42",0
0.4,2,"37","V43",0
0.4,2,"37","V44",0
0.4,2,"37","V45",0
0.4,2,"37","V46",0
0.4,2,"37","V47",0
0.4,2,"37","V48",0
0.4,2,"37","V49",0
0.4,2,"37","V50",0
0.4,2,"37","V51",0.00220002628664626
0.4,2,"37","V52",0
0.4,2,"37","V53",0
0.4,2,"37","V54",0
0.4,2,"37","V55",0
0.4,2,"37","V56",0
0.4,2,"37","V57",0
0.4,2,"37","V58",0.000672343242195054
0.4,2,"37","V59",0
0.4,2,"37","V60",0
0.4,2,"37","V61",0
0.4,2,"37","V62",0
0.4,2,"37","V63",0.0181642338048343
0.4,2,"37","V64",0
0.4,2,"37","V65",0
0.4,2,"37","V66",0.0111863027952859
0.4,2,"37","V67",0
0.4,2,"37","V68",0
0.4,2,"37","V69",0
0.4,2,"37","V70",0
0.4,2,"37","V71",0
0.4,2,"37","V72",0
0.4,2,"37","V73",0
0.4,2,"37","V74",0
0.4,2,"37","V75",0
0.4,2,"37","V76",0
0.4,2,"37","V77",0
0.4,2,"37","V78",0
0.4,2,"37","V79",0
0.4,2,"37","V80",0
0.4,2,"37","V81",0
0.4,2,"37","V82",0
0.4,2,"37","V83",0
0.4,2,"37","V84",0.013362692243651
0.4,2,"37","V85",0
0.4,2,"37","V86",0
0.4,2,"37","V87",0
0.4,2,"37","V88",0
0.4,2,"37","V89",0
0.4,2,"37","V90",0
0.4,2,"38","V1",0
0.4,2,"38","V2",0
0.4,2,"38","V3",0
0.4,2,"38","V4",0
0.4,2,"38","V5",0
0.4,2,"38","V6",0
0.4,2,"38","V7",0
0.4,2,"38","V8",0
0.4,2,"38","V9",0
0.4,2,"38","V10",0
0.4,2,"38","V11",0
0.4,2,"38","V12",0
0.4,2,"38","V13",0
0.4,2,"38","V14",0
0.4,2,"38","V15",0
0.4,2,"38","V16",0
0.4,2,"38","V17",0
0.4,2,"38","V18",0
0.4,2,"38","V19",0
0.4,2,"38","V20",0
0.4,2,"38","V21",0
0.4,2,"38","V22",0
0.4,2,"38","V23",0
0.4,2,"38","V24",0
0.4,2,"38","V25",0
0.4,2,"38","V26",0
0.4,2,"38","V27",0
0.4,2,"38","V28",0
0.4,2,"38","V29",0
0.4,2,"38","V30",0
0.4,2,"38","V31",0
0.4,2,"38","V32",0
0.4,2,"38","V33",0
0.4,2,"38","V34",0
0.4,2,"38","V35",0
0.4,2,"38","V36",0
0.4,2,"38","V37",0
0.4,2,"38","V38",-1
0.4,2,"38","V39",0
0.4,2,"38","V40",0
0.4,2,"38","V41",0
0.4,2,"38","V42",0
0.4,2,"38","V43",0
0.4,2,"38","V44",0
0.4,2,"38","V45",0
0.4,2,"38","V46",0
0.4,2,"38","V47",0
0.4,2,"38","V48",0
0.4,2,"38","V49",0
0.4,2,"38","V50",0
0.4,2,"38","V51",0
0.4,2,"38","V52",0
0.4,2,"38","V53",0
0.4,2,"38","V54",0
0.4,2,"38","V55",0
0.4,2,"38","V56",0
0.4,2,"38","V57",0
0.4,2,"38","V58",0
0.4,2,"38","V59",0
0.4,2,"38","V60",0
0.4,2,"38","V61",0
0.4,2,"38","V62",0
0.4,2,"38","V63",0
0.4,2,"38","V64",0
0.4,2,"38","V65",0
0.4,2,"38","V66",0
0.4,2,"38","V67",0
0.4,2,"38","V68",0
0.4,2,"38","V69",0
0.4,2,"38","V70",0
0.4,2,"38","V71",0
0.4,2,"38","V72",0
0.4,2,"38","V73",0
0.4,2,"38","V74",0
0.4,2,"38","V75",0
0.4,2,"38","V76",0
0.4,2,"38","V77",0
0.4,2,"38","V78",0
0.4,2,"38","V79",0
0.4,2,"38","V80",0
0.4,2,"38","V81",0
0.4,2,"38","V82",0
0.4,2,"38","V83",0
0.4,2,"38","V84",0
0.4,2,"38","V85",0
0.4,2,"38","V86",0
0.4,2,"38","V87",0
0.4,2,"38","V88",0
0.4,2,"38","V89",0
0.4,2,"38","V90",0
0.4,2,"39","V1",0
0.4,2,"39","V2",0
0.4,2,"39","V3",0
0.4,2,"39","V4",0
0.4,2,"39","V5",0
0.4,2,"39","V6",0
0.4,2,"39","V7",0
0.4,2,"39","V8",0
0.4,2,"39","V9",0
0.4,2,"39","V10",0
0.4,2,"39","V11",0
0.4,2,"39","V12",0
0.4,2,"39","V13",0
0.4,2,"39","V14",0
0.4,2,"39","V15",0
0.4,2,"39","V16",0
0.4,2,"39","V17",0
0.4,2,"39","V18",0.00068039467563881
0.4,2,"39","V19",0
0.4,2,"39","V20",0
0.4,2,"39","V21",0
0.4,2,"39","V22",0
0.4,2,"39","V23",0
0.4,2,"39","V24",0
0.4,2,"39","V25",0
0.4,2,"39","V26",0
0.4,2,"39","V27",0
0.4,2,"39","V28",0
0.4,2,"39","V29",0
0.4,2,"39","V30",0
0.4,2,"39","V31",0
0.4,2,"39","V32",0
0.4,2,"39","V33",0
0.4,2,"39","V34",0
0.4,2,"39","V35",0
0.4,2,"39","V36",0
0.4,2,"39","V37",0
0.4,2,"39","V38",0
0.4,2,"39","V39",-1
0.4,2,"39","V40",0
0.4,2,"39","V41",0
0.4,2,"39","V42",0
0.4,2,"39","V43",0
0.4,2,"39","V44",0
0.4,2,"39","V45",0
0.4,2,"39","V46",0
0.4,2,"39","V47",0
0.4,2,"39","V48",0
0.4,2,"39","V49",0
0.4,2,"39","V50",0
0.4,2,"39","V51",0
0.4,2,"39","V52",0
0.4,2,"39","V53",0
0.4,2,"39","V54",0
0.4,2,"39","V55",0
0.4,2,"39","V56",0
0.4,2,"39","V57",0
0.4,2,"39","V58",0
0.4,2,"39","V59",0
0.4,2,"39","V60",0
0.4,2,"39","V61",0
0.4,2,"39","V62",0
0.4,2,"39","V63",0
0.4,2,"39","V64",0
0.4,2,"39","V65",0
0.4,2,"39","V66",0
0.4,2,"39","V67",0
0.4,2,"39","V68",0
0.4,2,"39","V69",0
0.4,2,"39","V70",0
0.4,2,"39","V71",0
0.4,2,"39","V72",0
0.4,2,"39","V73",0
0.4,2,"39","V74",0
0.4,2,"39","V75",0
0.4,2,"39","V76",0
0.4,2,"39","V77",0
0.4,2,"39","V78",0
0.4,2,"39","V79",0
0.4,2,"39","V80",0
0.4,2,"39","V81",0
0.4,2,"39","V82",0
0.4,2,"39","V83",0
0.4,2,"39","V84",0
0.4,2,"39","V85",0
0.4,2,"39","V86",0
0.4,2,"39","V87",0
0.4,2,"39","V88",0
0.4,2,"39","V89",0
0.4,2,"39","V90",0
0.4,2,"40","V1",0
0.4,2,"40","V2",0
0.4,2,"40","V3",0
0.4,2,"40","V4",0
0.4,2,"40","V5",0
0.4,2,"40","V6",0
0.4,2,"40","V7",0
0.4,2,"40","V8",0
0.4,2,"40","V9",0
0.4,2,"40","V10",0
0.4,2,"40","V11",0
0.4,2,"40","V12",0
0.4,2,"40","V13",0
0.4,2,"40","V14",0
0.4,2,"40","V15",0
0.4,2,"40","V16",0
0.4,2,"40","V17",0
0.4,2,"40","V18",0
0.4,2,"40","V19",0
0.4,2,"40","V20",0
0.4,2,"40","V21",0
0.4,2,"40","V22",0
0.4,2,"40","V23",0
0.4,2,"40","V24",0
0.4,2,"40","V25",0
0.4,2,"40","V26",0
0.4,2,"40","V27",0
0.4,2,"40","V28",0
0.4,2,"40","V29",0
0.4,2,"40","V30",0
0.4,2,"40","V31",0
0.4,2,"40","V32",0
0.4,2,"40","V33",0
0.4,2,"40","V34",0
0.4,2,"40","V35",0
0.4,2,"40","V36",0
0.4,2,"40","V37",0
0.4,2,"40","V38",0
0.4,2,"40","V39",0
0.4,2,"40","V40",-1
0.4,2,"40","V41",0
0.4,2,"40","V42",0
0.4,2,"40","V43",0
0.4,2,"40","V44",0
0.4,2,"40","V45",0
0.4,2,"40","V46",0
0.4,2,"40","V47",0
0.4,2,"40","V48",0
0.4,2,"40","V49",0
0.4,2,"40","V50",0
0.4,2,"40","V51",0
0.4,2,"40","V52",0
0.4,2,"40","V53",0
0.4,2,"40","V54",0
0.4,2,"40","V55",0
0.4,2,"40","V56",0
0.4,2,"40","V57",0
0.4,2,"40","V58",0
0.4,2,"40","V59",0
0.4,2,"40","V60",0
0.4,2,"40","V61",0
0.4,2,"40","V62",0
0.4,2,"40","V63",0
0.4,2,"40","V64",0
0.4,2,"40","V65",0
0.4,2,"40","V66",0
0.4,2,"40","V67",0
0.4,2,"40","V68",0
0.4,2,"40","V69",0
0.4,2,"40","V70",0
0.4,2,"40","V71",0
0.4,2,"40","V72",0
0.4,2,"40","V73",0
0.4,2,"40","V74",0
0.4,2,"40","V75",0
0.4,2,"40","V76",0
0.4,2,"40","V77",0
0.4,2,"40","V78",0
0.4,2,"40","V79",0
0.4,2,"40","V80",0
0.4,2,"40","V81",0
0.4,2,"40","V82",0
0.4,2,"40","V83",0
0.4,2,"40","V84",0
0.4,2,"40","V85",0
0.4,2,"40","V86",0
0.4,2,"40","V87",0
0.4,2,"40","V88",0
0.4,2,"40","V89",0
0.4,2,"40","V90",0
0.4,2,"41","V1",0
0.4,2,"41","V2",0
0.4,2,"41","V3",0
0.4,2,"41","V4",0
0.4,2,"41","V5",0
0.4,2,"41","V6",0
0.4,2,"41","V7",0
0.4,2,"41","V8",0
0.4,2,"41","V9",0
0.4,2,"41","V10",0
0.4,2,"41","V11",0
0.4,2,"41","V12",0
0.4,2,"41","V13",0
0.4,2,"41","V14",0
0.4,2,"41","V15",0
0.4,2,"41","V16",0
0.4,2,"41","V17",0
0.4,2,"41","V18",0
0.4,2,"41","V19",0
0.4,2,"41","V20",0
0.4,2,"41","V21",0
0.4,2,"41","V22",0
0.4,2,"41","V23",0
0.4,2,"41","V24",0
0.4,2,"41","V25",0
0.4,2,"41","V26",0
0.4,2,"41","V27",0
0.4,2,"41","V28",0
0.4,2,"41","V29",0
0.4,2,"41","V30",0
0.4,2,"41","V31",0
0.4,2,"41","V32",0
0.4,2,"41","V33",0
0.4,2,"41","V34",0
0.4,2,"41","V35",0
0.4,2,"41","V36",0
0.4,2,"41","V37",0
0.4,2,"41","V38",0
0.4,2,"41","V39",0.0432803520118604
0.4,2,"41","V40",0
0.4,2,"41","V41",-1
0.4,2,"41","V42",0
0.4,2,"41","V43",0
0.4,2,"41","V44",0
0.4,2,"41","V45",0
0.4,2,"41","V46",0
0.4,2,"41","V47",0
0.4,2,"41","V48",0
0.4,2,"41","V49",0
0.4,2,"41","V50",0
0.4,2,"41","V51",0
0.4,2,"41","V52",0
0.4,2,"41","V53",0
0.4,2,"41","V54",0
0.4,2,"41","V55",0
0.4,2,"41","V56",0
0.4,2,"41","V57",0
0.4,2,"41","V58",0
0.4,2,"41","V59",0
0.4,2,"41","V60",0
0.4,2,"41","V61",0
0.4,2,"41","V62",0
0.4,2,"41","V63",0
0.4,2,"41","V64",0
0.4,2,"41","V65",0
0.4,2,"41","V66",0
0.4,2,"41","V67",0
0.4,2,"41","V68",0
0.4,2,"41","V69",0
0.4,2,"41","V70",0
0.4,2,"41","V71",0
0.4,2,"41","V72",0
0.4,2,"41","V73",0
0.4,2,"41","V74",0
0.4,2,"41","V75",0
0.4,2,"41","V76",0
0.4,2,"41","V77",0
0.4,2,"41","V78",0
0.4,2,"41","V79",0
0.4,2,"41","V80",0
0.4,2,"41","V81",0
0.4,2,"41","V82",0
0.4,2,"41","V83",0
0.4,2,"41","V84",0
0.4,2,"41","V85",0
0.4,2,"41","V86",0
0.4,2,"41","V87",0
0.4,2,"41","V88",1.22939644910846
0.4,2,"41","V89",0.748404635836433
0.4,2,"41","V90",0
0.4,2,"42","V1",0
0.4,2,"42","V2",0
0.4,2,"42","V3",0
0.4,2,"42","V4",0
0.4,2,"42","V5",0
0.4,2,"42","V6",0
0.4,2,"42","V7",0
0.4,2,"42","V8",0
0.4,2,"42","V9",0
0.4,2,"42","V10",0
0.4,2,"42","V11",0
0.4,2,"42","V12",0
0.4,2,"42","V13",0
0.4,2,"42","V14",0
0.4,2,"42","V15",0
0.4,2,"42","V16",0
0.4,2,"42","V17",0
0.4,2,"42","V18",0
0.4,2,"42","V19",0
0.4,2,"42","V20",0
0.4,2,"42","V21",0
0.4,2,"42","V22",0
0.4,2,"42","V23",0
0.4,2,"42","V24",0
0.4,2,"42","V25",0
0.4,2,"42","V26",0
0.4,2,"42","V27",0
0.4,2,"42","V28",0
0.4,2,"42","V29",0
0.4,2,"42","V30",0
0.4,2,"42","V31",0
0.4,2,"42","V32",0
0.4,2,"42","V33",0
0.4,2,"42","V34",0
0.4,2,"42","V35",0
0.4,2,"42","V36",0
0.4,2,"42","V37",0
0.4,2,"42","V38",0
0.4,2,"42","V39",0
0.4,2,"42","V40",0
0.4,2,"42","V41",0
0.4,2,"42","V42",-1
0.4,2,"42","V43",0
0.4,2,"42","V44",0
0.4,2,"42","V45",0
0.4,2,"42","V46",0
0.4,2,"42","V47",0
0.4,2,"42","V48",0
0.4,2,"42","V49",0
0.4,2,"42","V50",0
0.4,2,"42","V51",0
0.4,2,"42","V52",0
0.4,2,"42","V53",0
0.4,2,"42","V54",0
0.4,2,"42","V55",0
0.4,2,"42","V56",0
0.4,2,"42","V57",0
0.4,2,"42","V58",0
0.4,2,"42","V59",0
0.4,2,"42","V60",0
0.4,2,"42","V61",0
0.4,2,"42","V62",0
0.4,2,"42","V63",0
0.4,2,"42","V64",0
0.4,2,"42","V65",0
0.4,2,"42","V66",0
0.4,2,"42","V67",0
0.4,2,"42","V68",0
0.4,2,"42","V69",0
0.4,2,"42","V70",0
0.4,2,"42","V71",0
0.4,2,"42","V72",0
0.4,2,"42","V73",0
0.4,2,"42","V74",0
0.4,2,"42","V75",0
0.4,2,"42","V76",0
0.4,2,"42","V77",0
0.4,2,"42","V78",0
0.4,2,"42","V79",0
0.4,2,"42","V80",0
0.4,2,"42","V81",0
0.4,2,"42","V82",0
0.4,2,"42","V83",0
0.4,2,"42","V84",0
0.4,2,"42","V85",0
0.4,2,"42","V86",0
0.4,2,"42","V87",0
0.4,2,"42","V88",0
0.4,2,"42","V89",0
0.4,2,"42","V90",0
0.4,2,"43","V1",0
0.4,2,"43","V2",0
0.4,2,"43","V3",0
0.4,2,"43","V4",0
0.4,2,"43","V5",0
0.4,2,"43","V6",0
0.4,2,"43","V7",0
0.4,2,"43","V8",0
0.4,2,"43","V9",0
0.4,2,"43","V10",0
0.4,2,"43","V11",0
0.4,2,"43","V12",0
0.4,2,"43","V13",0
0.4,2,"43","V14",0
0.4,2,"43","V15",0
0.4,2,"43","V16",0
0.4,2,"43","V17",0
0.4,2,"43","V18",0
0.4,2,"43","V19",0
0.4,2,"43","V20",0
0.4,2,"43","V21",0
0.4,2,"43","V22",0
0.4,2,"43","V23",0
0.4,2,"43","V24",0
0.4,2,"43","V25",0
0.4,2,"43","V26",0
0.4,2,"43","V27",0
0.4,2,"43","V28",0
0.4,2,"43","V29",0
0.4,2,"43","V30",0
0.4,2,"43","V31",0
0.4,2,"43","V32",0
0.4,2,"43","V33",0
0.4,2,"43","V34",0
0.4,2,"43","V35",0
0.4,2,"43","V36",0
0.4,2,"43","V37",0
0.4,2,"43","V38",0
0.4,2,"43","V39",0
0.4,2,"43","V40",0
0.4,2,"43","V41",0
0.4,2,"43","V42",0
0.4,2,"43","V43",-1
0.4,2,"43","V44",0
0.4,2,"43","V45",0
0.4,2,"43","V46",0
0.4,2,"43","V47",0.0187475959021014
0.4,2,"43","V48",0.0107278347206903
0.4,2,"43","V49",0
0.4,2,"43","V50",0
0.4,2,"43","V51",0
0.4,2,"43","V52",0.00384656588013401
0.4,2,"43","V53",0
0.4,2,"43","V54",0
0.4,2,"43","V55",0
0.4,2,"43","V56",0
0.4,2,"43","V57",0
0.4,2,"43","V58",0
0.4,2,"43","V59",0
0.4,2,"43","V60",0
0.4,2,"43","V61",0
0.4,2,"43","V62",0
0.4,2,"43","V63",0
0.4,2,"43","V64",0
0.4,2,"43","V65",0
0.4,2,"43","V66",0
0.4,2,"43","V67",0
0.4,2,"43","V68",0
0.4,2,"43","V69",0
0.4,2,"43","V70",0
0.4,2,"43","V71",0
0.4,2,"43","V72",0
0.4,2,"43","V73",0
0.4,2,"43","V74",0
0.4,2,"43","V75",0
0.4,2,"43","V76",0
0.4,2,"43","V77",0
0.4,2,"43","V78",0
0.4,2,"43","V79",0
0.4,2,"43","V80",0
0.4,2,"43","V81",0
0.4,2,"43","V82",0
0.4,2,"43","V83",0.0219493661713446
0.4,2,"43","V84",0
0.4,2,"43","V85",0
0.4,2,"43","V86",0
0.4,2,"43","V87",0
0.4,2,"43","V88",0
0.4,2,"43","V89",0
0.4,2,"43","V90",0
0.4,2,"44","V1",0
0.4,2,"44","V2",0
0.4,2,"44","V3",0
0.4,2,"44","V4",0
0.4,2,"44","V5",0
0.4,2,"44","V6",0
0.4,2,"44","V7",0
0.4,2,"44","V8",0
0.4,2,"44","V9",0
0.4,2,"44","V10",0
0.4,2,"44","V11",0
0.4,2,"44","V12",0
0.4,2,"44","V13",0
0.4,2,"44","V14",0
0.4,2,"44","V15",0
0.4,2,"44","V16",0
0.4,2,"44","V17",0
0.4,2,"44","V18",0
0.4,2,"44","V19",0
0.4,2,"44","V20",0
0.4,2,"44","V21",0
0.4,2,"44","V22",0
0.4,2,"44","V23",0
0.4,2,"44","V24",0
0.4,2,"44","V25",0
0.4,2,"44","V26",0
0.4,2,"44","V27",0
0.4,2,"44","V28",0
0.4,2,"44","V29",0
0.4,2,"44","V30",0
0.4,2,"44","V31",0
0.4,2,"44","V32",0
0.4,2,"44","V33",0
0.4,2,"44","V34",0
0.4,2,"44","V35",0
0.4,2,"44","V36",0
0.4,2,"44","V37",0
0.4,2,"44","V38",0
0.4,2,"44","V39",0
0.4,2,"44","V40",0
0.4,2,"44","V41",0
0.4,2,"44","V42",0
0.4,2,"44","V43",0
0.4,2,"44","V44",-1
0.4,2,"44","V45",0
0.4,2,"44","V46",0
0.4,2,"44","V47",0
0.4,2,"44","V48",0
0.4,2,"44","V49",0
0.4,2,"44","V50",0
0.4,2,"44","V51",0
0.4,2,"44","V52",0
0.4,2,"44","V53",0
0.4,2,"44","V54",0
0.4,2,"44","V55",0
0.4,2,"44","V56",0
0.4,2,"44","V57",0
0.4,2,"44","V58",0
0.4,2,"44","V59",0
0.4,2,"44","V60",0
0.4,2,"44","V61",0
0.4,2,"44","V62",0
0.4,2,"44","V63",0
0.4,2,"44","V64",0
0.4,2,"44","V65",0
0.4,2,"44","V66",0
0.4,2,"44","V67",0
0.4,2,"44","V68",0
0.4,2,"44","V69",0
0.4,2,"44","V70",0
0.4,2,"44","V71",0
0.4,2,"44","V72",0
0.4,2,"44","V73",0
0.4,2,"44","V74",0
0.4,2,"44","V75",0
0.4,2,"44","V76",0
0.4,2,"44","V77",0
0.4,2,"44","V78",0
0.4,2,"44","V79",0
0.4,2,"44","V80",0
0.4,2,"44","V81",0
0.4,2,"44","V82",0
0.4,2,"44","V83",0
0.4,2,"44","V84",0
0.4,2,"44","V85",0
0.4,2,"44","V86",0
0.4,2,"44","V87",0
0.4,2,"44","V88",0
0.4,2,"44","V89",0
0.4,2,"44","V90",0
0.4,2,"45","V1",0
0.4,2,"45","V2",0
0.4,2,"45","V3",0
0.4,2,"45","V4",0
0.4,2,"45","V5",0
0.4,2,"45","V6",0
0.4,2,"45","V7",0
0.4,2,"45","V8",0
0.4,2,"45","V9",0
0.4,2,"45","V10",0
0.4,2,"45","V11",0
0.4,2,"45","V12",0
0.4,2,"45","V13",0
0.4,2,"45","V14",0
0.4,2,"45","V15",0
0.4,2,"45","V16",0
0.4,2,"45","V17",0
0.4,2,"45","V18",0
0.4,2,"45","V19",0
0.4,2,"45","V20",0
0.4,2,"45","V21",0
0.4,2,"45","V22",0
0.4,2,"45","V23",0
0.4,2,"45","V24",0
0.4,2,"45","V25",0
0.4,2,"45","V26",0
0.4,2,"45","V27",0
0.4,2,"45","V28",0
0.4,2,"45","V29",0
0.4,2,"45","V30",0
0.4,2,"45","V31",0
0.4,2,"45","V32",0
0.4,2,"45","V33",0
0.4,2,"45","V34",0
0.4,2,"45","V35",0
0.4,2,"45","V36",0
0.4,2,"45","V37",0
0.4,2,"45","V38",0
0.4,2,"45","V39",0
0.4,2,"45","V40",0
0.4,2,"45","V41",0
0.4,2,"45","V42",0
0.4,2,"45","V43",0
0.4,2,"45","V44",0
0.4,2,"45","V45",-1
0.4,2,"45","V46",0
0.4,2,"45","V47",0
0.4,2,"45","V48",0
0.4,2,"45","V49",0
0.4,2,"45","V50",0
0.4,2,"45","V51",0
0.4,2,"45","V52",0
0.4,2,"45","V53",0
0.4,2,"45","V54",0
0.4,2,"45","V55",0
0.4,2,"45","V56",0
0.4,2,"45","V57",0
0.4,2,"45","V58",0
0.4,2,"45","V59",0
0.4,2,"45","V60",0
0.4,2,"45","V61",0
0.4,2,"45","V62",0
0.4,2,"45","V63",0
0.4,2,"45","V64",0
0.4,2,"45","V65",0
0.4,2,"45","V66",0
0.4,2,"45","V67",0
0.4,2,"45","V68",0
0.4,2,"45","V69",0
0.4,2,"45","V70",0
0.4,2,"45","V71",0
0.4,2,"45","V72",0
0.4,2,"45","V73",0
0.4,2,"45","V74",0
0.4,2,"45","V75",0
0.4,2,"45","V76",0
0.4,2,"45","V77",0
0.4,2,"45","V78",0
0.4,2,"45","V79",0
0.4,2,"45","V80",0
0.4,2,"45","V81",0
0.4,2,"45","V82",0
0.4,2,"45","V83",0
0.4,2,"45","V84",0
0.4,2,"45","V85",0
0.4,2,"45","V86",0
0.4,2,"45","V87",0
0.4,2,"45","V88",0
0.4,2,"45","V89",0
0.4,2,"45","V90",0
0.4,2,"46","V1",0
0.4,2,"46","V2",0
0.4,2,"46","V3",0
0.4,2,"46","V4",0
0.4,2,"46","V5",0
0.4,2,"46","V6",0
0.4,2,"46","V7",0
0.4,2,"46","V8",0
0.4,2,"46","V9",0
0.4,2,"46","V10",0
0.4,2,"46","V11",0
0.4,2,"46","V12",0
0.4,2,"46","V13",0
0.4,2,"46","V14",0
0.4,2,"46","V15",0
0.4,2,"46","V16",0
0.4,2,"46","V17",0
0.4,2,"46","V18",0
0.4,2,"46","V19",0
0.4,2,"46","V20",0
0.4,2,"46","V21",0
0.4,2,"46","V22",0
0.4,2,"46","V23",0
0.4,2,"46","V24",0
0.4,2,"46","V25",0
0.4,2,"46","V26",0
0.4,2,"46","V27",0
0.4,2,"46","V28",0
0.4,2,"46","V29",0
0.4,2,"46","V30",0
0.4,2,"46","V31",0
0.4,2,"46","V32",0
0.4,2,"46","V33",0
0.4,2,"46","V34",0
0.4,2,"46","V35",0
0.4,2,"46","V36",0
0.4,2,"46","V37",0
0.4,2,"46","V38",0
0.4,2,"46","V39",0
0.4,2,"46","V40",0
0.4,2,"46","V41",0
0.4,2,"46","V42",0
0.4,2,"46","V43",0
0.4,2,"46","V44",0
0.4,2,"46","V45",0
0.4,2,"46","V46",-1
0.4,2,"46","V47",0
0.4,2,"46","V48",0
0.4,2,"46","V49",0
0.4,2,"46","V50",0
0.4,2,"46","V51",0
0.4,2,"46","V52",0
0.4,2,"46","V53",0
0.4,2,"46","V54",0
0.4,2,"46","V55",0
0.4,2,"46","V56",0
0.4,2,"46","V57",0
0.4,2,"46","V58",0
0.4,2,"46","V59",0
0.4,2,"46","V60",0
0.4,2,"46","V61",0
0.4,2,"46","V62",0
0.4,2,"46","V63",0
0.4,2,"46","V64",0
0.4,2,"46","V65",0
0.4,2,"46","V66",0
0.4,2,"46","V67",0
0.4,2,"46","V68",0
0.4,2,"46","V69",0
0.4,2,"46","V70",0
0.4,2,"46","V71",0
0.4,2,"46","V72",0
0.4,2,"46","V73",0
0.4,2,"46","V74",0
0.4,2,"46","V75",0
0.4,2,"46","V76",0
0.4,2,"46","V77",0
0.4,2,"46","V78",0
0.4,2,"46","V79",0
0.4,2,"46","V80",0
0.4,2,"46","V81",0
0.4,2,"46","V82",0
0.4,2,"46","V83",0
0.4,2,"46","V84",0
0.4,2,"46","V85",0
0.4,2,"46","V86",0
0.4,2,"46","V87",0
0.4,2,"46","V88",0
0.4,2,"46","V89",0
0.4,2,"46","V90",0
0.4,2,"47","V1",0
0.4,2,"47","V2",0
0.4,2,"47","V3",0
0.4,2,"47","V4",0
0.4,2,"47","V5",0
0.4,2,"47","V6",0
0.4,2,"47","V7",0
0.4,2,"47","V8",0
0.4,2,"47","V9",0
0.4,2,"47","V10",0
0.4,2,"47","V11",0
0.4,2,"47","V12",0
0.4,2,"47","V13",0
0.4,2,"47","V14",0
0.4,2,"47","V15",0
0.4,2,"47","V16",0
0.4,2,"47","V17",0
0.4,2,"47","V18",0
0.4,2,"47","V19",0
0.4,2,"47","V20",0
0.4,2,"47","V21",0
0.4,2,"47","V22",0
0.4,2,"47","V23",0
0.4,2,"47","V24",0
0.4,2,"47","V25",0
0.4,2,"47","V26",0
0.4,2,"47","V27",0
0.4,2,"47","V28",0
0.4,2,"47","V29",0
0.4,2,"47","V30",0
0.4,2,"47","V31",0
0.4,2,"47","V32",0
0.4,2,"47","V33",0
0.4,2,"47","V34",0
0.4,2,"47","V35",0
0.4,2,"47","V36",0
0.4,2,"47","V37",0
0.4,2,"47","V38",0
0.4,2,"47","V39",0
0.4,2,"47","V40",0
0.4,2,"47","V41",0
0.4,2,"47","V42",0
0.4,2,"47","V43",0
0.4,2,"47","V44",0.119656507777346
0.4,2,"47","V45",0
0.4,2,"47","V46",0
0.4,2,"47","V47",-1
0.4,2,"47","V48",0.00820262391667029
0.4,2,"47","V49",0
0.4,2,"47","V50",0
0.4,2,"47","V51",0
0.4,2,"47","V52",0.0143820529098528
0.4,2,"47","V53",0
0.4,2,"47","V54",0
0.4,2,"47","V55",0
0.4,2,"47","V56",0
0.4,2,"47","V57",0
0.4,2,"47","V58",0
0.4,2,"47","V59",0
0.4,2,"47","V60",0
0.4,2,"47","V61",0
0.4,2,"47","V62",0.00983024443853591
0.4,2,"47","V63",0
0.4,2,"47","V64",0
0.4,2,"47","V65",0
0.4,2,"47","V66",0
0.4,2,"47","V67",0
0.4,2,"47","V68",0
0.4,2,"47","V69",0
0.4,2,"47","V70",0
0.4,2,"47","V71",0
0.4,2,"47","V72",0
0.4,2,"47","V73",0
0.4,2,"47","V74",0
0.4,2,"47","V75",0
0.4,2,"47","V76",0
0.4,2,"47","V77",0
0.4,2,"47","V78",0
0.4,2,"47","V79",0
0.4,2,"47","V80",0
0.4,2,"47","V81",0
0.4,2,"47","V82",0
0.4,2,"47","V83",0
0.4,2,"47","V84",0
0.4,2,"47","V85",0
0.4,2,"47","V86",0
0.4,2,"47","V87",0
0.4,2,"47","V88",0
0.4,2,"47","V89",0
0.4,2,"47","V90",0
0.4,2,"48","V1",0
0.4,2,"48","V2",0
0.4,2,"48","V3",0
0.4,2,"48","V4",0
0.4,2,"48","V5",0
0.4,2,"48","V6",0
0.4,2,"48","V7",0
0.4,2,"48","V8",0
0.4,2,"48","V9",0
0.4,2,"48","V10",0
0.4,2,"48","V11",0
0.4,2,"48","V12",0
0.4,2,"48","V13",0
0.4,2,"48","V14",0
0.4,2,"48","V15",0
0.4,2,"48","V16",0
0.4,2,"48","V17",0
0.4,2,"48","V18",0
0.4,2,"48","V19",0
0.4,2,"48","V20",0
0.4,2,"48","V21",0
0.4,2,"48","V22",0
0.4,2,"48","V23",0
0.4,2,"48","V24",0
0.4,2,"48","V25",0
0.4,2,"48","V26",0
0.4,2,"48","V27",0
0.4,2,"48","V28",0
0.4,2,"48","V29",0
0.4,2,"48","V30",0
0.4,2,"48","V31",0
0.4,2,"48","V32",0
0.4,2,"48","V33",0
0.4,2,"48","V34",0
0.4,2,"48","V35",0
0.4,2,"48","V36",0
0.4,2,"48","V37",0
0.4,2,"48","V38",0
0.4,2,"48","V39",0
0.4,2,"48","V40",0
0.4,2,"48","V41",0
0.4,2,"48","V42",0
0.4,2,"48","V43",0
0.4,2,"48","V44",0
0.4,2,"48","V45",0
0.4,2,"48","V46",0
0.4,2,"48","V47",0
0.4,2,"48","V48",-1
0.4,2,"48","V49",0
0.4,2,"48","V50",0
0.4,2,"48","V51",0
0.4,2,"48","V52",0
0.4,2,"48","V53",0
0.4,2,"48","V54",0
0.4,2,"48","V55",0
0.4,2,"48","V56",0
0.4,2,"48","V57",0
0.4,2,"48","V58",0
0.4,2,"48","V59",0
0.4,2,"48","V60",0
0.4,2,"48","V61",0
0.4,2,"48","V62",0
0.4,2,"48","V63",0
0.4,2,"48","V64",0
0.4,2,"48","V65",0
0.4,2,"48","V66",0
0.4,2,"48","V67",0
0.4,2,"48","V68",0
0.4,2,"48","V69",0
0.4,2,"48","V70",0
0.4,2,"48","V71",0
0.4,2,"48","V72",0
0.4,2,"48","V73",0
0.4,2,"48","V74",0
0.4,2,"48","V75",0
0.4,2,"48","V76",0
0.4,2,"48","V77",0
0.4,2,"48","V78",0
0.4,2,"48","V79",0
0.4,2,"48","V80",0
0.4,2,"48","V81",0
0.4,2,"48","V82",0
0.4,2,"48","V83",0
0.4,2,"48","V84",0
0.4,2,"48","V85",0
0.4,2,"48","V86",0
0.4,2,"48","V87",0
0.4,2,"48","V88",0
0.4,2,"48","V89",0
0.4,2,"48","V90",0
0.4,2,"49","V1",0
0.4,2,"49","V2",0
0.4,2,"49","V3",0
0.4,2,"49","V4",0
0.4,2,"49","V5",0
0.4,2,"49","V6",0
0.4,2,"49","V7",0
0.4,2,"49","V8",0
0.4,2,"49","V9",0
0.4,2,"49","V10",0
0.4,2,"49","V11",0
0.4,2,"49","V12",0
0.4,2,"49","V13",0
0.4,2,"49","V14",0
0.4,2,"49","V15",0
0.4,2,"49","V16",0
0.4,2,"49","V17",0
0.4,2,"49","V18",0
0.4,2,"49","V19",0
0.4,2,"49","V20",0
0.4,2,"49","V21",0
0.4,2,"49","V22",0
0.4,2,"49","V23",0
0.4,2,"49","V24",0
0.4,2,"49","V25",0
0.4,2,"49","V26",0
0.4,2,"49","V27",0
0.4,2,"49","V28",0
0.4,2,"49","V29",0
0.4,2,"49","V30",0
0.4,2,"49","V31",0
0.4,2,"49","V32",0
0.4,2,"49","V33",0
0.4,2,"49","V34",0
0.4,2,"49","V35",0
0.4,2,"49","V36",0
0.4,2,"49","V37",0
0.4,2,"49","V38",0
0.4,2,"49","V39",0
0.4,2,"49","V40",0
0.4,2,"49","V41",0
0.4,2,"49","V42",0
0.4,2,"49","V43",0
0.4,2,"49","V44",0
0.4,2,"49","V45",0
0.4,2,"49","V46",0
0.4,2,"49","V47",0
0.4,2,"49","V48",0
0.4,2,"49","V49",-1
0.4,2,"49","V50",0
0.4,2,"49","V51",0
0.4,2,"49","V52",0
0.4,2,"49","V53",0
0.4,2,"49","V54",0
0.4,2,"49","V55",0
0.4,2,"49","V56",0
0.4,2,"49","V57",0
0.4,2,"49","V58",0
0.4,2,"49","V59",0
0.4,2,"49","V60",0
0.4,2,"49","V61",0
0.4,2,"49","V62",0
0.4,2,"49","V63",0
0.4,2,"49","V64",0
0.4,2,"49","V65",0
0.4,2,"49","V66",0
0.4,2,"49","V67",0
0.4,2,"49","V68",0
0.4,2,"49","V69",0
0.4,2,"49","V70",0
0.4,2,"49","V71",0
0.4,2,"49","V72",0
0.4,2,"49","V73",0
0.4,2,"49","V74",0
0.4,2,"49","V75",0
0.4,2,"49","V76",0
0.4,2,"49","V77",0
0.4,2,"49","V78",0
0.4,2,"49","V79",0
0.4,2,"49","V80",0
0.4,2,"49","V81",0
0.4,2,"49","V82",0
0.4,2,"49","V83",0
0.4,2,"49","V84",0
0.4,2,"49","V85",0
0.4,2,"49","V86",0
0.4,2,"49","V87",0
0.4,2,"49","V88",0
0.4,2,"49","V89",0
0.4,2,"49","V90",0
0.4,2,"50","V1",0
0.4,2,"50","V2",0
0.4,2,"50","V3",0
0.4,2,"50","V4",0
0.4,2,"50","V5",0
0.4,2,"50","V6",0
0.4,2,"50","V7",0
0.4,2,"50","V8",0
0.4,2,"50","V9",0
0.4,2,"50","V10",0
0.4,2,"50","V11",0
0.4,2,"50","V12",0
0.4,2,"50","V13",0
0.4,2,"50","V14",0
0.4,2,"50","V15",0
0.4,2,"50","V16",0
0.4,2,"50","V17",0
0.4,2,"50","V18",0
0.4,2,"50","V19",0
0.4,2,"50","V20",0
0.4,2,"50","V21",0
0.4,2,"50","V22",0
0.4,2,"50","V23",0
0.4,2,"50","V24",0
0.4,2,"50","V25",0
0.4,2,"50","V26",0
0.4,2,"50","V27",0
0.4,2,"50","V28",0
0.4,2,"50","V29",0
0.4,2,"50","V30",0
0.4,2,"50","V31",0
0.4,2,"50","V32",0
0.4,2,"50","V33",0
0.4,2,"50","V34",0
0.4,2,"50","V35",0
0.4,2,"50","V36",0
0.4,2,"50","V37",0
0.4,2,"50","V38",0
0.4,2,"50","V39",0
0.4,2,"50","V40",0
0.4,2,"50","V41",0
0.4,2,"50","V42",0
0.4,2,"50","V43",0
0.4,2,"50","V44",0
0.4,2,"50","V45",0
0.4,2,"50","V46",0
0.4,2,"50","V47",0
0.4,2,"50","V48",0
0.4,2,"50","V49",0
0.4,2,"50","V50",-1
0.4,2,"50","V51",0
0.4,2,"50","V52",0
0.4,2,"50","V53",0
0.4,2,"50","V54",0
0.4,2,"50","V55",0
0.4,2,"50","V56",0
0.4,2,"50","V57",0
0.4,2,"50","V58",0
0.4,2,"50","V59",0
0.4,2,"50","V60",0
0.4,2,"50","V61",0
0.4,2,"50","V62",0
0.4,2,"50","V63",0
0.4,2,"50","V64",0
0.4,2,"50","V65",0
0.4,2,"50","V66",0
0.4,2,"50","V67",0
0.4,2,"50","V68",0
0.4,2,"50","V69",0
0.4,2,"50","V70",0
0.4,2,"50","V71",0
0.4,2,"50","V72",0
0.4,2,"50","V73",0
0.4,2,"50","V74",0
0.4,2,"50","V75",0
0.4,2,"50","V76",0
0.4,2,"50","V77",0
0.4,2,"50","V78",0
0.4,2,"50","V79",0
0.4,2,"50","V80",0
0.4,2,"50","V81",0
0.4,2,"50","V82",0
0.4,2,"50","V83",0
0.4,2,"50","V84",0
0.4,2,"50","V85",0
0.4,2,"50","V86",0
0.4,2,"50","V87",0
0.4,2,"50","V88",0
0.4,2,"50","V89",0
0.4,2,"50","V90",0
0.4,2,"51","V1",0
0.4,2,"51","V2",0
0.4,2,"51","V3",0
0.4,2,"51","V4",0
0.4,2,"51","V5",0
0.4,2,"51","V6",0
0.4,2,"51","V7",0
0.4,2,"51","V8",0
0.4,2,"51","V9",0
0.4,2,"51","V10",0
0.4,2,"51","V11",0
0.4,2,"51","V12",0
0.4,2,"51","V13",0
0.4,2,"51","V14",0
0.4,2,"51","V15",0
0.4,2,"51","V16",0
0.4,2,"51","V17",0
0.4,2,"51","V18",0
0.4,2,"51","V19",0
0.4,2,"51","V20",0
0.4,2,"51","V21",0
0.4,2,"51","V22",0
0.4,2,"51","V23",0
0.4,2,"51","V24",0
0.4,2,"51","V25",0
0.4,2,"51","V26",0
0.4,2,"51","V27",0
0.4,2,"51","V28",0
0.4,2,"51","V29",0
0.4,2,"51","V30",0
0.4,2,"51","V31",0
0.4,2,"51","V32",0
0.4,2,"51","V33",0
0.4,2,"51","V34",0
0.4,2,"51","V35",0
0.4,2,"51","V36",0
0.4,2,"51","V37",0
0.4,2,"51","V38",0
0.4,2,"51","V39",0
0.4,2,"51","V40",0
0.4,2,"51","V41",0
0.4,2,"51","V42",0
0.4,2,"51","V43",0
0.4,2,"51","V44",0
0.4,2,"51","V45",0
0.4,2,"51","V46",0
0.4,2,"51","V47",0
0.4,2,"51","V48",0
0.4,2,"51","V49",0
0.4,2,"51","V50",0
0.4,2,"51","V51",-1
0.4,2,"51","V52",0
0.4,2,"51","V53",0
0.4,2,"51","V54",0
0.4,2,"51","V55",0
0.4,2,"51","V56",0
0.4,2,"51","V57",0
0.4,2,"51","V58",0
0.4,2,"51","V59",0
0.4,2,"51","V60",0
0.4,2,"51","V61",0
0.4,2,"51","V62",0
0.4,2,"51","V63",0
0.4,2,"51","V64",0
0.4,2,"51","V65",0
0.4,2,"51","V66",0
0.4,2,"51","V67",0
0.4,2,"51","V68",0
0.4,2,"51","V69",0
0.4,2,"51","V70",0
0.4,2,"51","V71",0
0.4,2,"51","V72",0
0.4,2,"51","V73",0
0.4,2,"51","V74",0
0.4,2,"51","V75",0
0.4,2,"51","V76",0
0.4,2,"51","V77",0
0.4,2,"51","V78",0
0.4,2,"51","V79",0
0.4,2,"51","V80",0
0.4,2,"51","V81",0
0.4,2,"51","V82",0
0.4,2,"51","V83",0
0.4,2,"51","V84",0
0.4,2,"51","V85",0
0.4,2,"51","V86",0
0.4,2,"51","V87",0
0.4,2,"51","V88",0
0.4,2,"51","V89",0
0.4,2,"51","V90",0
0.4,2,"52","V1",0
0.4,2,"52","V2",0
0.4,2,"52","V3",0
0.4,2,"52","V4",0
0.4,2,"52","V5",0
0.4,2,"52","V6",0
0.4,2,"52","V7",0
0.4,2,"52","V8",0
0.4,2,"52","V9",0
0.4,2,"52","V10",0
0.4,2,"52","V11",0
0.4,2,"52","V12",0
0.4,2,"52","V13",0
0.4,2,"52","V14",0
0.4,2,"52","V15",0
0.4,2,"52","V16",0
0.4,2,"52","V17",0
0.4,2,"52","V18",0
0.4,2,"52","V19",0
0.4,2,"52","V20",0
0.4,2,"52","V21",0
0.4,2,"52","V22",0
0.4,2,"52","V23",0
0.4,2,"52","V24",0
0.4,2,"52","V25",0
0.4,2,"52","V26",0
0.4,2,"52","V27",0
0.4,2,"52","V28",0
0.4,2,"52","V29",0
0.4,2,"52","V30",0
0.4,2,"52","V31",0
0.4,2,"52","V32",0
0.4,2,"52","V33",0
0.4,2,"52","V34",0
0.4,2,"52","V35",0
0.4,2,"52","V36",0
0.4,2,"52","V37",0
0.4,2,"52","V38",0
0.4,2,"52","V39",0
0.4,2,"52","V40",0
0.4,2,"52","V41",0
0.4,2,"52","V42",0
0.4,2,"52","V43",0
0.4,2,"52","V44",0
0.4,2,"52","V45",0
0.4,2,"52","V46",0
0.4,2,"52","V47",0
0.4,2,"52","V48",0
0.4,2,"52","V49",0
0.4,2,"52","V50",0
0.4,2,"52","V51",0
0.4,2,"52","V52",-1
0.4,2,"52","V53",0
0.4,2,"52","V54",0
0.4,2,"52","V55",0
0.4,2,"52","V56",0
0.4,2,"52","V57",0
0.4,2,"52","V58",0
0.4,2,"52","V59",0
0.4,2,"52","V60",0
0.4,2,"52","V61",0
0.4,2,"52","V62",0
0.4,2,"52","V63",0
0.4,2,"52","V64",0
0.4,2,"52","V65",0
0.4,2,"52","V66",0
0.4,2,"52","V67",0
0.4,2,"52","V68",0
0.4,2,"52","V69",0
0.4,2,"52","V70",0
0.4,2,"52","V71",0
0.4,2,"52","V72",0
0.4,2,"52","V73",0
0.4,2,"52","V74",0
0.4,2,"52","V75",0
0.4,2,"52","V76",0
0.4,2,"52","V77",0
0.4,2,"52","V78",0
0.4,2,"52","V79",0
0.4,2,"52","V80",0
0.4,2,"52","V81",0
0.4,2,"52","V82",0
0.4,2,"52","V83",0
0.4,2,"52","V84",0
0.4,2,"52","V85",0
0.4,2,"52","V86",0
0.4,2,"52","V87",0
0.4,2,"52","V88",0
0.4,2,"52","V89",0
0.4,2,"52","V90",0
0.4,2,"53","V1",0
0.4,2,"53","V2",0
0.4,2,"53","V3",0
0.4,2,"53","V4",0
0.4,2,"53","V5",0
0.4,2,"53","V6",0
0.4,2,"53","V7",0
0.4,2,"53","V8",0.20943247425414
0.4,2,"53","V9",1.08945999984158
0.4,2,"53","V10",0
0.4,2,"53","V11",0
0.4,2,"53","V12",0
0.4,2,"53","V13",0
0.4,2,"53","V14",0
0.4,2,"53","V15",0
0.4,2,"53","V16",0
0.4,2,"53","V17",0
0.4,2,"53","V18",0
0.4,2,"53","V19",0
0.4,2,"53","V20",0
0.4,2,"53","V21",0
0.4,2,"53","V22",0
0.4,2,"53","V23",0
0.4,2,"53","V24",0
0.4,2,"53","V25",0
0.4,2,"53","V26",0
0.4,2,"53","V27",0
0.4,2,"53","V28",-0.0626244051536865
0.4,2,"53","V29",0
0.4,2,"53","V30",0
0.4,2,"53","V31",0
0.4,2,"53","V32",0
0.4,2,"53","V33",-14.6938982375803
0.4,2,"53","V34",0
0.4,2,"53","V35",0
0.4,2,"53","V36",0
0.4,2,"53","V37",0
0.4,2,"53","V38",0
0.4,2,"53","V39",0
0.4,2,"53","V40",0
0.4,2,"53","V41",0
0.4,2,"53","V42",0
0.4,2,"53","V43",0
0.4,2,"53","V44",0
0.4,2,"53","V45",-4.90699583757915
0.4,2,"53","V46",0
0.4,2,"53","V47",0
0.4,2,"53","V48",0
0.4,2,"53","V49",0
0.4,2,"53","V50",0
0.4,2,"53","V51",0
0.4,2,"53","V52",0
0.4,2,"53","V53",-1
0.4,2,"53","V54",0
0.4,2,"53","V55",0
0.4,2,"53","V56",0.0287716779727975
0.4,2,"53","V57",0
0.4,2,"53","V58",0
0.4,2,"53","V59",0
0.4,2,"53","V60",0
0.4,2,"53","V61",0
0.4,2,"53","V62",0
0.4,2,"53","V63",0
0.4,2,"53","V64",0
0.4,2,"53","V65",0
0.4,2,"53","V66",0
0.4,2,"53","V67",0
0.4,2,"53","V68",0
0.4,2,"53","V69",0
0.4,2,"53","V70",0
0.4,2,"53","V71",0
0.4,2,"53","V72",0
0.4,2,"53","V73",0
0.4,2,"53","V74",0
0.4,2,"53","V75",0
0.4,2,"53","V76",0
0.4,2,"53","V77",0
0.4,2,"53","V78",0
0.4,2,"53","V79",0
0.4,2,"53","V80",0
0.4,2,"53","V81",0
0.4,2,"53","V82",0
0.4,2,"53","V83",0
0.4,2,"53","V84",0
0.4,2,"53","V85",0
0.4,2,"53","V86",0
0.4,2,"53","V87",0.0419764413402834
0.4,2,"53","V88",0
0.4,2,"53","V89",0
0.4,2,"53","V90",0
0.4,2,"54","V1",0
0.4,2,"54","V2",0
0.4,2,"54","V3",1.36236913262295
0.4,2,"54","V4",0
0.4,2,"54","V5",0
0.4,2,"54","V6",0
0.4,2,"54","V7",0
0.4,2,"54","V8",0
0.4,2,"54","V9",0
0.4,2,"54","V10",0
0.4,2,"54","V11",0
0.4,2,"54","V12",0
0.4,2,"54","V13",0
0.4,2,"54","V14",0
0.4,2,"54","V15",0
0.4,2,"54","V16",0
0.4,2,"54","V17",0
0.4,2,"54","V18",0
0.4,2,"54","V19",0
0.4,2,"54","V20",0
0.4,2,"54","V21",0
0.4,2,"54","V22",0
0.4,2,"54","V23",0
0.4,2,"54","V24",0
0.4,2,"54","V25",0
0.4,2,"54","V26",1.04654956201514
0.4,2,"54","V27",0
0.4,2,"54","V28",0
0.4,2,"54","V29",0
0.4,2,"54","V30",0
0.4,2,"54","V31",0
0.4,2,"54","V32",0
0.4,2,"54","V33",0
0.4,2,"54","V34",0
0.4,2,"54","V35",0
0.4,2,"54","V36",0
0.4,2,"54","V37",0
0.4,2,"54","V38",0
0.4,2,"54","V39",0
0.4,2,"54","V40",0
0.4,2,"54","V41",0
0.4,2,"54","V42",0
0.4,2,"54","V43",0
0.4,2,"54","V44",0
0.4,2,"54","V45",0
0.4,2,"54","V46",0
0.4,2,"54","V47",0
0.4,2,"54","V48",0
0.4,2,"54","V49",0
0.4,2,"54","V50",0.362234887331695
0.4,2,"54","V51",0
0.4,2,"54","V52",0
0.4,2,"54","V53",0
0.4,2,"54","V54",-1
0.4,2,"54","V55",0
0.4,2,"54","V56",0
0.4,2,"54","V57",0
0.4,2,"54","V58",0
0.4,2,"54","V59",0
0.4,2,"54","V60",0
0.4,2,"54","V61",0
0.4,2,"54","V62",0
0.4,2,"54","V63",0
0.4,2,"54","V64",0
0.4,2,"54","V65",0
0.4,2,"54","V66",0
0.4,2,"54","V67",0
0.4,2,"54","V68",0
0.4,2,"54","V69",0
0.4,2,"54","V70",0
0.4,2,"54","V71",0
0.4,2,"54","V72",0
0.4,2,"54","V73",0
0.4,2,"54","V74",0
0.4,2,"54","V75",0
0.4,2,"54","V76",0
0.4,2,"54","V77",0
0.4,2,"54","V78",0.250144773250974
0.4,2,"54","V79",0
0.4,2,"54","V80",0
0.4,2,"54","V81",0
0.4,2,"54","V82",0
0.4,2,"54","V83",0.0359391951977511
0.4,2,"54","V84",0
0.4,2,"54","V85",0
0.4,2,"54","V86",17.5679849371919
0.4,2,"54","V87",0
0.4,2,"54","V88",0
0.4,2,"54","V89",0
0.4,2,"54","V90",0
0.4,2,"55","V1",0
0.4,2,"55","V2",0
0.4,2,"55","V3",0
0.4,2,"55","V4",0
0.4,2,"55","V5",0
0.4,2,"55","V6",0
0.4,2,"55","V7",0
0.4,2,"55","V8",0
0.4,2,"55","V9",0
0.4,2,"55","V10",0
0.4,2,"55","V11",0
0.4,2,"55","V12",0
0.4,2,"55","V13",0
0.4,2,"55","V14",0
0.4,2,"55","V15",0
0.4,2,"55","V16",0
0.4,2,"55","V17",0
0.4,2,"55","V18",0
0.4,2,"55","V19",0
0.4,2,"55","V20",0
0.4,2,"55","V21",0
0.4,2,"55","V22",0
0.4,2,"55","V23",0
0.4,2,"55","V24",0
0.4,2,"55","V25",0
0.4,2,"55","V26",0
0.4,2,"55","V27",0
0.4,2,"55","V28",0
0.4,2,"55","V29",0
0.4,2,"55","V30",0
0.4,2,"55","V31",0
0.4,2,"55","V32",0
0.4,2,"55","V33",0
0.4,2,"55","V34",0
0.4,2,"55","V35",0
0.4,2,"55","V36",0
0.4,2,"55","V37",0
0.4,2,"55","V38",0
0.4,2,"55","V39",0
0.4,2,"55","V40",0
0.4,2,"55","V41",0
0.4,2,"55","V42",0
0.4,2,"55","V43",0
0.4,2,"55","V44",0
0.4,2,"55","V45",0
0.4,2,"55","V46",0
0.4,2,"55","V47",0
0.4,2,"55","V48",0
0.4,2,"55","V49",0
0.4,2,"55","V50",0
0.4,2,"55","V51",0
0.4,2,"55","V52",0
0.4,2,"55","V53",0
0.4,2,"55","V54",0
0.4,2,"55","V55",-1
0.4,2,"55","V56",0
0.4,2,"55","V57",0
0.4,2,"55","V58",0
0.4,2,"55","V59",0
0.4,2,"55","V60",0
0.4,2,"55","V61",0
0.4,2,"55","V62",0
0.4,2,"55","V63",0
0.4,2,"55","V64",0
0.4,2,"55","V65",0
0.4,2,"55","V66",0
0.4,2,"55","V67",0
0.4,2,"55","V68",0
0.4,2,"55","V69",0
0.4,2,"55","V70",0
0.4,2,"55","V71",0
0.4,2,"55","V72",0
0.4,2,"55","V73",0
0.4,2,"55","V74",0
0.4,2,"55","V75",0
0.4,2,"55","V76",0
0.4,2,"55","V77",0
0.4,2,"55","V78",0
0.4,2,"55","V79",0
0.4,2,"55","V80",0
0.4,2,"55","V81",0
0.4,2,"55","V82",0
0.4,2,"55","V83",0
0.4,2,"55","V84",0
0.4,2,"55","V85",0
0.4,2,"55","V86",0
0.4,2,"55","V87",0
0.4,2,"55","V88",0
0.4,2,"55","V89",0
0.4,2,"55","V90",0
0.4,2,"56","V1",0
0.4,2,"56","V2",0
0.4,2,"56","V3",0
0.4,2,"56","V4",0
0.4,2,"56","V5",0
0.4,2,"56","V6",0
0.4,2,"56","V7",0
0.4,2,"56","V8",0
0.4,2,"56","V9",0
0.4,2,"56","V10",0
0.4,2,"56","V11",0
0.4,2,"56","V12",0
0.4,2,"56","V13",0
0.4,2,"56","V14",0
0.4,2,"56","V15",0.0339043540385163
0.4,2,"56","V16",0
0.4,2,"56","V17",0
0.4,2,"56","V18",0
0.4,2,"56","V19",0
0.4,2,"56","V20",0
0.4,2,"56","V21",0
0.4,2,"56","V22",0
0.4,2,"56","V23",0
0.4,2,"56","V24",0.080412055093941
0.4,2,"56","V25",0
0.4,2,"56","V26",0
0.4,2,"56","V27",0
0.4,2,"56","V28",0
0.4,2,"56","V29",0
0.4,2,"56","V30",0
0.4,2,"56","V31",0
0.4,2,"56","V32",0
0.4,2,"56","V33",0
0.4,2,"56","V34",0
0.4,2,"56","V35",0
0.4,2,"56","V36",0
0.4,2,"56","V37",0
0.4,2,"56","V38",-2.84535799536882
0.4,2,"56","V39",0
0.4,2,"56","V40",0.575641545837312
0.4,2,"56","V41",0
0.4,2,"56","V42",0
0.4,2,"56","V43",0
0.4,2,"56","V44",4.63387507442802
0.4,2,"56","V45",0
0.4,2,"56","V46",0
0.4,2,"56","V47",0
0.4,2,"56","V48",0.887591145444264
0.4,2,"56","V49",0
0.4,2,"56","V50",0
0.4,2,"56","V51",0
0.4,2,"56","V52",0
0.4,2,"56","V53",0.42773237105726
0.4,2,"56","V54",0
0.4,2,"56","V55",0
0.4,2,"56","V56",-1
0.4,2,"56","V57",0
0.4,2,"56","V58",0
0.4,2,"56","V59",0
0.4,2,"56","V60",1.54254754006529
0.4,2,"56","V61",0
0.4,2,"56","V62",0
0.4,2,"56","V63",0
0.4,2,"56","V64",0
0.4,2,"56","V65",0
0.4,2,"56","V66",0
0.4,2,"56","V67",0
0.4,2,"56","V68",0.0147528986136532
0.4,2,"56","V69",0
0.4,2,"56","V70",0
0.4,2,"56","V71",0
0.4,2,"56","V72",0
0.4,2,"56","V73",0
0.4,2,"56","V74",0.0890530189727684
0.4,2,"56","V75",0.780376940481344
0.4,2,"56","V76",0
0.4,2,"56","V77",0
0.4,2,"56","V78",0
0.4,2,"56","V79",0
0.4,2,"56","V80",0
0.4,2,"56","V81",0
0.4,2,"56","V82",0
0.4,2,"56","V83",0
0.4,2,"56","V84",0
0.4,2,"56","V85",0
0.4,2,"56","V86",0
0.4,2,"56","V87",0.826644508818646
0.4,2,"56","V88",0
0.4,2,"56","V89",3.12452157484786
0.4,2,"56","V90",0
0.4,2,"57","V1",0
0.4,2,"57","V2",0
0.4,2,"57","V3",0
0.4,2,"57","V4",0
0.4,2,"57","V5",0
0.4,2,"57","V6",0
0.4,2,"57","V7",0
0.4,2,"57","V8",0
0.4,2,"57","V9",0
0.4,2,"57","V10",0
0.4,2,"57","V11",0
0.4,2,"57","V12",0
0.4,2,"57","V13",0
0.4,2,"57","V14",0
0.4,2,"57","V15",0
0.4,2,"57","V16",0
0.4,2,"57","V17",0
0.4,2,"57","V18",0
0.4,2,"57","V19",0
0.4,2,"57","V20",0
0.4,2,"57","V21",0
0.4,2,"57","V22",0
0.4,2,"57","V23",0
0.4,2,"57","V24",0
0.4,2,"57","V25",0
0.4,2,"57","V26",0
0.4,2,"57","V27",0
0.4,2,"57","V28",0
0.4,2,"57","V29",0
0.4,2,"57","V30",0
0.4,2,"57","V31",0
0.4,2,"57","V32",0
0.4,2,"57","V33",0
0.4,2,"57","V34",0
0.4,2,"57","V35",0
0.4,2,"57","V36",0
0.4,2,"57","V37",0
0.4,2,"57","V38",0
0.4,2,"57","V39",0
0.4,2,"57","V40",0
0.4,2,"57","V41",0
0.4,2,"57","V42",0
0.4,2,"57","V43",0
0.4,2,"57","V44",0
0.4,2,"57","V45",0
0.4,2,"57","V46",0
0.4,2,"57","V47",0
0.4,2,"57","V48",0
0.4,2,"57","V49",0
0.4,2,"57","V50",0
0.4,2,"57","V51",0
0.4,2,"57","V52",0
0.4,2,"57","V53",0
0.4,2,"57","V54",0
0.4,2,"57","V55",0
0.4,2,"57","V56",0
0.4,2,"57","V57",-1
0.4,2,"57","V58",0
0.4,2,"57","V59",0
0.4,2,"57","V60",0
0.4,2,"57","V61",0
0.4,2,"57","V62",0
0.4,2,"57","V63",0
0.4,2,"57","V64",0
0.4,2,"57","V65",0
0.4,2,"57","V66",0
0.4,2,"57","V67",0
0.4,2,"57","V68",0
0.4,2,"57","V69",0
0.4,2,"57","V70",0
0.4,2,"57","V71",0
0.4,2,"57","V72",0
0.4,2,"57","V73",0
0.4,2,"57","V74",0
0.4,2,"57","V75",0
0.4,2,"57","V76",0
0.4,2,"57","V77",0
0.4,2,"57","V78",0
0.4,2,"57","V79",0
0.4,2,"57","V80",0
0.4,2,"57","V81",0
0.4,2,"57","V82",0
0.4,2,"57","V83",0
0.4,2,"57","V84",0
0.4,2,"57","V85",0
0.4,2,"57","V86",0
0.4,2,"57","V87",0
0.4,2,"57","V88",0
0.4,2,"57","V89",0
0.4,2,"57","V90",0
0.4,2,"58","V1",0
0.4,2,"58","V2",0
0.4,2,"58","V3",0
0.4,2,"58","V4",0
0.4,2,"58","V5",0
0.4,2,"58","V6",0
0.4,2,"58","V7",0
0.4,2,"58","V8",0
0.4,2,"58","V9",0
0.4,2,"58","V10",0
0.4,2,"58","V11",0
0.4,2,"58","V12",0
0.4,2,"58","V13",0
0.4,2,"58","V14",0
0.4,2,"58","V15",0
0.4,2,"58","V16",0
0.4,2,"58","V17",0
0.4,2,"58","V18",0
0.4,2,"58","V19",0
0.4,2,"58","V20",0
0.4,2,"58","V21",0
0.4,2,"58","V22",0
0.4,2,"58","V23",0
0.4,2,"58","V24",0
0.4,2,"58","V25",0
0.4,2,"58","V26",0
0.4,2,"58","V27",0
0.4,2,"58","V28",0
0.4,2,"58","V29",0
0.4,2,"58","V30",0
0.4,2,"58","V31",0
0.4,2,"58","V32",0
0.4,2,"58","V33",0
0.4,2,"58","V34",0
0.4,2,"58","V35",0
0.4,2,"58","V36",0
0.4,2,"58","V37",0
0.4,2,"58","V38",0
0.4,2,"58","V39",0
0.4,2,"58","V40",0
0.4,2,"58","V41",0
0.4,2,"58","V42",0
0.4,2,"58","V43",0
0.4,2,"58","V44",0
0.4,2,"58","V45",0
0.4,2,"58","V46",0
0.4,2,"58","V47",0
0.4,2,"58","V48",0
0.4,2,"58","V49",0
0.4,2,"58","V50",0
0.4,2,"58","V51",0
0.4,2,"58","V52",0
0.4,2,"58","V53",0
0.4,2,"58","V54",0
0.4,2,"58","V55",0
0.4,2,"58","V56",0
0.4,2,"58","V57",0
0.4,2,"58","V58",-1
0.4,2,"58","V59",0
0.4,2,"58","V60",0
0.4,2,"58","V61",0
0.4,2,"58","V62",0
0.4,2,"58","V63",0
0.4,2,"58","V64",0
0.4,2,"58","V65",0
0.4,2,"58","V66",0
0.4,2,"58","V67",0
0.4,2,"58","V68",0
0.4,2,"58","V69",0
0.4,2,"58","V70",0
0.4,2,"58","V71",0
0.4,2,"58","V72",0
0.4,2,"58","V73",0
0.4,2,"58","V74",0
0.4,2,"58","V75",0
0.4,2,"58","V76",0
0.4,2,"58","V77",0
0.4,2,"58","V78",0
0.4,2,"58","V79",0
0.4,2,"58","V80",0
0.4,2,"58","V81",0
0.4,2,"58","V82",0
0.4,2,"58","V83",0
0.4,2,"58","V84",0
0.4,2,"58","V85",0
0.4,2,"58","V86",0
0.4,2,"58","V87",0
0.4,2,"58","V88",0
0.4,2,"58","V89",0
0.4,2,"58","V90",0
0.4,2,"59","V1",0
0.4,2,"59","V2",0
0.4,2,"59","V3",0
0.4,2,"59","V4",0
0.4,2,"59","V5",0
0.4,2,"59","V6",0
0.4,2,"59","V7",0
0.4,2,"59","V8",0
0.4,2,"59","V9",0
0.4,2,"59","V10",0
0.4,2,"59","V11",0
0.4,2,"59","V12",0
0.4,2,"59","V13",0
0.4,2,"59","V14",0
0.4,2,"59","V15",0
0.4,2,"59","V16",0
0.4,2,"59","V17",0
0.4,2,"59","V18",0
0.4,2,"59","V19",0
0.4,2,"59","V20",0
0.4,2,"59","V21",0
0.4,2,"59","V22",0
0.4,2,"59","V23",0
0.4,2,"59","V24",0
0.4,2,"59","V25",0
0.4,2,"59","V26",0
0.4,2,"59","V27",0
0.4,2,"59","V28",0
0.4,2,"59","V29",0
0.4,2,"59","V30",0
0.4,2,"59","V31",0
0.4,2,"59","V32",0
0.4,2,"59","V33",0
0.4,2,"59","V34",0
0.4,2,"59","V35",0
0.4,2,"59","V36",0
0.4,2,"59","V37",0
0.4,2,"59","V38",0
0.4,2,"59","V39",0
0.4,2,"59","V40",0
0.4,2,"59","V41",0
0.4,2,"59","V42",0
0.4,2,"59","V43",0
0.4,2,"59","V44",0
0.4,2,"59","V45",0
0.4,2,"59","V46",0
0.4,2,"59","V47",0
0.4,2,"59","V48",0
0.4,2,"59","V49",0
0.4,2,"59","V50",0
0.4,2,"59","V51",0
0.4,2,"59","V52",0
0.4,2,"59","V53",0
0.4,2,"59","V54",0
0.4,2,"59","V55",0
0.4,2,"59","V56",0
0.4,2,"59","V57",0
0.4,2,"59","V58",0
0.4,2,"59","V59",-1
0.4,2,"59","V60",0
0.4,2,"59","V61",0
0.4,2,"59","V62",0
0.4,2,"59","V63",0
0.4,2,"59","V64",0
0.4,2,"59","V65",0
0.4,2,"59","V66",0
0.4,2,"59","V67",0
0.4,2,"59","V68",0
0.4,2,"59","V69",0
0.4,2,"59","V70",0
0.4,2,"59","V71",0
0.4,2,"59","V72",0
0.4,2,"59","V73",0
0.4,2,"59","V74",0
0.4,2,"59","V75",0
0.4,2,"59","V76",0
0.4,2,"59","V77",0
0.4,2,"59","V78",0
0.4,2,"59","V79",0
0.4,2,"59","V80",0
0.4,2,"59","V81",0
0.4,2,"59","V82",0
0.4,2,"59","V83",0
0.4,2,"59","V84",0
0.4,2,"59","V85",0
0.4,2,"59","V86",0
0.4,2,"59","V87",0
0.4,2,"59","V88",0
0.4,2,"59","V89",0
0.4,2,"59","V90",0
0.4,2,"60","V1",0
0.4,2,"60","V2",0
0.4,2,"60","V3",0.0273907875164593
0.4,2,"60","V4",0
0.4,2,"60","V5",0
0.4,2,"60","V6",0
0.4,2,"60","V7",0
0.4,2,"60","V8",0
0.4,2,"60","V9",0
0.4,2,"60","V10",0
0.4,2,"60","V11",0
0.4,2,"60","V12",0
0.4,2,"60","V13",0
0.4,2,"60","V14",0
0.4,2,"60","V15",0
0.4,2,"60","V16",0
0.4,2,"60","V17",0
0.4,2,"60","V18",0
0.4,2,"60","V19",0
0.4,2,"60","V20",0
0.4,2,"60","V21",0
0.4,2,"60","V22",0
0.4,2,"60","V23",0
0.4,2,"60","V24",0
0.4,2,"60","V25",0
0.4,2,"60","V26",0
0.4,2,"60","V27",0
0.4,2,"60","V28",0
0.4,2,"60","V29",0
0.4,2,"60","V30",0
0.4,2,"60","V31",0
0.4,2,"60","V32",0
0.4,2,"60","V33",0
0.4,2,"60","V34",0
0.4,2,"60","V35",0
0.4,2,"60","V36",0
0.4,2,"60","V37",0
0.4,2,"60","V38",0
0.4,2,"60","V39",0
0.4,2,"60","V40",0
0.4,2,"60","V41",0
0.4,2,"60","V42",0.105818823395472
0.4,2,"60","V43",0
0.4,2,"60","V44",0
0.4,2,"60","V45",0
0.4,2,"60","V46",0
0.4,2,"60","V47",0
0.4,2,"60","V48",0
0.4,2,"60","V49",0
0.4,2,"60","V50",0
0.4,2,"60","V51",0
0.4,2,"60","V52",0
0.4,2,"60","V53",0
0.4,2,"60","V54",0
0.4,2,"60","V55",0
0.4,2,"60","V56",0.000820021924060867
0.4,2,"60","V57",0
0.4,2,"60","V58",0
0.4,2,"60","V59",0
0.4,2,"60","V60",-1
0.4,2,"60","V61",0
0.4,2,"60","V62",0
0.4,2,"60","V63",0
0.4,2,"60","V64",0
0.4,2,"60","V65",0.0435637573167185
0.4,2,"60","V66",0
0.4,2,"60","V67",0
0.4,2,"60","V68",0
0.4,2,"60","V69",0
0.4,2,"60","V70",0
0.4,2,"60","V71",0
0.4,2,"60","V72",0
0.4,2,"60","V73",0
0.4,2,"60","V74",0
0.4,2,"60","V75",0
0.4,2,"60","V76",0
0.4,2,"60","V77",0
0.4,2,"60","V78",0
0.4,2,"60","V79",0
0.4,2,"60","V80",0
0.4,2,"60","V81",0
0.4,2,"60","V82",0
0.4,2,"60","V83",0
0.4,2,"60","V84",0
0.4,2,"60","V85",0
0.4,2,"60","V86",0
0.4,2,"60","V87",0
0.4,2,"60","V88",0
0.4,2,"60","V89",0
0.4,2,"60","V90",0
0.4,2,"61","V1",0
0.4,2,"61","V2",0
0.4,2,"61","V3",0
0.4,2,"61","V4",0
0.4,2,"61","V5",0
0.4,2,"61","V6",0
0.4,2,"61","V7",0
0.4,2,"61","V8",0
0.4,2,"61","V9",0
0.4,2,"61","V10",0
0.4,2,"61","V11",0
0.4,2,"61","V12",0
0.4,2,"61","V13",0
0.4,2,"61","V14",0
0.4,2,"61","V15",0
0.4,2,"61","V16",0
0.4,2,"61","V17",0
0.4,2,"61","V18",0
0.4,2,"61","V19",0
0.4,2,"61","V20",0
0.4,2,"61","V21",0
0.4,2,"61","V22",0
0.4,2,"61","V23",0
0.4,2,"61","V24",0
0.4,2,"61","V25",0
0.4,2,"61","V26",0
0.4,2,"61","V27",0
0.4,2,"61","V28",0
0.4,2,"61","V29",0
0.4,2,"61","V30",0
0.4,2,"61","V31",0
0.4,2,"61","V32",0
0.4,2,"61","V33",0
0.4,2,"61","V34",0
0.4,2,"61","V35",0
0.4,2,"61","V36",0
0.4,2,"61","V37",0
0.4,2,"61","V38",0
0.4,2,"61","V39",0
0.4,2,"61","V40",0
0.4,2,"61","V41",0
0.4,2,"61","V42",0
0.4,2,"61","V43",0
0.4,2,"61","V44",0
0.4,2,"61","V45",0
0.4,2,"61","V46",0
0.4,2,"61","V47",0
0.4,2,"61","V48",0
0.4,2,"61","V49",0
0.4,2,"61","V50",0
0.4,2,"61","V51",0
0.4,2,"61","V52",0
0.4,2,"61","V53",0
0.4,2,"61","V54",0
0.4,2,"61","V55",0
0.4,2,"61","V56",0
0.4,2,"61","V57",0
0.4,2,"61","V58",0
0.4,2,"61","V59",0
0.4,2,"61","V60",0
0.4,2,"61","V61",-1
0.4,2,"61","V62",0
0.4,2,"61","V63",0
0.4,2,"61","V64",0
0.4,2,"61","V65",0
0.4,2,"61","V66",0
0.4,2,"61","V67",0
0.4,2,"61","V68",0
0.4,2,"61","V69",0
0.4,2,"61","V70",0
0.4,2,"61","V71",0
0.4,2,"61","V72",0
0.4,2,"61","V73",0
0.4,2,"61","V74",0
0.4,2,"61","V75",0
0.4,2,"61","V76",0
0.4,2,"61","V77",0
0.4,2,"61","V78",0
0.4,2,"61","V79",0
0.4,2,"61","V80",0
0.4,2,"61","V81",0
0.4,2,"61","V82",0
0.4,2,"61","V83",0
0.4,2,"61","V84",0
0.4,2,"61","V85",0
0.4,2,"61","V86",0
0.4,2,"61","V87",0
0.4,2,"61","V88",0
0.4,2,"61","V89",0
0.4,2,"61","V90",0
0.4,2,"62","V1",0
0.4,2,"62","V2",0
0.4,2,"62","V3",0
0.4,2,"62","V4",0
0.4,2,"62","V5",0.0769945223916707
0.4,2,"62","V6",0
0.4,2,"62","V7",0.957704082701867
0.4,2,"62","V8",-0.00770912615933617
0.4,2,"62","V9",0
0.4,2,"62","V10",0
0.4,2,"62","V11",0
0.4,2,"62","V12",0
0.4,2,"62","V13",0
0.4,2,"62","V14",0
0.4,2,"62","V15",0
0.4,2,"62","V16",0
0.4,2,"62","V17",0
0.4,2,"62","V18",0
0.4,2,"62","V19",0.00493015434017909
0.4,2,"62","V20",0
0.4,2,"62","V21",0
0.4,2,"62","V22",-0.000866590188348961
0.4,2,"62","V23",0
0.4,2,"62","V24",0
0.4,2,"62","V25",0
0.4,2,"62","V26",0
0.4,2,"62","V27",0
0.4,2,"62","V28",0
0.4,2,"62","V29",0
0.4,2,"62","V30",0
0.4,2,"62","V31",0
0.4,2,"62","V32",0
0.4,2,"62","V33",0
0.4,2,"62","V34",0
0.4,2,"62","V35",0
0.4,2,"62","V36",0.026576350650857
0.4,2,"62","V37",0
0.4,2,"62","V38",0
0.4,2,"62","V39",0
0.4,2,"62","V40",0
0.4,2,"62","V41",0
0.4,2,"62","V42",0
0.4,2,"62","V43",0
0.4,2,"62","V44",0
0.4,2,"62","V45",0
0.4,2,"62","V46",0
0.4,2,"62","V47",0.79595364224058
0.4,2,"62","V48",0
0.4,2,"62","V49",0
0.4,2,"62","V50",0
0.4,2,"62","V51",0
0.4,2,"62","V52",0
0.4,2,"62","V53",0
0.4,2,"62","V54",0
0.4,2,"62","V55",0
0.4,2,"62","V56",0
0.4,2,"62","V57",0
0.4,2,"62","V58",0
0.4,2,"62","V59",0.619823617943606
0.4,2,"62","V60",0
0.4,2,"62","V61",-0.225398402485031
0.4,2,"62","V62",-1
0.4,2,"62","V63",-0.164080267974272
0.4,2,"62","V64",-0.103130126621459
0.4,2,"62","V65",0
0.4,2,"62","V66",0
0.4,2,"62","V67",0
0.4,2,"62","V68",0.0153992946829042
0.4,2,"62","V69",0
0.4,2,"62","V70",-0.0119986865069361
0.4,2,"62","V71",0
0.4,2,"62","V72",0
0.4,2,"62","V73",0
0.4,2,"62","V74",0
0.4,2,"62","V75",0.0336604424263098
0.4,2,"62","V76",0
0.4,2,"62","V77",0
0.4,2,"62","V78",0
0.4,2,"62","V79",0
0.4,2,"62","V80",0
0.4,2,"62","V81",0
0.4,2,"62","V82",0
0.4,2,"62","V83",0
0.4,2,"62","V84",0
0.4,2,"62","V85",0
0.4,2,"62","V86",0
0.4,2,"62","V87",0
0.4,2,"62","V88",0
0.4,2,"62","V89",0
0.4,2,"62","V90",0
0.4,2,"63","V1",0
0.4,2,"63","V2",0
0.4,2,"63","V3",0
0.4,2,"63","V4",0
0.4,2,"63","V5",0
0.4,2,"63","V6",0
0.4,2,"63","V7",0
0.4,2,"63","V8",0
0.4,2,"63","V9",0
0.4,2,"63","V10",0
0.4,2,"63","V11",0
0.4,2,"63","V12",0
0.4,2,"63","V13",0
0.4,2,"63","V14",0
0.4,2,"63","V15",0
0.4,2,"63","V16",0
0.4,2,"63","V17",0
0.4,2,"63","V18",0
0.4,2,"63","V19",0
0.4,2,"63","V20",0
0.4,2,"63","V21",0
0.4,2,"63","V22",0
0.4,2,"63","V23",0
0.4,2,"63","V24",0
0.4,2,"63","V25",0
0.4,2,"63","V26",0
0.4,2,"63","V27",0
0.4,2,"63","V28",0
0.4,2,"63","V29",0
0.4,2,"63","V30",0
0.4,2,"63","V31",0
0.4,2,"63","V32",0
0.4,2,"63","V33",0
0.4,2,"63","V34",0
0.4,2,"63","V35",0
0.4,2,"63","V36",0
0.4,2,"63","V37",0
0.4,2,"63","V38",0
0.4,2,"63","V39",0
0.4,2,"63","V40",0
0.4,2,"63","V41",0
0.4,2,"63","V42",0
0.4,2,"63","V43",0
0.4,2,"63","V44",0
0.4,2,"63","V45",0
0.4,2,"63","V46",0
0.4,2,"63","V47",0
0.4,2,"63","V48",0
0.4,2,"63","V49",0
0.4,2,"63","V50",0
0.4,2,"63","V51",0
0.4,2,"63","V52",0
0.4,2,"63","V53",0
0.4,2,"63","V54",0
0.4,2,"63","V55",0
0.4,2,"63","V56",0
0.4,2,"63","V57",0
0.4,2,"63","V58",0
0.4,2,"63","V59",0
0.4,2,"63","V60",0
0.4,2,"63","V61",0
0.4,2,"63","V62",0
0.4,2,"63","V63",-1
0.4,2,"63","V64",0
0.4,2,"63","V65",0
0.4,2,"63","V66",0
0.4,2,"63","V67",0
0.4,2,"63","V68",0
0.4,2,"63","V69",0
0.4,2,"63","V70",0
0.4,2,"63","V71",0
0.4,2,"63","V72",0
0.4,2,"63","V73",0
0.4,2,"63","V74",0
0.4,2,"63","V75",0
0.4,2,"63","V76",0
0.4,2,"63","V77",0
0.4,2,"63","V78",0
0.4,2,"63","V79",0
0.4,2,"63","V80",0
0.4,2,"63","V81",0
0.4,2,"63","V82",0
0.4,2,"63","V83",0
0.4,2,"63","V84",0
0.4,2,"63","V85",0
0.4,2,"63","V86",0
0.4,2,"63","V87",0
0.4,2,"63","V88",0
0.4,2,"63","V89",0
0.4,2,"63","V90",0
0.4,2,"64","V1",0
0.4,2,"64","V2",0
0.4,2,"64","V3",0
0.4,2,"64","V4",0
0.4,2,"64","V5",0
0.4,2,"64","V6",0
0.4,2,"64","V7",0
0.4,2,"64","V8",0
0.4,2,"64","V9",0
0.4,2,"64","V10",0
0.4,2,"64","V11",0
0.4,2,"64","V12",0
0.4,2,"64","V13",0
0.4,2,"64","V14",0
0.4,2,"64","V15",0
0.4,2,"64","V16",0
0.4,2,"64","V17",0
0.4,2,"64","V18",0
0.4,2,"64","V19",0
0.4,2,"64","V20",0
0.4,2,"64","V21",0
0.4,2,"64","V22",0
0.4,2,"64","V23",0
0.4,2,"64","V24",0
0.4,2,"64","V25",0
0.4,2,"64","V26",0
0.4,2,"64","V27",0
0.4,2,"64","V28",0
0.4,2,"64","V29",0
0.4,2,"64","V30",0
0.4,2,"64","V31",0
0.4,2,"64","V32",0
0.4,2,"64","V33",0
0.4,2,"64","V34",0
0.4,2,"64","V35",0
0.4,2,"64","V36",0
0.4,2,"64","V37",0
0.4,2,"64","V38",0
0.4,2,"64","V39",0
0.4,2,"64","V40",0
0.4,2,"64","V41",0
0.4,2,"64","V42",0
0.4,2,"64","V43",0
0.4,2,"64","V44",0
0.4,2,"64","V45",0
0.4,2,"64","V46",0
0.4,2,"64","V47",0
0.4,2,"64","V48",0
0.4,2,"64","V49",0
0.4,2,"64","V50",0
0.4,2,"64","V51",0
0.4,2,"64","V52",0
0.4,2,"64","V53",0
0.4,2,"64","V54",0
0.4,2,"64","V55",0
0.4,2,"64","V56",0
0.4,2,"64","V57",0
0.4,2,"64","V58",0
0.4,2,"64","V59",0
0.4,2,"64","V60",0
0.4,2,"64","V61",0
0.4,2,"64","V62",0
0.4,2,"64","V63",0
0.4,2,"64","V64",-1
0.4,2,"64","V65",0
0.4,2,"64","V66",0
0.4,2,"64","V67",0
0.4,2,"64","V68",0
0.4,2,"64","V69",0
0.4,2,"64","V70",0
0.4,2,"64","V71",0
0.4,2,"64","V72",0
0.4,2,"64","V73",0
0.4,2,"64","V74",0
0.4,2,"64","V75",0
0.4,2,"64","V76",0
0.4,2,"64","V77",0
0.4,2,"64","V78",0
0.4,2,"64","V79",0
0.4,2,"64","V80",0
0.4,2,"64","V81",0
0.4,2,"64","V82",0
0.4,2,"64","V83",0
0.4,2,"64","V84",0
0.4,2,"64","V85",0
0.4,2,"64","V86",0
0.4,2,"64","V87",0
0.4,2,"64","V88",0
0.4,2,"64","V89",0
0.4,2,"64","V90",0
0.4,2,"65","V1",0
0.4,2,"65","V2",0
0.4,2,"65","V3",0
0.4,2,"65","V4",0
0.4,2,"65","V5",0
0.4,2,"65","V6",0
0.4,2,"65","V7",0
0.4,2,"65","V8",0
0.4,2,"65","V9",0
0.4,2,"65","V10",0
0.4,2,"65","V11",0
0.4,2,"65","V12",0
0.4,2,"65","V13",0
0.4,2,"65","V14",0
0.4,2,"65","V15",0
0.4,2,"65","V16",0
0.4,2,"65","V17",0
0.4,2,"65","V18",0
0.4,2,"65","V19",0
0.4,2,"65","V20",0
0.4,2,"65","V21",0
0.4,2,"65","V22",0
0.4,2,"65","V23",0
0.4,2,"65","V24",0
0.4,2,"65","V25",0
0.4,2,"65","V26",0
0.4,2,"65","V27",0
0.4,2,"65","V28",0
0.4,2,"65","V29",0
0.4,2,"65","V30",0
0.4,2,"65","V31",0
0.4,2,"65","V32",0
0.4,2,"65","V33",0
0.4,2,"65","V34",0
0.4,2,"65","V35",0
0.4,2,"65","V36",0
0.4,2,"65","V37",0
0.4,2,"65","V38",0
0.4,2,"65","V39",0
0.4,2,"65","V40",0
0.4,2,"65","V41",0
0.4,2,"65","V42",0
0.4,2,"65","V43",0
0.4,2,"65","V44",0
0.4,2,"65","V45",0
0.4,2,"65","V46",0
0.4,2,"65","V47",0
0.4,2,"65","V48",0
0.4,2,"65","V49",0
0.4,2,"65","V50",0
0.4,2,"65","V51",0
0.4,2,"65","V52",0
0.4,2,"65","V53",0
0.4,2,"65","V54",0
0.4,2,"65","V55",0
0.4,2,"65","V56",0
0.4,2,"65","V57",0
0.4,2,"65","V58",0
0.4,2,"65","V59",0
0.4,2,"65","V60",0
0.4,2,"65","V61",0
0.4,2,"65","V62",0
0.4,2,"65","V63",0
0.4,2,"65","V64",0
0.4,2,"65","V65",-1
0.4,2,"65","V66",0
0.4,2,"65","V67",0
0.4,2,"65","V68",0
0.4,2,"65","V69",0
0.4,2,"65","V70",0
0.4,2,"65","V71",0
0.4,2,"65","V72",0
0.4,2,"65","V73",0
0.4,2,"65","V74",0
0.4,2,"65","V75",0
0.4,2,"65","V76",0
0.4,2,"65","V77",0
0.4,2,"65","V78",0
0.4,2,"65","V79",0
0.4,2,"65","V80",0
0.4,2,"65","V81",0
0.4,2,"65","V82",0
0.4,2,"65","V83",0
0.4,2,"65","V84",0
0.4,2,"65","V85",0
0.4,2,"65","V86",0
0.4,2,"65","V87",0
0.4,2,"65","V88",0
0.4,2,"65","V89",0
0.4,2,"65","V90",0
0.4,2,"66","V1",0
0.4,2,"66","V2",0
0.4,2,"66","V3",0
0.4,2,"66","V4",0
0.4,2,"66","V5",0
0.4,2,"66","V6",0
0.4,2,"66","V7",0
0.4,2,"66","V8",0
0.4,2,"66","V9",0
0.4,2,"66","V10",0
0.4,2,"66","V11",0
0.4,2,"66","V12",0
0.4,2,"66","V13",0
0.4,2,"66","V14",0
0.4,2,"66","V15",0
0.4,2,"66","V16",0
0.4,2,"66","V17",0
0.4,2,"66","V18",0
0.4,2,"66","V19",0
0.4,2,"66","V20",0
0.4,2,"66","V21",0
0.4,2,"66","V22",0
0.4,2,"66","V23",0
0.4,2,"66","V24",0
0.4,2,"66","V25",0
0.4,2,"66","V26",0
0.4,2,"66","V27",0
0.4,2,"66","V28",0
0.4,2,"66","V29",0
0.4,2,"66","V30",0
0.4,2,"66","V31",0
0.4,2,"66","V32",0
0.4,2,"66","V33",0
0.4,2,"66","V34",0
0.4,2,"66","V35",0
0.4,2,"66","V36",0
0.4,2,"66","V37",0
0.4,2,"66","V38",0
0.4,2,"66","V39",0
0.4,2,"66","V40",0
0.4,2,"66","V41",0
0.4,2,"66","V42",0
0.4,2,"66","V43",0
0.4,2,"66","V44",0
0.4,2,"66","V45",0
0.4,2,"66","V46",0
0.4,2,"66","V47",0
0.4,2,"66","V48",0
0.4,2,"66","V49",0
0.4,2,"66","V50",0
0.4,2,"66","V51",0
0.4,2,"66","V52",0
0.4,2,"66","V53",0
0.4,2,"66","V54",0
0.4,2,"66","V55",0
0.4,2,"66","V56",0
0.4,2,"66","V57",0
0.4,2,"66","V58",0
0.4,2,"66","V59",0
0.4,2,"66","V60",0
0.4,2,"66","V61",0
0.4,2,"66","V62",0
0.4,2,"66","V63",0
0.4,2,"66","V64",0
0.4,2,"66","V65",0
0.4,2,"66","V66",-1
0.4,2,"66","V67",0
0.4,2,"66","V68",0
0.4,2,"66","V69",0
0.4,2,"66","V70",0
0.4,2,"66","V71",0
0.4,2,"66","V72",0
0.4,2,"66","V73",0
0.4,2,"66","V74",0
0.4,2,"66","V75",0
0.4,2,"66","V76",0
0.4,2,"66","V77",0
0.4,2,"66","V78",0
0.4,2,"66","V79",0
0.4,2,"66","V80",0
0.4,2,"66","V81",0
0.4,2,"66","V82",0
0.4,2,"66","V83",0
0.4,2,"66","V84",0
0.4,2,"66","V85",0
0.4,2,"66","V86",0
0.4,2,"66","V87",0
0.4,2,"66","V88",0
0.4,2,"66","V89",0
0.4,2,"66","V90",0
0.4,2,"67","V1",0
0.4,2,"67","V2",0
0.4,2,"67","V3",0
0.4,2,"67","V4",0
0.4,2,"67","V5",0
0.4,2,"67","V6",0.0142765298913907
0.4,2,"67","V7",0
0.4,2,"67","V8",0.116913218696501
0.4,2,"67","V9",0
0.4,2,"67","V10",0
0.4,2,"67","V11",0
0.4,2,"67","V12",0
0.4,2,"67","V13",0
0.4,2,"67","V14",0
0.4,2,"67","V15",0
0.4,2,"67","V16",0
0.4,2,"67","V17",0
0.4,2,"67","V18",0
0.4,2,"67","V19",0
0.4,2,"67","V20",0
0.4,2,"67","V21",0
0.4,2,"67","V22",0
0.4,2,"67","V23",0
0.4,2,"67","V24",0
0.4,2,"67","V25",0
0.4,2,"67","V26",0
0.4,2,"67","V27",0.00802563680810394
0.4,2,"67","V28",0
0.4,2,"67","V29",0
0.4,2,"67","V30",0
0.4,2,"67","V31",0
0.4,2,"67","V32",0
0.4,2,"67","V33",0
0.4,2,"67","V34",0
0.4,2,"67","V35",0
0.4,2,"67","V36",0
0.4,2,"67","V37",0
0.4,2,"67","V38",0
0.4,2,"67","V39",0
0.4,2,"67","V40",0
0.4,2,"67","V41",0
0.4,2,"67","V42",0
0.4,2,"67","V43",0
0.4,2,"67","V44",0
0.4,2,"67","V45",0
0.4,2,"67","V46",0
0.4,2,"67","V47",0
0.4,2,"67","V48",0
0.4,2,"67","V49",0
0.4,2,"67","V50",0
0.4,2,"67","V51",0
0.4,2,"67","V52",0
0.4,2,"67","V53",0
0.4,2,"67","V54",0
0.4,2,"67","V55",0
0.4,2,"67","V56",0
0.4,2,"67","V57",0
0.4,2,"67","V58",0
0.4,2,"67","V59",0
0.4,2,"67","V60",0
0.4,2,"67","V61",0
0.4,2,"67","V62",0
0.4,2,"67","V63",0
0.4,2,"67","V64",0
0.4,2,"67","V65",0
0.4,2,"67","V66",0
0.4,2,"67","V67",-1
0.4,2,"67","V68",0
0.4,2,"67","V69",0
0.4,2,"67","V70",0
0.4,2,"67","V71",0
0.4,2,"67","V72",0
0.4,2,"67","V73",0
0.4,2,"67","V74",0
0.4,2,"67","V75",0
0.4,2,"67","V76",0
0.4,2,"67","V77",0
0.4,2,"67","V78",0
0.4,2,"67","V79",0
0.4,2,"67","V80",0
0.4,2,"67","V81",0
0.4,2,"67","V82",0
0.4,2,"67","V83",0
0.4,2,"67","V84",0
0.4,2,"67","V85",0
0.4,2,"67","V86",0
0.4,2,"67","V87",0
0.4,2,"67","V88",0
0.4,2,"67","V89",0
0.4,2,"67","V90",0
0.4,2,"68","V1",0
0.4,2,"68","V2",0
0.4,2,"68","V3",0
0.4,2,"68","V4",0
0.4,2,"68","V5",0
0.4,2,"68","V6",0
0.4,2,"68","V7",0
0.4,2,"68","V8",0
0.4,2,"68","V9",0
0.4,2,"68","V10",0
0.4,2,"68","V11",0
0.4,2,"68","V12",0
0.4,2,"68","V13",0
0.4,2,"68","V14",0
0.4,2,"68","V15",0
0.4,2,"68","V16",0
0.4,2,"68","V17",0
0.4,2,"68","V18",0
0.4,2,"68","V19",0
0.4,2,"68","V20",0
0.4,2,"68","V21",0
0.4,2,"68","V22",0
0.4,2,"68","V23",0
0.4,2,"68","V24",0
0.4,2,"68","V25",0
0.4,2,"68","V26",0
0.4,2,"68","V27",0
0.4,2,"68","V28",0
0.4,2,"68","V29",0
0.4,2,"68","V30",0
0.4,2,"68","V31",0
0.4,2,"68","V32",0
0.4,2,"68","V33",0
0.4,2,"68","V34",0
0.4,2,"68","V35",0
0.4,2,"68","V36",0
0.4,2,"68","V37",0
0.4,2,"68","V38",0
0.4,2,"68","V39",0
0.4,2,"68","V40",0
0.4,2,"68","V41",0
0.4,2,"68","V42",0
0.4,2,"68","V43",0
0.4,2,"68","V44",0
0.4,2,"68","V45",0
0.4,2,"68","V46",0
0.4,2,"68","V47",0
0.4,2,"68","V48",0
0.4,2,"68","V49",0
0.4,2,"68","V50",0
0.4,2,"68","V51",0
0.4,2,"68","V52",0
0.4,2,"68","V53",0
0.4,2,"68","V54",0
0.4,2,"68","V55",0
0.4,2,"68","V56",0
0.4,2,"68","V57",0
0.4,2,"68","V58",0
0.4,2,"68","V59",0
0.4,2,"68","V60",0
0.4,2,"68","V61",0
0.4,2,"68","V62",0
0.4,2,"68","V63",0
0.4,2,"68","V64",0
0.4,2,"68","V65",0
0.4,2,"68","V66",0
0.4,2,"68","V67",0
0.4,2,"68","V68",-1
0.4,2,"68","V69",0
0.4,2,"68","V70",0
0.4,2,"68","V71",0
0.4,2,"68","V72",0
0.4,2,"68","V73",0
0.4,2,"68","V74",0
0.4,2,"68","V75",0
0.4,2,"68","V76",0
0.4,2,"68","V77",0
0.4,2,"68","V78",0
0.4,2,"68","V79",0
0.4,2,"68","V80",0
0.4,2,"68","V81",0
0.4,2,"68","V82",0
0.4,2,"68","V83",0
0.4,2,"68","V84",0
0.4,2,"68","V85",0
0.4,2,"68","V86",0
0.4,2,"68","V87",0
0.4,2,"68","V88",0
0.4,2,"68","V89",0
0.4,2,"68","V90",0
0.4,2,"69","V1",0
0.4,2,"69","V2",0
0.4,2,"69","V3",0
0.4,2,"69","V4",0
0.4,2,"69","V5",0
0.4,2,"69","V6",0
0.4,2,"69","V7",0
0.4,2,"69","V8",0
0.4,2,"69","V9",0
0.4,2,"69","V10",0
0.4,2,"69","V11",0
0.4,2,"69","V12",0
0.4,2,"69","V13",0
0.4,2,"69","V14",0
0.4,2,"69","V15",0
0.4,2,"69","V16",0
0.4,2,"69","V17",0
0.4,2,"69","V18",0
0.4,2,"69","V19",0
0.4,2,"69","V20",0
0.4,2,"69","V21",0
0.4,2,"69","V22",0
0.4,2,"69","V23",0
0.4,2,"69","V24",0
0.4,2,"69","V25",0
0.4,2,"69","V26",0
0.4,2,"69","V27",0
0.4,2,"69","V28",0
0.4,2,"69","V29",0
0.4,2,"69","V30",0
0.4,2,"69","V31",0
0.4,2,"69","V32",0
0.4,2,"69","V33",0
0.4,2,"69","V34",0
0.4,2,"69","V35",0
0.4,2,"69","V36",0
0.4,2,"69","V37",0
0.4,2,"69","V38",0
0.4,2,"69","V39",0
0.4,2,"69","V40",0
0.4,2,"69","V41",0
0.4,2,"69","V42",0
0.4,2,"69","V43",0
0.4,2,"69","V44",0
0.4,2,"69","V45",0
0.4,2,"69","V46",0
0.4,2,"69","V47",0
0.4,2,"69","V48",0
0.4,2,"69","V49",0
0.4,2,"69","V50",0
0.4,2,"69","V51",0
0.4,2,"69","V52",0
0.4,2,"69","V53",0
0.4,2,"69","V54",0
0.4,2,"69","V55",0
0.4,2,"69","V56",0
0.4,2,"69","V57",0
0.4,2,"69","V58",0
0.4,2,"69","V59",0
0.4,2,"69","V60",0
0.4,2,"69","V61",0
0.4,2,"69","V62",0
0.4,2,"69","V63",0
0.4,2,"69","V64",0
0.4,2,"69","V65",0
0.4,2,"69","V66",0
0.4,2,"69","V67",0
0.4,2,"69","V68",0
0.4,2,"69","V69",-1
0.4,2,"69","V70",0
0.4,2,"69","V71",0
0.4,2,"69","V72",0
0.4,2,"69","V73",0
0.4,2,"69","V74",0
0.4,2,"69","V75",0
0.4,2,"69","V76",0
0.4,2,"69","V77",0
0.4,2,"69","V78",0
0.4,2,"69","V79",0
0.4,2,"69","V80",0
0.4,2,"69","V81",0
0.4,2,"69","V82",0
0.4,2,"69","V83",0
0.4,2,"69","V84",0
0.4,2,"69","V85",0
0.4,2,"69","V86",0
0.4,2,"69","V87",0
0.4,2,"69","V88",0
0.4,2,"69","V89",0
0.4,2,"69","V90",0
0.4,2,"70","V1",0
0.4,2,"70","V2",0
0.4,2,"70","V3",0
0.4,2,"70","V4",0
0.4,2,"70","V5",0
0.4,2,"70","V6",0
0.4,2,"70","V7",0
0.4,2,"70","V8",0
0.4,2,"70","V9",0
0.4,2,"70","V10",0
0.4,2,"70","V11",0
0.4,2,"70","V12",0
0.4,2,"70","V13",0
0.4,2,"70","V14",0
0.4,2,"70","V15",0
0.4,2,"70","V16",0
0.4,2,"70","V17",0
0.4,2,"70","V18",0
0.4,2,"70","V19",0
0.4,2,"70","V20",0
0.4,2,"70","V21",0.490836348068696
0.4,2,"70","V22",0.0180118729973661
0.4,2,"70","V23",0
0.4,2,"70","V24",0
0.4,2,"70","V25",0.0783560422666624
0.4,2,"70","V26",0
0.4,2,"70","V27",0
0.4,2,"70","V28",0
0.4,2,"70","V29",0
0.4,2,"70","V30",0
0.4,2,"70","V31",0
0.4,2,"70","V32",0
0.4,2,"70","V33",0
0.4,2,"70","V34",0
0.4,2,"70","V35",0
0.4,2,"70","V36",0
0.4,2,"70","V37",0
0.4,2,"70","V38",0
0.4,2,"70","V39",0
0.4,2,"70","V40",0
0.4,2,"70","V41",0
0.4,2,"70","V42",0
0.4,2,"70","V43",0
0.4,2,"70","V44",0
0.4,2,"70","V45",0
0.4,2,"70","V46",0
0.4,2,"70","V47",0
0.4,2,"70","V48",0
0.4,2,"70","V49",0
0.4,2,"70","V50",0
0.4,2,"70","V51",0
0.4,2,"70","V52",0
0.4,2,"70","V53",0
0.4,2,"70","V54",0
0.4,2,"70","V55",0
0.4,2,"70","V56",0
0.4,2,"70","V57",0
0.4,2,"70","V58",0
0.4,2,"70","V59",0
0.4,2,"70","V60",0
0.4,2,"70","V61",0
0.4,2,"70","V62",0
0.4,2,"70","V63",0
0.4,2,"70","V64",0
0.4,2,"70","V65",0
0.4,2,"70","V66",0
0.4,2,"70","V67",0
0.4,2,"70","V68",0
0.4,2,"70","V69",0
0.4,2,"70","V70",-1
0.4,2,"70","V71",0
0.4,2,"70","V72",0
0.4,2,"70","V73",0
0.4,2,"70","V74",0
0.4,2,"70","V75",0
0.4,2,"70","V76",0
0.4,2,"70","V77",0
0.4,2,"70","V78",0
0.4,2,"70","V79",0
0.4,2,"70","V80",0
0.4,2,"70","V81",0
0.4,2,"70","V82",0
0.4,2,"70","V83",0
0.4,2,"70","V84",0
0.4,2,"70","V85",0
0.4,2,"70","V86",0
0.4,2,"70","V87",0
0.4,2,"70","V88",0
0.4,2,"70","V89",0
0.4,2,"70","V90",0
0.4,2,"71","V1",0
0.4,2,"71","V2",0
0.4,2,"71","V3",0
0.4,2,"71","V4",0
0.4,2,"71","V5",0
0.4,2,"71","V6",0
0.4,2,"71","V7",0
0.4,2,"71","V8",0
0.4,2,"71","V9",0
0.4,2,"71","V10",0
0.4,2,"71","V11",0
0.4,2,"71","V12",0
0.4,2,"71","V13",0
0.4,2,"71","V14",0
0.4,2,"71","V15",0
0.4,2,"71","V16",0
0.4,2,"71","V17",0
0.4,2,"71","V18",0
0.4,2,"71","V19",0
0.4,2,"71","V20",0
0.4,2,"71","V21",0
0.4,2,"71","V22",0
0.4,2,"71","V23",0
0.4,2,"71","V24",0
0.4,2,"71","V25",0
0.4,2,"71","V26",0
0.4,2,"71","V27",0
0.4,2,"71","V28",0
0.4,2,"71","V29",0
0.4,2,"71","V30",0
0.4,2,"71","V31",0
0.4,2,"71","V32",0
0.4,2,"71","V33",0
0.4,2,"71","V34",0
0.4,2,"71","V35",0
0.4,2,"71","V36",0
0.4,2,"71","V37",0
0.4,2,"71","V38",0
0.4,2,"71","V39",0
0.4,2,"71","V40",0
0.4,2,"71","V41",0
0.4,2,"71","V42",0
0.4,2,"71","V43",0
0.4,2,"71","V44",0
0.4,2,"71","V45",0
0.4,2,"71","V46",0
0.4,2,"71","V47",0
0.4,2,"71","V48",0
0.4,2,"71","V49",0
0.4,2,"71","V50",0
0.4,2,"71","V51",0
0.4,2,"71","V52",0
0.4,2,"71","V53",0
0.4,2,"71","V54",0
0.4,2,"71","V55",0
0.4,2,"71","V56",0
0.4,2,"71","V57",0
0.4,2,"71","V58",0
0.4,2,"71","V59",0
0.4,2,"71","V60",0
0.4,2,"71","V61",0
0.4,2,"71","V62",0
0.4,2,"71","V63",0
0.4,2,"71","V64",0
0.4,2,"71","V65",0
0.4,2,"71","V66",0
0.4,2,"71","V67",0
0.4,2,"71","V68",0
0.4,2,"71","V69",0
0.4,2,"71","V70",0
0.4,2,"71","V71",-1
0.4,2,"71","V72",0
0.4,2,"71","V73",0
0.4,2,"71","V74",0
0.4,2,"71","V75",0
0.4,2,"71","V76",0
0.4,2,"71","V77",0
0.4,2,"71","V78",0
0.4,2,"71","V79",0
0.4,2,"71","V80",0
0.4,2,"71","V81",0
0.4,2,"71","V82",0
0.4,2,"71","V83",0
0.4,2,"71","V84",0
0.4,2,"71","V85",0
0.4,2,"71","V86",0
0.4,2,"71","V87",0
0.4,2,"71","V88",0
0.4,2,"71","V89",0
0.4,2,"71","V90",0
0.4,2,"72","V1",0
0.4,2,"72","V2",0
0.4,2,"72","V3",0
0.4,2,"72","V4",0
0.4,2,"72","V5",0
0.4,2,"72","V6",0
0.4,2,"72","V7",0
0.4,2,"72","V8",0
0.4,2,"72","V9",0
0.4,2,"72","V10",0
0.4,2,"72","V11",0
0.4,2,"72","V12",0
0.4,2,"72","V13",0
0.4,2,"72","V14",0
0.4,2,"72","V15",0
0.4,2,"72","V16",0
0.4,2,"72","V17",0
0.4,2,"72","V18",0
0.4,2,"72","V19",0
0.4,2,"72","V20",0
0.4,2,"72","V21",0
0.4,2,"72","V22",0
0.4,2,"72","V23",0
0.4,2,"72","V24",0
0.4,2,"72","V25",0
0.4,2,"72","V26",0
0.4,2,"72","V27",0
0.4,2,"72","V28",0
0.4,2,"72","V29",0
0.4,2,"72","V30",0
0.4,2,"72","V31",0
0.4,2,"72","V32",0
0.4,2,"72","V33",0
0.4,2,"72","V34",0
0.4,2,"72","V35",0
0.4,2,"72","V36",0
0.4,2,"72","V37",0
0.4,2,"72","V38",0
0.4,2,"72","V39",0
0.4,2,"72","V40",0
0.4,2,"72","V41",0
0.4,2,"72","V42",0
0.4,2,"72","V43",0
0.4,2,"72","V44",0
0.4,2,"72","V45",0
0.4,2,"72","V46",0
0.4,2,"72","V47",0
0.4,2,"72","V48",0
0.4,2,"72","V49",0
0.4,2,"72","V50",0
0.4,2,"72","V51",0
0.4,2,"72","V52",0
0.4,2,"72","V53",0
0.4,2,"72","V54",0
0.4,2,"72","V55",0
0.4,2,"72","V56",0
0.4,2,"72","V57",0
0.4,2,"72","V58",0
0.4,2,"72","V59",0
0.4,2,"72","V60",0
0.4,2,"72","V61",0
0.4,2,"72","V62",0
0.4,2,"72","V63",0
0.4,2,"72","V64",0
0.4,2,"72","V65",0
0.4,2,"72","V66",0
0.4,2,"72","V67",0
0.4,2,"72","V68",0
0.4,2,"72","V69",0
0.4,2,"72","V70",0
0.4,2,"72","V71",0
0.4,2,"72","V72",-1
0.4,2,"72","V73",0
0.4,2,"72","V74",0
0.4,2,"72","V75",0
0.4,2,"72","V76",0
0.4,2,"72","V77",0
0.4,2,"72","V78",0
0.4,2,"72","V79",0
0.4,2,"72","V80",0
0.4,2,"72","V81",0
0.4,2,"72","V82",0
0.4,2,"72","V83",0
0.4,2,"72","V84",0
0.4,2,"72","V85",0
0.4,2,"72","V86",0
0.4,2,"72","V87",0
0.4,2,"72","V88",0
0.4,2,"72","V89",0
0.4,2,"72","V90",0
0.4,2,"73","V1",0
0.4,2,"73","V2",0
0.4,2,"73","V3",0
0.4,2,"73","V4",0
0.4,2,"73","V5",0.000156068586111858
0.4,2,"73","V6",0.000721906605913556
0.4,2,"73","V7",0
0.4,2,"73","V8",0
0.4,2,"73","V9",0
0.4,2,"73","V10",0
0.4,2,"73","V11",0.00240101595770688
0.4,2,"73","V12",0
0.4,2,"73","V13",0
0.4,2,"73","V14",0
0.4,2,"73","V15",0
0.4,2,"73","V16",0
0.4,2,"73","V17",0
0.4,2,"73","V18",0
0.4,2,"73","V19",0.000118307991640606
0.4,2,"73","V20",0
0.4,2,"73","V21",0
0.4,2,"73","V22",0
0.4,2,"73","V23",0
0.4,2,"73","V24",0
0.4,2,"73","V25",0
0.4,2,"73","V26",0
0.4,2,"73","V27",0
0.4,2,"73","V28",0
0.4,2,"73","V29",0
0.4,2,"73","V30",0
0.4,2,"73","V31",0
0.4,2,"73","V32",0
0.4,2,"73","V33",0
0.4,2,"73","V34",0
0.4,2,"73","V35",0
0.4,2,"73","V36",0
0.4,2,"73","V37",0
0.4,2,"73","V38",0
0.4,2,"73","V39",0
0.4,2,"73","V40",0
0.4,2,"73","V41",0
0.4,2,"73","V42",0
0.4,2,"73","V43",0
0.4,2,"73","V44",0
0.4,2,"73","V45",0
0.4,2,"73","V46",0
0.4,2,"73","V47",0
0.4,2,"73","V48",0
0.4,2,"73","V49",0
0.4,2,"73","V50",0
0.4,2,"73","V51",0
0.4,2,"73","V52",0
0.4,2,"73","V53",0.000255511040006219
0.4,2,"73","V54",0
0.4,2,"73","V55",0
0.4,2,"73","V56",0
0.4,2,"73","V57",0
0.4,2,"73","V58",0
0.4,2,"73","V59",0
0.4,2,"73","V60",0
0.4,2,"73","V61",0
0.4,2,"73","V62",0
0.4,2,"73","V63",0
0.4,2,"73","V64",0
0.4,2,"73","V65",0
0.4,2,"73","V66",0
0.4,2,"73","V67",0
0.4,2,"73","V68",0.00976255228326802
0.4,2,"73","V69",0
0.4,2,"73","V70",0
0.4,2,"73","V71",0
0.4,2,"73","V72",0
0.4,2,"73","V73",-1
0.4,2,"73","V74",0
0.4,2,"73","V75",0
0.4,2,"73","V76",0
0.4,2,"73","V77",0
0.4,2,"73","V78",0.000446891743583906
0.4,2,"73","V79",0
0.4,2,"73","V80",0
0.4,2,"73","V81",0
0.4,2,"73","V82",0
0.4,2,"73","V83",0
0.4,2,"73","V84",0
0.4,2,"73","V85",0
0.4,2,"73","V86",0
0.4,2,"73","V87",0
0.4,2,"73","V88",0
0.4,2,"73","V89",0
0.4,2,"73","V90",0
0.4,2,"74","V1",0
0.4,2,"74","V2",0
0.4,2,"74","V3",0
0.4,2,"74","V4",0
0.4,2,"74","V5",0
0.4,2,"74","V6",0
0.4,2,"74","V7",0
0.4,2,"74","V8",0
0.4,2,"74","V9",0
0.4,2,"74","V10",0
0.4,2,"74","V11",0
0.4,2,"74","V12",0
0.4,2,"74","V13",0
0.4,2,"74","V14",0
0.4,2,"74","V15",0
0.4,2,"74","V16",0
0.4,2,"74","V17",0
0.4,2,"74","V18",0
0.4,2,"74","V19",0
0.4,2,"74","V20",0
0.4,2,"74","V21",0
0.4,2,"74","V22",0
0.4,2,"74","V23",0
0.4,2,"74","V24",0
0.4,2,"74","V25",0
0.4,2,"74","V26",0
0.4,2,"74","V27",0
0.4,2,"74","V28",0
0.4,2,"74","V29",0
0.4,2,"74","V30",0
0.4,2,"74","V31",0
0.4,2,"74","V32",0
0.4,2,"74","V33",0
0.4,2,"74","V34",0
0.4,2,"74","V35",0
0.4,2,"74","V36",0
0.4,2,"74","V37",0
0.4,2,"74","V38",0
0.4,2,"74","V39",0
0.4,2,"74","V40",0
0.4,2,"74","V41",0
0.4,2,"74","V42",0
0.4,2,"74","V43",0
0.4,2,"74","V44",0
0.4,2,"74","V45",0
0.4,2,"74","V46",0
0.4,2,"74","V47",0
0.4,2,"74","V48",0
0.4,2,"74","V49",0
0.4,2,"74","V50",0
0.4,2,"74","V51",0
0.4,2,"74","V52",0
0.4,2,"74","V53",0
0.4,2,"74","V54",0
0.4,2,"74","V55",0
0.4,2,"74","V56",0
0.4,2,"74","V57",0
0.4,2,"74","V58",0
0.4,2,"74","V59",0
0.4,2,"74","V60",0
0.4,2,"74","V61",0
0.4,2,"74","V62",0
0.4,2,"74","V63",0
0.4,2,"74","V64",0
0.4,2,"74","V65",0
0.4,2,"74","V66",0
0.4,2,"74","V67",0
0.4,2,"74","V68",0
0.4,2,"74","V69",0
0.4,2,"74","V70",0
0.4,2,"74","V71",0
0.4,2,"74","V72",0
0.4,2,"74","V73",0
0.4,2,"74","V74",-1
0.4,2,"74","V75",0
0.4,2,"74","V76",0
0.4,2,"74","V77",0
0.4,2,"74","V78",0
0.4,2,"74","V79",0
0.4,2,"74","V80",0
0.4,2,"74","V81",0.0123454817128145
0.4,2,"74","V82",0
0.4,2,"74","V83",0
0.4,2,"74","V84",0
0.4,2,"74","V85",0
0.4,2,"74","V86",0
0.4,2,"74","V87",0
0.4,2,"74","V88",0
0.4,2,"74","V89",0
0.4,2,"74","V90",0
0.4,2,"75","V1",0
0.4,2,"75","V2",0
0.4,2,"75","V3",0
0.4,2,"75","V4",0
0.4,2,"75","V5",0
0.4,2,"75","V6",0
0.4,2,"75","V7",0
0.4,2,"75","V8",0
0.4,2,"75","V9",0
0.4,2,"75","V10",0
0.4,2,"75","V11",0
0.4,2,"75","V12",0
0.4,2,"75","V13",0
0.4,2,"75","V14",0
0.4,2,"75","V15",0
0.4,2,"75","V16",0
0.4,2,"75","V17",0
0.4,2,"75","V18",0
0.4,2,"75","V19",0
0.4,2,"75","V20",0
0.4,2,"75","V21",0
0.4,2,"75","V22",0
0.4,2,"75","V23",0
0.4,2,"75","V24",0
0.4,2,"75","V25",0
0.4,2,"75","V26",0
0.4,2,"75","V27",0
0.4,2,"75","V28",0
0.4,2,"75","V29",0
0.4,2,"75","V30",0
0.4,2,"75","V31",0
0.4,2,"75","V32",0
0.4,2,"75","V33",0
0.4,2,"75","V34",0
0.4,2,"75","V35",0
0.4,2,"75","V36",0
0.4,2,"75","V37",0
0.4,2,"75","V38",0
0.4,2,"75","V39",0
0.4,2,"75","V40",0
0.4,2,"75","V41",0
0.4,2,"75","V42",0
0.4,2,"75","V43",0
0.4,2,"75","V44",0
0.4,2,"75","V45",0
0.4,2,"75","V46",0
0.4,2,"75","V47",0
0.4,2,"75","V48",0
0.4,2,"75","V49",0
0.4,2,"75","V50",0
0.4,2,"75","V51",0
0.4,2,"75","V52",0
0.4,2,"75","V53",0
0.4,2,"75","V54",0
0.4,2,"75","V55",0
0.4,2,"75","V56",0
0.4,2,"75","V57",0
0.4,2,"75","V58",0
0.4,2,"75","V59",0
0.4,2,"75","V60",0
0.4,2,"75","V61",0
0.4,2,"75","V62",0
0.4,2,"75","V63",0
0.4,2,"75","V64",0
0.4,2,"75","V65",0
0.4,2,"75","V66",0
0.4,2,"75","V67",0
0.4,2,"75","V68",0
0.4,2,"75","V69",0
0.4,2,"75","V70",0
0.4,2,"75","V71",0
0.4,2,"75","V72",0
0.4,2,"75","V73",0
0.4,2,"75","V74",0
0.4,2,"75","V75",-1
0.4,2,"75","V76",0
0.4,2,"75","V77",0
0.4,2,"75","V78",0
0.4,2,"75","V79",0
0.4,2,"75","V80",0
0.4,2,"75","V81",0
0.4,2,"75","V82",0
0.4,2,"75","V83",0
0.4,2,"75","V84",0
0.4,2,"75","V85",0
0.4,2,"75","V86",0
0.4,2,"75","V87",0
0.4,2,"75","V88",0
0.4,2,"75","V89",0
0.4,2,"75","V90",0
0.4,2,"76","V1",0
0.4,2,"76","V2",0
0.4,2,"76","V3",-0.00853476285143734
0.4,2,"76","V4",0
0.4,2,"76","V5",0
0.4,2,"76","V6",0
0.4,2,"76","V7",0
0.4,2,"76","V8",0
0.4,2,"76","V9",0
0.4,2,"76","V10",0
0.4,2,"76","V11",0
0.4,2,"76","V12",0
0.4,2,"76","V13",0
0.4,2,"76","V14",0
0.4,2,"76","V15",0
0.4,2,"76","V16",0
0.4,2,"76","V17",0
0.4,2,"76","V18",0
0.4,2,"76","V19",0
0.4,2,"76","V20",0
0.4,2,"76","V21",0
0.4,2,"76","V22",0
0.4,2,"76","V23",0
0.4,2,"76","V24",0
0.4,2,"76","V25",0
0.4,2,"76","V26",0
0.4,2,"76","V27",0.0186732642047951
0.4,2,"76","V28",0
0.4,2,"76","V29",0
0.4,2,"76","V30",0
0.4,2,"76","V31",0
0.4,2,"76","V32",0
0.4,2,"76","V33",0
0.4,2,"76","V34",0
0.4,2,"76","V35",0
0.4,2,"76","V36",0
0.4,2,"76","V37",0
0.4,2,"76","V38",0
0.4,2,"76","V39",0
0.4,2,"76","V40",0
0.4,2,"76","V41",0
0.4,2,"76","V42",0
0.4,2,"76","V43",0
0.4,2,"76","V44",0
0.4,2,"76","V45",0
0.4,2,"76","V46",0
0.4,2,"76","V47",0
0.4,2,"76","V48",0
0.4,2,"76","V49",0
0.4,2,"76","V50",0
0.4,2,"76","V51",0
0.4,2,"76","V52",0
0.4,2,"76","V53",0
0.4,2,"76","V54",0
0.4,2,"76","V55",0
0.4,2,"76","V56",0
0.4,2,"76","V57",0
0.4,2,"76","V58",0
0.4,2,"76","V59",0
0.4,2,"76","V60",0
0.4,2,"76","V61",0
0.4,2,"76","V62",0
0.4,2,"76","V63",0
0.4,2,"76","V64",0
0.4,2,"76","V65",0
0.4,2,"76","V66",0
0.4,2,"76","V67",0
0.4,2,"76","V68",0
0.4,2,"76","V69",0
0.4,2,"76","V70",-0.00449001172868533
0.4,2,"76","V71",0
0.4,2,"76","V72",0
0.4,2,"76","V73",0
0.4,2,"76","V74",0
0.4,2,"76","V75",0
0.4,2,"76","V76",-1
0.4,2,"76","V77",0
0.4,2,"76","V78",0
0.4,2,"76","V79",0
0.4,2,"76","V80",0
0.4,2,"76","V81",0
0.4,2,"76","V82",0
0.4,2,"76","V83",0.128898146858769
0.4,2,"76","V84",0
0.4,2,"76","V85",0
0.4,2,"76","V86",0
0.4,2,"76","V87",0
0.4,2,"76","V88",0
0.4,2,"76","V89",0
0.4,2,"76","V90",0
0.4,2,"77","V1",0
0.4,2,"77","V2",0
0.4,2,"77","V3",0
0.4,2,"77","V4",0
0.4,2,"77","V5",0
0.4,2,"77","V6",0
0.4,2,"77","V7",0
0.4,2,"77","V8",0
0.4,2,"77","V9",0
0.4,2,"77","V10",0
0.4,2,"77","V11",0
0.4,2,"77","V12",0
0.4,2,"77","V13",0
0.4,2,"77","V14",0
0.4,2,"77","V15",0
0.4,2,"77","V16",0
0.4,2,"77","V17",0
0.4,2,"77","V18",0
0.4,2,"77","V19",0
0.4,2,"77","V20",0
0.4,2,"77","V21",0
0.4,2,"77","V22",0
0.4,2,"77","V23",0
0.4,2,"77","V24",0
0.4,2,"77","V25",0
0.4,2,"77","V26",0
0.4,2,"77","V27",0
0.4,2,"77","V28",0
0.4,2,"77","V29",0
0.4,2,"77","V30",0
0.4,2,"77","V31",0
0.4,2,"77","V32",0
0.4,2,"77","V33",0
0.4,2,"77","V34",0
0.4,2,"77","V35",0
0.4,2,"77","V36",0
0.4,2,"77","V37",0
0.4,2,"77","V38",0
0.4,2,"77","V39",0
0.4,2,"77","V40",0
0.4,2,"77","V41",0
0.4,2,"77","V42",0
0.4,2,"77","V43",0
0.4,2,"77","V44",0
0.4,2,"77","V45",0
0.4,2,"77","V46",0
0.4,2,"77","V47",0
0.4,2,"77","V48",0
0.4,2,"77","V49",0
0.4,2,"77","V50",0
0.4,2,"77","V51",0
0.4,2,"77","V52",0
0.4,2,"77","V53",0
0.4,2,"77","V54",0
0.4,2,"77","V55",0
0.4,2,"77","V56",0
0.4,2,"77","V57",0
0.4,2,"77","V58",0
0.4,2,"77","V59",0
0.4,2,"77","V60",0
0.4,2,"77","V61",0
0.4,2,"77","V62",0
0.4,2,"77","V63",0
0.4,2,"77","V64",0
0.4,2,"77","V65",0
0.4,2,"77","V66",0
0.4,2,"77","V67",0
0.4,2,"77","V68",0
0.4,2,"77","V69",0
0.4,2,"77","V70",0.010760528836371
0.4,2,"77","V71",0
0.4,2,"77","V72",0
0.4,2,"77","V73",0
0.4,2,"77","V74",0
0.4,2,"77","V75",0
0.4,2,"77","V76",0
0.4,2,"77","V77",-1
0.4,2,"77","V78",0
0.4,2,"77","V79",0
0.4,2,"77","V80",0
0.4,2,"77","V81",0
0.4,2,"77","V82",0
0.4,2,"77","V83",0
0.4,2,"77","V84",0
0.4,2,"77","V85",0
0.4,2,"77","V86",0
0.4,2,"77","V87",0
0.4,2,"77","V88",0
0.4,2,"77","V89",0
0.4,2,"77","V90",0
0.4,2,"78","V1",0
0.4,2,"78","V2",0
0.4,2,"78","V3",0.331918876810671
0.4,2,"78","V4",0
0.4,2,"78","V5",0
0.4,2,"78","V6",0
0.4,2,"78","V7",0
0.4,2,"78","V8",0
0.4,2,"78","V9",0
0.4,2,"78","V10",3.69986949211806
0.4,2,"78","V11",0
0.4,2,"78","V12",0
0.4,2,"78","V13",0
0.4,2,"78","V14",0
0.4,2,"78","V15",0
0.4,2,"78","V16",0
0.4,2,"78","V17",0
0.4,2,"78","V18",0
0.4,2,"78","V19",0
0.4,2,"78","V20",0
0.4,2,"78","V21",0
0.4,2,"78","V22",0
0.4,2,"78","V23",0
0.4,2,"78","V24",0
0.4,2,"78","V25",0
0.4,2,"78","V26",0
0.4,2,"78","V27",0
0.4,2,"78","V28",0
0.4,2,"78","V29",0
0.4,2,"78","V30",0
0.4,2,"78","V31",0
0.4,2,"78","V32",0
0.4,2,"78","V33",0
0.4,2,"78","V34",0
0.4,2,"78","V35",0
0.4,2,"78","V36",0
0.4,2,"78","V37",0
0.4,2,"78","V38",0
0.4,2,"78","V39",0
0.4,2,"78","V40",0
0.4,2,"78","V41",0
0.4,2,"78","V42",0
0.4,2,"78","V43",0
0.4,2,"78","V44",0
0.4,2,"78","V45",0
0.4,2,"78","V46",0
0.4,2,"78","V47",0
0.4,2,"78","V48",0
0.4,2,"78","V49",0
0.4,2,"78","V50",0
0.4,2,"78","V51",0
0.4,2,"78","V52",0
0.4,2,"78","V53",0
0.4,2,"78","V54",0
0.4,2,"78","V55",0
0.4,2,"78","V56",0
0.4,2,"78","V57",0
0.4,2,"78","V58",0
0.4,2,"78","V59",0
0.4,2,"78","V60",0
0.4,2,"78","V61",7.39375613622364
0.4,2,"78","V62",0
0.4,2,"78","V63",0
0.4,2,"78","V64",0
0.4,2,"78","V65",0
0.4,2,"78","V66",0
0.4,2,"78","V67",0
0.4,2,"78","V68",0
0.4,2,"78","V69",0.0654151215049543
0.4,2,"78","V70",0
0.4,2,"78","V71",0
0.4,2,"78","V72",0
0.4,2,"78","V73",0
0.4,2,"78","V74",0
0.4,2,"78","V75",0
0.4,2,"78","V76",0
0.4,2,"78","V77",0
0.4,2,"78","V78",-1
0.4,2,"78","V79",0
0.4,2,"78","V80",0
0.4,2,"78","V81",0.183962700851221
0.4,2,"78","V82",0
0.4,2,"78","V83",0
0.4,2,"78","V84",0
0.4,2,"78","V85",0
0.4,2,"78","V86",0
0.4,2,"78","V87",0
0.4,2,"78","V88",0
0.4,2,"78","V89",0
0.4,2,"78","V90",0
0.4,2,"79","V1",0
0.4,2,"79","V2",0
0.4,2,"79","V3",0
0.4,2,"79","V4",0
0.4,2,"79","V5",0
0.4,2,"79","V6",0
0.4,2,"79","V7",0
0.4,2,"79","V8",0
0.4,2,"79","V9",0
0.4,2,"79","V10",0
0.4,2,"79","V11",0
0.4,2,"79","V12",0
0.4,2,"79","V13",0
0.4,2,"79","V14",0
0.4,2,"79","V15",0
0.4,2,"79","V16",0
0.4,2,"79","V17",0
0.4,2,"79","V18",0
0.4,2,"79","V19",0
0.4,2,"79","V20",0
0.4,2,"79","V21",0
0.4,2,"79","V22",0
0.4,2,"79","V23",0
0.4,2,"79","V24",0
0.4,2,"79","V25",0
0.4,2,"79","V26",0
0.4,2,"79","V27",0
0.4,2,"79","V28",0
0.4,2,"79","V29",0
0.4,2,"79","V30",0
0.4,2,"79","V31",0
0.4,2,"79","V32",0
0.4,2,"79","V33",0
0.4,2,"79","V34",0
0.4,2,"79","V35",0
0.4,2,"79","V36",0
0.4,2,"79","V37",0
0.4,2,"79","V38",0
0.4,2,"79","V39",0
0.4,2,"79","V40",0
0.4,2,"79","V41",0
0.4,2,"79","V42",0
0.4,2,"79","V43",0
0.4,2,"79","V44",0
0.4,2,"79","V45",0
0.4,2,"79","V46",0
0.4,2,"79","V47",0
0.4,2,"79","V48",0
0.4,2,"79","V49",0
0.4,2,"79","V50",0
0.4,2,"79","V51",0
0.4,2,"79","V52",0
0.4,2,"79","V53",0
0.4,2,"79","V54",0
0.4,2,"79","V55",0
0.4,2,"79","V56",0
0.4,2,"79","V57",0
0.4,2,"79","V58",0
0.4,2,"79","V59",0
0.4,2,"79","V60",0
0.4,2,"79","V61",0
0.4,2,"79","V62",0
0.4,2,"79","V63",0
0.4,2,"79","V64",0
0.4,2,"79","V65",0
0.4,2,"79","V66",0
0.4,2,"79","V67",0
0.4,2,"79","V68",0
0.4,2,"79","V69",0
0.4,2,"79","V70",0
0.4,2,"79","V71",0
0.4,2,"79","V72",0
0.4,2,"79","V73",0
0.4,2,"79","V74",0
0.4,2,"79","V75",0
0.4,2,"79","V76",0
0.4,2,"79","V77",0
0.4,2,"79","V78",0
0.4,2,"79","V79",-1
0.4,2,"79","V80",0
0.4,2,"79","V81",0
0.4,2,"79","V82",0
0.4,2,"79","V83",0
0.4,2,"79","V84",0
0.4,2,"79","V85",0
0.4,2,"79","V86",0
0.4,2,"79","V87",0
0.4,2,"79","V88",0
0.4,2,"79","V89",0
0.4,2,"79","V90",0
0.4,2,"80","V1",0
0.4,2,"80","V2",0
0.4,2,"80","V3",0
0.4,2,"80","V4",0
0.4,2,"80","V5",0
0.4,2,"80","V6",0
0.4,2,"80","V7",0
0.4,2,"80","V8",0
0.4,2,"80","V9",0
0.4,2,"80","V10",0
0.4,2,"80","V11",0
0.4,2,"80","V12",0
0.4,2,"80","V13",0
0.4,2,"80","V14",0
0.4,2,"80","V15",0
0.4,2,"80","V16",0
0.4,2,"80","V17",0
0.4,2,"80","V18",0
0.4,2,"80","V19",0
0.4,2,"80","V20",0
0.4,2,"80","V21",0
0.4,2,"80","V22",0
0.4,2,"80","V23",0
0.4,2,"80","V24",0
0.4,2,"80","V25",0
0.4,2,"80","V26",0
0.4,2,"80","V27",0
0.4,2,"80","V28",0
0.4,2,"80","V29",0
0.4,2,"80","V30",0
0.4,2,"80","V31",0
0.4,2,"80","V32",0
0.4,2,"80","V33",0
0.4,2,"80","V34",0
0.4,2,"80","V35",0
0.4,2,"80","V36",0
0.4,2,"80","V37",0
0.4,2,"80","V38",0
0.4,2,"80","V39",0
0.4,2,"80","V40",0
0.4,2,"80","V41",0
0.4,2,"80","V42",0
0.4,2,"80","V43",0
0.4,2,"80","V44",0
0.4,2,"80","V45",0
0.4,2,"80","V46",0
0.4,2,"80","V47",0
0.4,2,"80","V48",0
0.4,2,"80","V49",0
0.4,2,"80","V50",0
0.4,2,"80","V51",0
0.4,2,"80","V52",0
0.4,2,"80","V53",0
0.4,2,"80","V54",0
0.4,2,"80","V55",0
0.4,2,"80","V56",0
0.4,2,"80","V57",0
0.4,2,"80","V58",0
0.4,2,"80","V59",0
0.4,2,"80","V60",0
0.4,2,"80","V61",0
0.4,2,"80","V62",0
0.4,2,"80","V63",0
0.4,2,"80","V64",0
0.4,2,"80","V65",0
0.4,2,"80","V66",0
0.4,2,"80","V67",0
0.4,2,"80","V68",0
0.4,2,"80","V69",0
0.4,2,"80","V70",0
0.4,2,"80","V71",0
0.4,2,"80","V72",0
0.4,2,"80","V73",0
0.4,2,"80","V74",0
0.4,2,"80","V75",0
0.4,2,"80","V76",0
0.4,2,"80","V77",0
0.4,2,"80","V78",0
0.4,2,"80","V79",0
0.4,2,"80","V80",-1
0.4,2,"80","V81",0
0.4,2,"80","V82",0
0.4,2,"80","V83",0
0.4,2,"80","V84",0
0.4,2,"80","V85",0
0.4,2,"80","V86",0
0.4,2,"80","V87",0
0.4,2,"80","V88",0
0.4,2,"80","V89",0
0.4,2,"80","V90",0
0.4,2,"81","V1",0
0.4,2,"81","V2",0
0.4,2,"81","V3",0
0.4,2,"81","V4",0
0.4,2,"81","V5",0
0.4,2,"81","V6",0
0.4,2,"81","V7",0
0.4,2,"81","V8",0
0.4,2,"81","V9",0
0.4,2,"81","V10",0
0.4,2,"81","V11",0
0.4,2,"81","V12",0
0.4,2,"81","V13",0
0.4,2,"81","V14",0
0.4,2,"81","V15",0
0.4,2,"81","V16",0
0.4,2,"81","V17",0
0.4,2,"81","V18",0
0.4,2,"81","V19",0
0.4,2,"81","V20",0
0.4,2,"81","V21",0
0.4,2,"81","V22",0
0.4,2,"81","V23",0
0.4,2,"81","V24",0
0.4,2,"81","V25",0
0.4,2,"81","V26",0
0.4,2,"81","V27",0
0.4,2,"81","V28",0
0.4,2,"81","V29",0
0.4,2,"81","V30",0
0.4,2,"81","V31",0
0.4,2,"81","V32",0
0.4,2,"81","V33",0
0.4,2,"81","V34",0
0.4,2,"81","V35",0
0.4,2,"81","V36",0
0.4,2,"81","V37",0
0.4,2,"81","V38",0
0.4,2,"81","V39",0
0.4,2,"81","V40",0
0.4,2,"81","V41",0
0.4,2,"81","V42",0
0.4,2,"81","V43",0
0.4,2,"81","V44",0
0.4,2,"81","V45",0
0.4,2,"81","V46",0
0.4,2,"81","V47",0
0.4,2,"81","V48",0
0.4,2,"81","V49",0
0.4,2,"81","V50",0
0.4,2,"81","V51",0
0.4,2,"81","V52",0
0.4,2,"81","V53",0
0.4,2,"81","V54",0
0.4,2,"81","V55",0
0.4,2,"81","V56",0
0.4,2,"81","V57",0
0.4,2,"81","V58",0
0.4,2,"81","V59",0
0.4,2,"81","V60",0
0.4,2,"81","V61",0
0.4,2,"81","V62",0
0.4,2,"81","V63",0
0.4,2,"81","V64",0
0.4,2,"81","V65",0
0.4,2,"81","V66",0
0.4,2,"81","V67",0
0.4,2,"81","V68",0
0.4,2,"81","V69",0
0.4,2,"81","V70",0
0.4,2,"81","V71",0
0.4,2,"81","V72",0
0.4,2,"81","V73",0
0.4,2,"81","V74",0
0.4,2,"81","V75",0
0.4,2,"81","V76",0
0.4,2,"81","V77",0
0.4,2,"81","V78",0
0.4,2,"81","V79",0
0.4,2,"81","V80",0
0.4,2,"81","V81",-1
0.4,2,"81","V82",0
0.4,2,"81","V83",0
0.4,2,"81","V84",0
0.4,2,"81","V85",0
0.4,2,"81","V86",0
0.4,2,"81","V87",0
0.4,2,"81","V88",0
0.4,2,"81","V89",0
0.4,2,"81","V90",0
0.4,2,"82","V1",0
0.4,2,"82","V2",0
0.4,2,"82","V3",0
0.4,2,"82","V4",0
0.4,2,"82","V5",0
0.4,2,"82","V6",0.00177375644488429
0.4,2,"82","V7",0
0.4,2,"82","V8",0.00639993867381083
0.4,2,"82","V9",0
0.4,2,"82","V10",0
0.4,2,"82","V11",0
0.4,2,"82","V12",0
0.4,2,"82","V13",0
0.4,2,"82","V14",0
0.4,2,"82","V15",0
0.4,2,"82","V16",0
0.4,2,"82","V17",0
0.4,2,"82","V18",0
0.4,2,"82","V19",0
0.4,2,"82","V20",0
0.4,2,"82","V21",0
0.4,2,"82","V22",0
0.4,2,"82","V23",0
0.4,2,"82","V24",0
0.4,2,"82","V25",0
0.4,2,"82","V26",0
0.4,2,"82","V27",0
0.4,2,"82","V28",0.0291482292239317
0.4,2,"82","V29",0.0742854671864211
0.4,2,"82","V30",0
0.4,2,"82","V31",0
0.4,2,"82","V32",0
0.4,2,"82","V33",0
0.4,2,"82","V34",0
0.4,2,"82","V35",0
0.4,2,"82","V36",0
0.4,2,"82","V37",0
0.4,2,"82","V38",0
0.4,2,"82","V39",0
0.4,2,"82","V40",0
0.4,2,"82","V41",0
0.4,2,"82","V42",0.0369251026896234
0.4,2,"82","V43",0.00653987987425291
0.4,2,"82","V44",0
0.4,2,"82","V45",0.742180174405316
0.4,2,"82","V46",0
0.4,2,"82","V47",0
0.4,2,"82","V48",0.0152859285194879
0.4,2,"82","V49",0
0.4,2,"82","V50",0
0.4,2,"82","V51",0.108885782833072
0.4,2,"82","V52",0
0.4,2,"82","V53",0
0.4,2,"82","V54",0
0.4,2,"82","V55",0
0.4,2,"82","V56",0
0.4,2,"82","V57",0
0.4,2,"82","V58",0
0.4,2,"82","V59",0
0.4,2,"82","V60",0.00436621986523657
0.4,2,"82","V61",0
0.4,2,"82","V62",0
0.4,2,"82","V63",0.0223982520560293
0.4,2,"82","V64",0.105996562360352
0.4,2,"82","V65",0
0.4,2,"82","V66",0
0.4,2,"82","V67",0.0295921867905007
0.4,2,"82","V68",0
0.4,2,"82","V69",0.00501224774925747
0.4,2,"82","V70",0
0.4,2,"82","V71",0
0.4,2,"82","V72",0
0.4,2,"82","V73",0
0.4,2,"82","V74",0
0.4,2,"82","V75",0
0.4,2,"82","V76",0
0.4,2,"82","V77",0
0.4,2,"82","V78",0
0.4,2,"82","V79",0
0.4,2,"82","V80",0
0.4,2,"82","V81",0.0358286257234534
0.4,2,"82","V82",-1
0.4,2,"82","V83",0
0.4,2,"82","V84",0
0.4,2,"82","V85",0
0.4,2,"82","V86",-0.0604547051211002
0.4,2,"82","V87",0
0.4,2,"82","V88",0
0.4,2,"82","V89",0
0.4,2,"82","V90",0
0.4,2,"83","V1",0
0.4,2,"83","V2",0
0.4,2,"83","V3",0
0.4,2,"83","V4",0
0.4,2,"83","V5",0
0.4,2,"83","V6",0
0.4,2,"83","V7",0
0.4,2,"83","V8",0
0.4,2,"83","V9",0
0.4,2,"83","V10",0
0.4,2,"83","V11",0
0.4,2,"83","V12",0
0.4,2,"83","V13",0
0.4,2,"83","V14",0
0.4,2,"83","V15",0
0.4,2,"83","V16",0
0.4,2,"83","V17",0
0.4,2,"83","V18",0
0.4,2,"83","V19",0
0.4,2,"83","V20",0
0.4,2,"83","V21",0
0.4,2,"83","V22",0
0.4,2,"83","V23",0
0.4,2,"83","V24",0
0.4,2,"83","V25",0.00415220310819062
0.4,2,"83","V26",0
0.4,2,"83","V27",0
0.4,2,"83","V28",0
0.4,2,"83","V29",0
0.4,2,"83","V30",0
0.4,2,"83","V31",0
0.4,2,"83","V32",0
0.4,2,"83","V33",0
0.4,2,"83","V34",0
0.4,2,"83","V35",0
0.4,2,"83","V36",0
0.4,2,"83","V37",1.27456544084836
0.4,2,"83","V38",0
0.4,2,"83","V39",0
0.4,2,"83","V40",0
0.4,2,"83","V41",-0.0548466427137189
0.4,2,"83","V42",0
0.4,2,"83","V43",0
0.4,2,"83","V44",0.160215505158615
0.4,2,"83","V45",0
0.4,2,"83","V46",0
0.4,2,"83","V47",0.0102452942597209
0.4,2,"83","V48",0.00557691735834683
0.4,2,"83","V49",0
0.4,2,"83","V50",0
0.4,2,"83","V51",0
0.4,2,"83","V52",0.579340129892639
0.4,2,"83","V53",0
0.4,2,"83","V54",0
0.4,2,"83","V55",0
0.4,2,"83","V56",0.000691599606865532
0.4,2,"83","V57",0
0.4,2,"83","V58",0
0.4,2,"83","V59",0
0.4,2,"83","V60",0
0.4,2,"83","V61",0
0.4,2,"83","V62",0
0.4,2,"83","V63",0
0.4,2,"83","V64",0
0.4,2,"83","V65",0.242173515781724
0.4,2,"83","V66",0
0.4,2,"83","V67",0
0.4,2,"83","V68",0
0.4,2,"83","V69",0
0.4,2,"83","V70",0
0.4,2,"83","V71",0
0.4,2,"83","V72",0
0.4,2,"83","V73",0
0.4,2,"83","V74",0
0.4,2,"83","V75",0
0.4,2,"83","V76",0
0.4,2,"83","V77",0
0.4,2,"83","V78",0
0.4,2,"83","V79",0
0.4,2,"83","V80",0
0.4,2,"83","V81",0
0.4,2,"83","V82",0.588542837961174
0.4,2,"83","V83",-1
0.4,2,"83","V84",0
0.4,2,"83","V85",0
0.4,2,"83","V86",0
0.4,2,"83","V87",0
0.4,2,"83","V88",0
0.4,2,"83","V89",0
0.4,2,"83","V90",0
0.4,2,"84","V1",0
0.4,2,"84","V2",0
0.4,2,"84","V3",0
0.4,2,"84","V4",0
0.4,2,"84","V5",0
0.4,2,"84","V6",0
0.4,2,"84","V7",0
0.4,2,"84","V8",0
0.4,2,"84","V9",0
0.4,2,"84","V10",0
0.4,2,"84","V11",0
0.4,2,"84","V12",0
0.4,2,"84","V13",0
0.4,2,"84","V14",0
0.4,2,"84","V15",0
0.4,2,"84","V16",0
0.4,2,"84","V17",0
0.4,2,"84","V18",0
0.4,2,"84","V19",0
0.4,2,"84","V20",0
0.4,2,"84","V21",0
0.4,2,"84","V22",0
0.4,2,"84","V23",0
0.4,2,"84","V24",0
0.4,2,"84","V25",0
0.4,2,"84","V26",0
0.4,2,"84","V27",0
0.4,2,"84","V28",0
0.4,2,"84","V29",0
0.4,2,"84","V30",0
0.4,2,"84","V31",0
0.4,2,"84","V32",0
0.4,2,"84","V33",0
0.4,2,"84","V34",0
0.4,2,"84","V35",0
0.4,2,"84","V36",0
0.4,2,"84","V37",0
0.4,2,"84","V38",0
0.4,2,"84","V39",0
0.4,2,"84","V40",0
0.4,2,"84","V41",0
0.4,2,"84","V42",0
0.4,2,"84","V43",0
0.4,2,"84","V44",0
0.4,2,"84","V45",0
0.4,2,"84","V46",0
0.4,2,"84","V47",0
0.4,2,"84","V48",0
0.4,2,"84","V49",0
0.4,2,"84","V50",0
0.4,2,"84","V51",0
0.4,2,"84","V52",0
0.4,2,"84","V53",0
0.4,2,"84","V54",0
0.4,2,"84","V55",0
0.4,2,"84","V56",0
0.4,2,"84","V57",0
0.4,2,"84","V58",0
0.4,2,"84","V59",0
0.4,2,"84","V60",0
0.4,2,"84","V61",0
0.4,2,"84","V62",0
0.4,2,"84","V63",0
0.4,2,"84","V64",0
0.4,2,"84","V65",0
0.4,2,"84","V66",0
0.4,2,"84","V67",0
0.4,2,"84","V68",0
0.4,2,"84","V69",0
0.4,2,"84","V70",0
0.4,2,"84","V71",0
0.4,2,"84","V72",0
0.4,2,"84","V73",0
0.4,2,"84","V74",0
0.4,2,"84","V75",0
0.4,2,"84","V76",0
0.4,2,"84","V77",0
0.4,2,"84","V78",0
0.4,2,"84","V79",0
0.4,2,"84","V80",0
0.4,2,"84","V81",0
0.4,2,"84","V82",0
0.4,2,"84","V83",0
0.4,2,"84","V84",-1
0.4,2,"84","V85",0
0.4,2,"84","V86",0
0.4,2,"84","V87",0
0.4,2,"84","V88",0
0.4,2,"84","V89",0
0.4,2,"84","V90",0
0.4,2,"85","V1",0
0.4,2,"85","V2",0
0.4,2,"85","V3",0
0.4,2,"85","V4",0
0.4,2,"85","V5",0
0.4,2,"85","V6",0
0.4,2,"85","V7",0
0.4,2,"85","V8",0
0.4,2,"85","V9",0
0.4,2,"85","V10",0
0.4,2,"85","V11",0
0.4,2,"85","V12",0
0.4,2,"85","V13",0
0.4,2,"85","V14",0
0.4,2,"85","V15",0
0.4,2,"85","V16",0
0.4,2,"85","V17",0
0.4,2,"85","V18",0
0.4,2,"85","V19",0
0.4,2,"85","V20",0
0.4,2,"85","V21",0
0.4,2,"85","V22",0
0.4,2,"85","V23",0
0.4,2,"85","V24",0
0.4,2,"85","V25",0
0.4,2,"85","V26",0
0.4,2,"85","V27",0
0.4,2,"85","V28",0
0.4,2,"85","V29",0
0.4,2,"85","V30",0
0.4,2,"85","V31",0
0.4,2,"85","V32",0
0.4,2,"85","V33",0
0.4,2,"85","V34",0
0.4,2,"85","V35",0
0.4,2,"85","V36",0
0.4,2,"85","V37",0
0.4,2,"85","V38",0
0.4,2,"85","V39",0
0.4,2,"85","V40",0
0.4,2,"85","V41",0
0.4,2,"85","V42",0
0.4,2,"85","V43",0
0.4,2,"85","V44",0
0.4,2,"85","V45",0
0.4,2,"85","V46",0
0.4,2,"85","V47",0
0.4,2,"85","V48",0
0.4,2,"85","V49",0
0.4,2,"85","V50",0
0.4,2,"85","V51",0
0.4,2,"85","V52",0
0.4,2,"85","V53",0
0.4,2,"85","V54",0
0.4,2,"85","V55",0
0.4,2,"85","V56",0
0.4,2,"85","V57",0
0.4,2,"85","V58",0
0.4,2,"85","V59",0
0.4,2,"85","V60",0
0.4,2,"85","V61",0
0.4,2,"85","V62",0
0.4,2,"85","V63",0
0.4,2,"85","V64",0
0.4,2,"85","V65",0
0.4,2,"85","V66",0
0.4,2,"85","V67",0
0.4,2,"85","V68",0
0.4,2,"85","V69",0
0.4,2,"85","V70",0
0.4,2,"85","V71",0
0.4,2,"85","V72",0
0.4,2,"85","V73",0
0.4,2,"85","V74",0
0.4,2,"85","V75",0
0.4,2,"85","V76",0
0.4,2,"85","V77",0
0.4,2,"85","V78",0
0.4,2,"85","V79",0
0.4,2,"85","V80",0
0.4,2,"85","V81",0
0.4,2,"85","V82",0
0.4,2,"85","V83",0
0.4,2,"85","V84",0.0939461703417428
0.4,2,"85","V85",-1
0.4,2,"85","V86",0
0.4,2,"85","V87",0
0.4,2,"85","V88",0
0.4,2,"85","V89",0
0.4,2,"85","V90",0
0.4,2,"86","V1",0
0.4,2,"86","V2",0
0.4,2,"86","V3",0
0.4,2,"86","V4",0
0.4,2,"86","V5",0
0.4,2,"86","V6",0
0.4,2,"86","V7",0
0.4,2,"86","V8",0
0.4,2,"86","V9",0
0.4,2,"86","V10",0
0.4,2,"86","V11",0
0.4,2,"86","V12",0
0.4,2,"86","V13",0
0.4,2,"86","V14",0
0.4,2,"86","V15",0
0.4,2,"86","V16",0
0.4,2,"86","V17",0
0.4,2,"86","V18",0
0.4,2,"86","V19",0.00074917575605662
0.4,2,"86","V20",0
0.4,2,"86","V21",0
0.4,2,"86","V22",0
0.4,2,"86","V23",0
0.4,2,"86","V24",0
0.4,2,"86","V25",0
0.4,2,"86","V26",0.0181400496863636
0.4,2,"86","V27",0
0.4,2,"86","V28",0
0.4,2,"86","V29",0
0.4,2,"86","V30",0
0.4,2,"86","V31",0
0.4,2,"86","V32",0
0.4,2,"86","V33",0
0.4,2,"86","V34",0
0.4,2,"86","V35",0
0.4,2,"86","V36",0
0.4,2,"86","V37",0
0.4,2,"86","V38",0
0.4,2,"86","V39",0
0.4,2,"86","V40",0
0.4,2,"86","V41",0
0.4,2,"86","V42",0
0.4,2,"86","V43",0
0.4,2,"86","V44",0
0.4,2,"86","V45",0
0.4,2,"86","V46",0
0.4,2,"86","V47",0
0.4,2,"86","V48",0
0.4,2,"86","V49",0
0.4,2,"86","V50",0
0.4,2,"86","V51",0
0.4,2,"86","V52",0
0.4,2,"86","V53",0
0.4,2,"86","V54",0.00220266892417875
0.4,2,"86","V55",0
0.4,2,"86","V56",0
0.4,2,"86","V57",0
0.4,2,"86","V58",0
0.4,2,"86","V59",0
0.4,2,"86","V60",0
0.4,2,"86","V61",0
0.4,2,"86","V62",0
0.4,2,"86","V63",0
0.4,2,"86","V64",0
0.4,2,"86","V65",0
0.4,2,"86","V66",0
0.4,2,"86","V67",0
0.4,2,"86","V68",0
0.4,2,"86","V69",0
0.4,2,"86","V70",0
0.4,2,"86","V71",0
0.4,2,"86","V72",0
0.4,2,"86","V73",0
0.4,2,"86","V74",0
0.4,2,"86","V75",0
0.4,2,"86","V76",0
0.4,2,"86","V77",0
0.4,2,"86","V78",0
0.4,2,"86","V79",0
0.4,2,"86","V80",0
0.4,2,"86","V81",0
0.4,2,"86","V82",0
0.4,2,"86","V83",0
0.4,2,"86","V84",0
0.4,2,"86","V85",0
0.4,2,"86","V86",-1
0.4,2,"86","V87",0
0.4,2,"86","V88",0
0.4,2,"86","V89",0
0.4,2,"86","V90",0
0.4,2,"87","V1",0
0.4,2,"87","V2",0
0.4,2,"87","V3",0
0.4,2,"87","V4",0
0.4,2,"87","V5",0
0.4,2,"87","V6",0
0.4,2,"87","V7",0
0.4,2,"87","V8",0
0.4,2,"87","V9",0
0.4,2,"87","V10",0
0.4,2,"87","V11",0
0.4,2,"87","V12",0
0.4,2,"87","V13",0
0.4,2,"87","V14",0
0.4,2,"87","V15",0
0.4,2,"87","V16",0
0.4,2,"87","V17",0
0.4,2,"87","V18",0
0.4,2,"87","V19",0
0.4,2,"87","V20",0
0.4,2,"87","V21",0
0.4,2,"87","V22",0
0.4,2,"87","V23",0
0.4,2,"87","V24",0
0.4,2,"87","V25",0
0.4,2,"87","V26",0
0.4,2,"87","V27",0
0.4,2,"87","V28",0
0.4,2,"87","V29",0
0.4,2,"87","V30",0
0.4,2,"87","V31",0
0.4,2,"87","V32",0
0.4,2,"87","V33",0
0.4,2,"87","V34",0
0.4,2,"87","V35",0
0.4,2,"87","V36",0
0.4,2,"87","V37",0
0.4,2,"87","V38",0
0.4,2,"87","V39",0
0.4,2,"87","V40",0
0.4,2,"87","V41",0
0.4,2,"87","V42",0
0.4,2,"87","V43",0
0.4,2,"87","V44",0
0.4,2,"87","V45",0
0.4,2,"87","V46",0
0.4,2,"87","V47",0
0.4,2,"87","V48",0
0.4,2,"87","V49",0
0.4,2,"87","V50",0
0.4,2,"87","V51",0
0.4,2,"87","V52",0
0.4,2,"87","V53",0
0.4,2,"87","V54",0
0.4,2,"87","V55",0
0.4,2,"87","V56",0
0.4,2,"87","V57",0
0.4,2,"87","V58",0
0.4,2,"87","V59",0
0.4,2,"87","V60",0
0.4,2,"87","V61",0
0.4,2,"87","V62",0
0.4,2,"87","V63",0
0.4,2,"87","V64",0
0.4,2,"87","V65",0
0.4,2,"87","V66",0
0.4,2,"87","V67",0
0.4,2,"87","V68",0
0.4,2,"87","V69",0
0.4,2,"87","V70",0
0.4,2,"87","V71",0
0.4,2,"87","V72",0
0.4,2,"87","V73",0
0.4,2,"87","V74",0
0.4,2,"87","V75",0
0.4,2,"87","V76",0
0.4,2,"87","V77",0
0.4,2,"87","V78",0
0.4,2,"87","V79",0
0.4,2,"87","V80",0
0.4,2,"87","V81",0
0.4,2,"87","V82",0
0.4,2,"87","V83",0
0.4,2,"87","V84",0
0.4,2,"87","V85",0
0.4,2,"87","V86",0
0.4,2,"87","V87",-1
0.4,2,"87","V88",0
0.4,2,"87","V89",0
0.4,2,"87","V90",0
0.4,2,"88","V1",0
0.4,2,"88","V2",0
0.4,2,"88","V3",0
0.4,2,"88","V4",0
0.4,2,"88","V5",0
0.4,2,"88","V6",0.00150079272811882
0.4,2,"88","V7",0
0.4,2,"88","V8",0
0.4,2,"88","V9",0
0.4,2,"88","V10",0
0.4,2,"88","V11",0
0.4,2,"88","V12",0
0.4,2,"88","V13",0
0.4,2,"88","V14",0
0.4,2,"88","V15",0
0.4,2,"88","V16",0
0.4,2,"88","V17",0
0.4,2,"88","V18",0
0.4,2,"88","V19",0
0.4,2,"88","V20",0
0.4,2,"88","V21",0
0.4,2,"88","V22",0
0.4,2,"88","V23",0
0.4,2,"88","V24",0
0.4,2,"88","V25",0
0.4,2,"88","V26",0
0.4,2,"88","V27",0
0.4,2,"88","V28",0
0.4,2,"88","V29",0
0.4,2,"88","V30",0
0.4,2,"88","V31",0
0.4,2,"88","V32",0
0.4,2,"88","V33",0
0.4,2,"88","V34",0
0.4,2,"88","V35",0
0.4,2,"88","V36",0
0.4,2,"88","V37",0
0.4,2,"88","V38",0
0.4,2,"88","V39",0
0.4,2,"88","V40",0
0.4,2,"88","V41",0
0.4,2,"88","V42",0
0.4,2,"88","V43",0
0.4,2,"88","V44",0
0.4,2,"88","V45",0
0.4,2,"88","V46",0.0173174835869898
0.4,2,"88","V47",0
0.4,2,"88","V48",0
0.4,2,"88","V49",0
0.4,2,"88","V50",0
0.4,2,"88","V51",0
0.4,2,"88","V52",0
0.4,2,"88","V53",0
0.4,2,"88","V54",0
0.4,2,"88","V55",0
0.4,2,"88","V56",0
0.4,2,"88","V57",0
0.4,2,"88","V58",0
0.4,2,"88","V59",0
0.4,2,"88","V60",0
0.4,2,"88","V61",0
0.4,2,"88","V62",0
0.4,2,"88","V63",0
0.4,2,"88","V64",0
0.4,2,"88","V65",0
0.4,2,"88","V66",0
0.4,2,"88","V67",0
0.4,2,"88","V68",0
0.4,2,"88","V69",0
0.4,2,"88","V70",0
0.4,2,"88","V71",0
0.4,2,"88","V72",0
0.4,2,"88","V73",0
0.4,2,"88","V74",0
0.4,2,"88","V75",0
0.4,2,"88","V76",0
0.4,2,"88","V77",0
0.4,2,"88","V78",0
0.4,2,"88","V79",0
0.4,2,"88","V80",0
0.4,2,"88","V81",0
0.4,2,"88","V82",0
0.4,2,"88","V83",0
0.4,2,"88","V84",0.0455119267020189
0.4,2,"88","V85",0
0.4,2,"88","V86",0
0.4,2,"88","V87",0.00167292597489708
0.4,2,"88","V88",-1
0.4,2,"88","V89",0
0.4,2,"88","V90",0
0.4,2,"89","V1",0
0.4,2,"89","V2",0
0.4,2,"89","V3",0
0.4,2,"89","V4",0
0.4,2,"89","V5",0
0.4,2,"89","V6",0
0.4,2,"89","V7",0
0.4,2,"89","V8",0
0.4,2,"89","V9",0
0.4,2,"89","V10",0
0.4,2,"89","V11",0
0.4,2,"89","V12",0
0.4,2,"89","V13",0
0.4,2,"89","V14",0
0.4,2,"89","V15",0
0.4,2,"89","V16",0
0.4,2,"89","V17",0
0.4,2,"89","V18",0
0.4,2,"89","V19",0
0.4,2,"89","V20",0
0.4,2,"89","V21",0
0.4,2,"89","V22",0
0.4,2,"89","V23",0
0.4,2,"89","V24",0
0.4,2,"89","V25",0
0.4,2,"89","V26",0
0.4,2,"89","V27",0
0.4,2,"89","V28",0
0.4,2,"89","V29",0
0.4,2,"89","V30",0
0.4,2,"89","V31",0
0.4,2,"89","V32",0
0.4,2,"89","V33",0
0.4,2,"89","V34",0
0.4,2,"89","V35",0.182656928930107
0.4,2,"89","V36",0
0.4,2,"89","V37",0
0.4,2,"89","V38",0
0.4,2,"89","V39",0
0.4,2,"89","V40",0
0.4,2,"89","V41",0
0.4,2,"89","V42",0
0.4,2,"89","V43",0
0.4,2,"89","V44",0
0.4,2,"89","V45",0
0.4,2,"89","V46",0
0.4,2,"89","V47",0
0.4,2,"89","V48",0
0.4,2,"89","V49",0
0.4,2,"89","V50",0
0.4,2,"89","V51",0
0.4,2,"89","V52",0
0.4,2,"89","V53",0
0.4,2,"89","V54",0
0.4,2,"89","V55",0
0.4,2,"89","V56",0
0.4,2,"89","V57",0
0.4,2,"89","V58",8.79373439114707e-05
0.4,2,"89","V59",0
0.4,2,"89","V60",0
0.4,2,"89","V61",0
0.4,2,"89","V62",0
0.4,2,"89","V63",0
0.4,2,"89","V64",0
0.4,2,"89","V65",0
0.4,2,"89","V66",0
0.4,2,"89","V67",0
0.4,2,"89","V68",0
0.4,2,"89","V69",0
0.4,2,"89","V70",0
0.4,2,"89","V71",0
0.4,2,"89","V72",0
0.4,2,"89","V73",0
0.4,2,"89","V74",0
0.4,2,"89","V75",0
0.4,2,"89","V76",0
0.4,2,"89","V77",0
0.4,2,"89","V78",0
0.4,2,"89","V79",0
0.4,2,"89","V80",0
0.4,2,"89","V81",0
0.4,2,"89","V82",0
0.4,2,"89","V83",0
0.4,2,"89","V84",0.0125635371786453
0.4,2,"89","V85",0
0.4,2,"89","V86",0
0.4,2,"89","V87",0
0.4,2,"89","V88",0.0340200156575034
0.4,2,"89","V89",-1
0.4,2,"89","V90",0
0.4,2,"90","V1",0
0.4,2,"90","V2",0
0.4,2,"90","V3",0
0.4,2,"90","V4",0
0.4,2,"90","V5",0
0.4,2,"90","V6",0
0.4,2,"90","V7",0
0.4,2,"90","V8",0
0.4,2,"90","V9",0
0.4,2,"90","V10",0
0.4,2,"90","V11",0
0.4,2,"90","V12",0
0.4,2,"90","V13",0
0.4,2,"90","V14",0
0.4,2,"90","V15",0
0.4,2,"90","V16",0
0.4,2,"90","V17",0
0.4,2,"90","V18",0
0.4,2,"90","V19",0
0.4,2,"90","V20",0
0.4,2,"90","V21",0
0.4,2,"90","V22",0
0.4,2,"90","V23",0
0.4,2,"90","V24",0
0.4,2,"90","V25",0
0.4,2,"90","V26",0
0.4,2,"90","V27",0
0.4,2,"90","V28",0
0.4,2,"90","V29",0
0.4,2,"90","V30",0
0.4,2,"90","V31",0
0.4,2,"90","V32",0
0.4,2,"90","V33",0
0.4,2,"90","V34",0
0.4,2,"90","V35",0
0.4,2,"90","V36",0
0.4,2,"90","V37",0
0.4,2,"90","V38",0
0.4,2,"90","V39",0
0.4,2,"90","V40",0
0.4,2,"90","V41",0
0.4,2,"90","V42",0
0.4,2,"90","V43",0
0.4,2,"90","V44",0
0.4,2,"90","V45",0
0.4,2,"90","V46",0
0.4,2,"90","V47",0
0.4,2,"90","V48",0
0.4,2,"90","V49",0
0.4,2,"90","V50",0
0.4,2,"90","V51",0
0.4,2,"90","V52",0
0.4,2,"90","V53",0
0.4,2,"90","V54",0
0.4,2,"90","V55",0
0.4,2,"90","V56",0
0.4,2,"90","V57",0
0.4,2,"90","V58",0
0.4,2,"90","V59",0
0.4,2,"90","V60",0
0.4,2,"90","V61",0
0.4,2,"90","V62",0
0.4,2,"90","V63",0
0.4,2,"90","V64",0
0.4,2,"90","V65",0
0.4,2,"90","V66",0
0.4,2,"90","V67",0
0.4,2,"90","V68",0
0.4,2,"90","V69",0
0.4,2,"90","V70",0
0.4,2,"90","V71",0
0.4,2,"90","V72",0
0.4,2,"90","V73",0
0.4,2,"90","V74",0
0.4,2,"90","V75",0
0.4,2,"90","V76",0
0.4,2,"90","V77",0
0.4,2,"90","V78",0
0.4,2,"90","V79",0
0.4,2,"90","V80",0
0.4,2,"90","V81",0
0.4,2,"90","V82",0
0.4,2,"90","V83",0
0.4,2,"90","V84",0
0.4,2,"90","V85",0
0.4,2,"90","V86",0
0.4,2,"90","V87",0
0.4,2,"90","V88",0
0.4,2,"90","V89",0
0.4,2,"90","V90",-1
